format,file_path,symbol_name,symbol_type,current_location,classification,inferred_domain,inferred_qname,source_fact_ref,public_api_impact,tests_existing,tests_needed,migration_status,reviewer_verdict,notes
abw,src/python/abw/__init__.py,,,src/python/abw/__init__.py,codec_io,,,,low,unknown,no,not_needed,ACCEPTED_VERIFIED,
abw,src/python/abw/abw_analytics.py,abw_sentence_count,function,src/python/abw/abw_analytics.py,utility_private,,,,medium,partial,verify,not_started,ACCEPTED_VERIFIED,
abw,src/python/abw/abw_analytics.py,abw_longest_word,function,src/python/abw/abw_analytics.py,utility_private,,,,medium,partial,verify,not_started,ACCEPTED_VERIFIED,
abw,src/python/abw/abw_analytics.py,abw_total_char_count,function,src/python/abw/abw_analytics.py,utility_private,,,,medium,partial,verify,not_started,ACCEPTED_VERIFIED,
abw,src/python/abw/abw_analytics.py,abw_nonempty_paragraph_count,function,src/python/abw/abw_analytics.py,utility_private,,,,medium,partial,verify,not_started,ACCEPTED_VERIFIED,
abw,src/python/abw/abw_analytics.py,abw_word_count,function,src/python/abw/abw_analytics.py,utility_private,,,,medium,partial,verify,not_started,ACCEPTED_VERIFIED,
abw,src/python/abw/abw_analytics.py,abw_empty_paragraph_count,function,src/python/abw/abw_analytics.py,utility_private,,,,medium,partial,verify,not_started,ACCEPTED_VERIFIED,
abw,src/python/abw/abw_analytics.py,abw_average_word_length,function,src/python/abw/abw_analytics.py,utility_private,,,,medium,partial,verify,not_started,ACCEPTED_VERIFIED,
abw,src/python/abw/abw_analytics.py,abw_max_paragraph_length,function,src/python/abw/abw_analytics.py,utility_private,,,,medium,partial,verify,not_started,ACCEPTED_VERIFIED,
abw,src/python/abw/abw_analytics.py,abw_unique_word_count,function,src/python/abw/abw_analytics.py,utility_private,,,,medium,partial,verify,not_started,ACCEPTED_VERIFIED,
abw,src/python/abw/abw_analytics.py,get_paragraphs,function,src/python/abw/abw_analytics.py,utility_private,,,,medium,partial,verify,not_started,ACCEPTED_VERIFIED,
abw,src/python/abw/abw_analytics.py,abw_paragraph_count,function,src/python/abw/abw_analytics.py,utility_private,,,,medium,partial,verify,not_started,ACCEPTED_VERIFIED,
abw,src/python/abw/abw_analytics.py,abw_shortest_word,function,src/python/abw/abw_analytics.py,utility_private,,,,medium,partial,verify,not_started,ACCEPTED_VERIFIED,
abw,src/python/abw/abw_analytics.py,abw_has_sections,function,src/python/abw/abw_analytics.py,utility_private,,,,medium,partial,verify,not_started,ACCEPTED_VERIFIED,
abw,src/python/abw/abw_analytics.py,abw_has_metadata,function,src/python/abw/abw_analytics.py,utility_private,,,,medium,partial,verify,not_started,ACCEPTED_VERIFIED,
abw,src/python/abw/abw_analytics.py,abw_total_word_count,function,src/python/abw/abw_analytics.py,utility_private,,,,medium,partial,verify,not_started,ACCEPTED_VERIFIED,
abw,src/python/abw/abw_analytics.py,abw_char_count,function,src/python/abw/abw_analytics.py,utility_private,,,,medium,partial,verify,not_started,ACCEPTED_VERIFIED,
abw,src/python/abw/abw_analytics.py,abw_min_paragraph_length,function,src/python/abw/abw_analytics.py,utility_private,,,,medium,partial,verify,not_started,ACCEPTED_VERIFIED,
abw,src/python/abw/abw_analytics.py,abw_has_content,function,src/python/abw/abw_analytics.py,utility_private,,,,medium,partial,verify,not_started,ACCEPTED_VERIFIED,
abw,src/python/abw/abw_analytics.py,abw_heading_count,function,src/python/abw/abw_analytics.py,utility_private,,,,medium,partial,verify,not_started,ACCEPTED_VERIFIED,
abw,src/python/abw/abw_analytics.py,abw_vocabulary_richness,function,src/python/abw/abw_analytics.py,utility_private,,,,medium,partial,verify,not_started,ACCEPTED_VERIFIED,
abw,src/python/abw/abw_analytics.py,abw_average_paragraph_length,function,src/python/abw/abw_analytics.py,utility_private,,,,medium,partial,verify,not_started,ACCEPTED_VERIFIED,
abw,src/python/abw/abw_analytics.py,abw_is_empty,function,src/python/abw/abw_analytics.py,utility_private,,,,medium,partial,verify,not_started,ACCEPTED_VERIFIED,
abw,src/python/abw/abw_analytics.py,abw_sentence_density,function,src/python/abw/abw_analytics.py,utility_private,,,,medium,partial,verify,not_started,ACCEPTED_VERIFIED,
abw,src/python/abw/abw_analytics.py,abw_has_unicode,function,src/python/abw/abw_analytics.py,utility_private,,,,medium,partial,verify,not_started,ACCEPTED_VERIFIED,
abw,src/python/abw/abw_analytics.py,abw_is_single_paragraph,function,src/python/abw/abw_analytics.py,utility_private,,,,medium,partial,verify,not_started,ACCEPTED_VERIFIED,
abw,src/python/abw/abw_analytics.py,abw_avg_words_per_paragraph,function,src/python/abw/abw_analytics.py,utility_private,,,,medium,partial,verify,not_started,ACCEPTED_VERIFIED,
abw,src/python/abw/abw_analytics.py,abw_char_density,function,src/python/abw/abw_analytics.py,utility_private,,,,medium,partial,verify,not_started,ACCEPTED_VERIFIED,
abw,src/python/abw/abw_analytics.py,abw_longest_paragraph_length,function,src/python/abw/abw_analytics.py,utility_private,,,,medium,partial,verify,not_started,ACCEPTED_VERIFIED,
abw,src/python/abw/abw_analytics.py,abw_words_per_sentence,function,src/python/abw/abw_analytics.py,utility_private,,,,medium,partial,verify,not_started,ACCEPTED_VERIFIED,
abw,src/python/abw/abw_analytics.py,abw_paragraph_length_variance,function,src/python/abw/abw_analytics.py,utility_private,,,,medium,partial,verify,not_started,ACCEPTED_VERIFIED,
abw,src/python/abw/abw_analytics.py,abw_is_multi_paragraph,function,src/python/abw/abw_analytics.py,utility_private,,,,medium,partial,verify,not_started,ACCEPTED_VERIFIED,
abw,src/python/abw/abw_analytics.py,abw_heading_density,function,src/python/abw/abw_analytics.py,utility_private,,,,medium,partial,verify,not_started,ACCEPTED_VERIFIED,
abw,src/python/abw/abw_analytics.py,abw_is_content_rich,function,src/python/abw/abw_analytics.py,utility_private,,,,medium,partial,verify,not_started,ACCEPTED_VERIFIED,
abw,src/python/abw/abw_analytics.py,abw_avg_chars_per_word,function,src/python/abw/abw_analytics.py,utility_private,,,,medium,partial,verify,not_started,ACCEPTED_VERIFIED,
abw,src/python/abw/abw_analytics.py,abw_whitespace_ratio,function,src/python/abw/abw_analytics.py,utility_private,,,,medium,partial,verify,not_started,ACCEPTED_VERIFIED,
abw,src/python/abw/abw_analytics.py,abw_avg_sentence_length,function,src/python/abw/abw_analytics.py,utility_private,,,,medium,partial,verify,not_started,ACCEPTED_VERIFIED,
abw,src/python/abw/abw_analytics.py,abw_punctuation_count,function,src/python/abw/abw_analytics.py,utility_private,,,,medium,partial,verify,not_started,ACCEPTED_VERIFIED,
abw,src/python/abw/abw_analytics.py,abw_median_paragraph_length,function,src/python/abw/abw_analytics.py,utility_private,,,,medium,partial,verify,not_started,ACCEPTED_VERIFIED,
abw,src/python/abw/abw_analytics.py,abw_longest_paragraph_words,function,src/python/abw/abw_analytics.py,utility_private,,,,medium,partial,verify,not_started,ACCEPTED_VERIFIED,
abw,src/python/abw/abw_analytics.py,abw_distinct_word_ratio,function,src/python/abw/abw_analytics.py,utility_private,,,,medium,partial,verify,not_started,ACCEPTED_VERIFIED,
abw,src/python/abw/abw_analytics.py,abw_total_text_length,function,src/python/abw/abw_analytics.py,utility_private,,,,medium,partial,verify,not_started,ACCEPTED_VERIFIED,
abw,src/python/abw/abw_analytics.py,abw_nonempty_paragraph_ratio,function,src/python/abw/abw_analytics.py,utility_private,,,,medium,partial,verify,not_started,ACCEPTED_VERIFIED,
abw,src/python/abw/abw_analytics.py,abw_has_numeric_content,function,src/python/abw/abw_analytics.py,utility_private,,,,medium,partial,verify,not_started,ACCEPTED_VERIFIED,
abw,src/python/abw/abw_analytics.py,abw_longest_paragraph_index,function,src/python/abw/abw_analytics.py,utility_private,,,,medium,partial,verify,not_started,ACCEPTED_VERIFIED,
abw,src/python/abw/abw_analytics.py,abw_unique_char_count,function,src/python/abw/abw_analytics.py,utility_private,,,,medium,partial,verify,not_started,ACCEPTED_VERIFIED,
abw,src/python/abw/abw_analytics.py,abw_nonspace_char_count,function,src/python/abw/abw_analytics.py,utility_private,,,,medium,partial,verify,not_started,ACCEPTED_VERIFIED,
abw,src/python/abw/abw_analytics.py,abw_line_count,function,src/python/abw/abw_analytics.py,utility_private,,,,medium,partial,verify,not_started,ACCEPTED_VERIFIED,
abw,src/python/abw/abw_analytics.py,abw_uppercase_ratio,function,src/python/abw/abw_analytics.py,utility_private,,,,medium,partial,verify,not_started,ACCEPTED_VERIFIED,
abw,src/python/abw/abw_analytics.py,abw_section_count,function,src/python/abw/abw_analytics.py,utility_private,,,,medium,partial,verify,not_started,ACCEPTED_VERIFIED,
abw,src/python/abw/abw_analytics.py,abw_has_headings,function,src/python/abw/abw_analytics.py,utility_private,,,,medium,partial,verify,not_started,ACCEPTED_VERIFIED,
abw,src/python/abw/abw_analytics.py,_all_text,function,src/python/abw/abw_analytics.py,utility_private,,,,low,partial,verify,not_started,ACCEPTED_VERIFIED,
abw,src/python/abw/abw_analytics.py,_all_words,function,src/python/abw/abw_analytics.py,utility_private,,,,low,partial,verify,not_started,ACCEPTED_VERIFIED,
abw,src/python/abw/abw_analytics.py,abw_digit_count,function,src/python/abw/abw_analytics.py,utility_private,,,,medium,partial,verify,not_started,ACCEPTED_VERIFIED,
abw,src/python/abw/abw_analytics.py,abw_alpha_char_count,function,src/python/abw/abw_analytics.py,utility_private,,,,medium,partial,verify,not_started,ACCEPTED_VERIFIED,
abw,src/python/abw/abw_analytics.py,abw_alpha_ratio,function,src/python/abw/abw_analytics.py,utility_private,,,,medium,partial,verify,not_started,ACCEPTED_VERIFIED,
abw,src/python/abw/abw_analytics.py,abw_avg_paragraph_length,function,src/python/abw/abw_analytics.py,utility_private,,,,medium,partial,verify,not_started,ACCEPTED_VERIFIED,
abw,src/python/abw/abw_analytics.py,abw_avg_paragraph_words,function,src/python/abw/abw_analytics.py,utility_private,,,,medium,partial,verify,not_started,ACCEPTED_VERIFIED,
abw,src/python/abw/abw_analytics.py,abw_char_per_paragraph,function,src/python/abw/abw_analytics.py,utility_private,,,,medium,partial,verify,not_started,ACCEPTED_VERIFIED,
abw,src/python/abw/abw_analytics.py,abw_chars_per_word,function,src/python/abw/abw_analytics.py,utility_private,,,,medium,partial,verify,not_started,ACCEPTED_VERIFIED,
abw,src/python/abw/abw_analytics.py,abw_consonant_to_vowel_ratio,function,src/python/abw/abw_analytics.py,utility_private,,,,medium,partial,verify,not_started,ACCEPTED_VERIFIED,
abw,src/python/abw/abw_analytics.py,abw_empty_paragraph_ratio,function,src/python/abw/abw_analytics.py,utility_private,,,,medium,partial,verify,not_started,ACCEPTED_VERIFIED,
abw,src/python/abw/abw_analytics.py,abw_file_size_bytes,function,src/python/abw/abw_analytics.py,utility_private,,,,medium,partial,verify,not_started,ACCEPTED_VERIFIED,
abw,src/python/abw/abw_analytics.py,abw_has_multiple_paragraphs,function,src/python/abw/abw_analytics.py,utility_private,,,,medium,partial,verify,not_started,ACCEPTED_VERIFIED,
abw,src/python/abw/abw_analytics.py,abw_has_punctuation,function,src/python/abw/abw_analytics.py,utility_private,,,,medium,partial,verify,not_started,ACCEPTED_VERIFIED,
abw,src/python/abw/abw_analytics.py,abw_has_single_paragraph,function,src/python/abw/abw_analytics.py,utility_private,,,,medium,partial,verify,not_started,ACCEPTED_VERIFIED,
abw,src/python/abw/abw_analytics.py,abw_letter_ratio,function,src/python/abw/abw_analytics.py,utility_private,,,,medium,partial,verify,not_started,ACCEPTED_VERIFIED,
abw,src/python/abw/abw_analytics.py,abw_longest_paragraph_chars,function,src/python/abw/abw_analytics.py,utility_private,,,,medium,partial,verify,not_started,ACCEPTED_VERIFIED,
abw,src/python/abw/abw_analytics.py,abw_max_paragraph_word_count,function,src/python/abw/abw_analytics.py,utility_private,,,,medium,partial,verify,not_started,ACCEPTED_VERIFIED,
abw,src/python/abw/abw_analytics.py,abw_shortest_paragraph_chars,function,src/python/abw/abw_analytics.py,utility_private,,,,medium,partial,verify,not_started,ACCEPTED_VERIFIED,
abw,src/python/abw/abw_analytics.py,abw_vowel_count,function,src/python/abw/abw_analytics.py,utility_private,,,,medium,partial,verify,not_started,ACCEPTED_VERIFIED,
abw,src/python/abw/abw_analytics.py,abw_vowel_ratio,function,src/python/abw/abw_analytics.py,utility_private,,,,medium,partial,verify,not_started,ACCEPTED_VERIFIED,
abw,src/python/abw/abw_analytics.py,abw_word_length_variance,function,src/python/abw/abw_analytics.py,utility_private,,,,medium,partial,verify,not_started,ACCEPTED_VERIFIED,
abw,src/python/abw/abw_analytics.py,abw_words_per_char,function,src/python/abw/abw_analytics.py,utility_private,,,,medium,partial,verify,not_started,ACCEPTED_VERIFIED,
abw,src/python/abw/abw_analytics.py,abw_all_words_unique,function,src/python/abw/abw_analytics.py,utility_private,,,,medium,partial,verify,not_started,ACCEPTED_VERIFIED,
abw,src/python/abw/abw_analytics.py,abw_avg_word_length_per_para,function,src/python/abw/abw_analytics.py,utility_private,,,,medium,partial,verify,not_started,ACCEPTED_VERIFIED,
abw,src/python/abw/abw_analytics.py,abw_avg_word_per_paragraph,function,src/python/abw/abw_analytics.py,utility_private,,,,medium,partial,verify,not_started,ACCEPTED_VERIFIED,
abw,src/python/abw/abw_analytics.py,abw_capital_word_count,function,src/python/abw/abw_analytics.py,utility_private,,,,medium,partial,verify,not_started,ACCEPTED_VERIFIED,
abw,src/python/abw/abw_analytics.py,abw_consonant_ratio,function,src/python/abw/abw_analytics.py,utility_private,,,,medium,partial,verify,not_started,ACCEPTED_VERIFIED,
abw,src/python/abw/abw_analytics.py,abw_digit_ratio,function,src/python/abw/abw_analytics.py,utility_private,,,,medium,partial,verify,not_started,ACCEPTED_VERIFIED,
abw,src/python/abw/abw_analytics.py,abw_has_multi_para,function,src/python/abw/abw_analytics.py,utility_private,,,,medium,partial,verify,not_started,ACCEPTED_VERIFIED,
abw,src/python/abw/abw_analytics.py,abw_is_empty_document,function,src/python/abw/abw_analytics.py,utility_private,,,,medium,partial,verify,not_started,ACCEPTED_VERIFIED,
abw,src/python/abw/abw_analytics.py,abw_lowercase_ratio,function,src/python/abw/abw_analytics.py,utility_private,,,,medium,partial,verify,not_started,ACCEPTED_VERIFIED,
abw,src/python/abw/abw_analytics.py,abw_max_paragraph_words,function,src/python/abw/abw_analytics.py,utility_private,,,,medium,partial,verify,not_started,ACCEPTED_VERIFIED,
abw,src/python/abw/abw_analytics.py,abw_max_word_count_para,function,src/python/abw/abw_analytics.py,utility_private,,,,medium,partial,verify,not_started,ACCEPTED_VERIFIED,
abw,src/python/abw/abw_analytics.py,abw_short_paragraph_count,function,src/python/abw/abw_analytics.py,utility_private,,,,medium,partial,verify,not_started,ACCEPTED_VERIFIED,
abw,src/python/abw/abw_analytics.py,abw_short_word_count,function,src/python/abw/abw_analytics.py,utility_private,,,,medium,partial,verify,not_started,ACCEPTED_VERIFIED,
abw,src/python/abw/abw_analytics.py,abw_space_count,function,src/python/abw/abw_analytics.py,utility_private,,,,medium,partial,verify,not_started,ACCEPTED_VERIFIED,
abw,src/python/abw/abw_analytics.py,abw_total_word_length,function,src/python/abw/abw_analytics.py,utility_private,,,,medium,partial,verify,not_started,ACCEPTED_VERIFIED,
abw,src/python/abw/abw_analytics.py,abw_unique_words_per_paragraph,function,src/python/abw/abw_analytics.py,utility_private,,,,medium,partial,verify,not_started,ACCEPTED_VERIFIED,
abw,src/python/abw/abw_analytics.py,abw_min_word_count_para,function,src/python/abw/abw_analytics.py,utility_private,,,,medium,partial,verify,not_started,ACCEPTED_VERIFIED,
abw,src/python/abw/abw_analytics.py,abw_numeric_char_count,function,src/python/abw/abw_analytics.py,utility_private,,,,medium,partial,verify,not_started,ACCEPTED_VERIFIED,
abw,src/python/abw/abw_analytics.py,abw_para_char_variance,function,src/python/abw/abw_analytics.py,utility_private,,,,medium,partial,verify,not_started,ACCEPTED_VERIFIED,
abw,src/python/abw/abw_analytics.py,abw_text_density,function,src/python/abw/abw_analytics.py,utility_private,,,,medium,partial,verify,not_started,ACCEPTED_VERIFIED,
abw,src/python/abw/abw_analytics.py,abw_total_para_char_count,function,src/python/abw/abw_analytics.py,utility_private,,,,medium,partial,verify,not_started,ACCEPTED_VERIFIED,
abw,src/python/abw/abw_analytics.py,abw_uppercase_count,function,src/python/abw/abw_analytics.py,utility_private,,,,medium,partial,verify,not_started,ACCEPTED_VERIFIED,
abw,src/python/abw/abw_analytics.py,abw_digit_char_count,function,src/python/abw/abw_analytics.py,utility_private,,,,medium,partial,verify,not_started,ACCEPTED_VERIFIED,
abw,src/python/abw/abw_analytics.py,abw_nonempty_para_ratio,function,src/python/abw/abw_analytics.py,utility_private,,,,medium,partial,verify,not_started,ACCEPTED_VERIFIED,
abw,src/python/abw/abw_analytics.py,abw_numeric_word_count,function,src/python/abw/abw_analytics.py,utility_private,,,,medium,partial,verify,not_started,ACCEPTED_VERIFIED,
abw,src/python/abw/abw_codec.py,AbwError,class,src/python/abw/abw_codec.py,codec_io,,,,high,partial,verify,not_started,ACCEPTED_VERIFIED,
abw,src/python/abw/abw_codec.py,AbwParseError,class,src/python/abw/abw_codec.py,codec_io,,,,high,partial,verify,not_started,ACCEPTED_VERIFIED,
abw,src/python/abw/abw_codec.py,load,function,src/python/abw/abw_codec.py,codec_io,,,,medium,partial,verify,not_started,ACCEPTED_VERIFIED,
abw,src/python/abw/abw_codec.py,get_section_count,function,src/python/abw/abw_codec.py,codec_io,,,,medium,partial,verify,not_started,ACCEPTED_VERIFIED,
abw,src/python/abw/abw_codec.py,get_paragraph_count,function,src/python/abw/abw_codec.py,codec_io,,,,medium,partial,verify,not_started,ACCEPTED_VERIFIED,
abw,src/python/abw/abw_codec.py,extract_text,function,src/python/abw/abw_codec.py,codec_io,,,,medium,partial,verify,not_started,ACCEPTED_VERIFIED,
abw,src/python/abw/abw_codec.py,create_abw,function,src/python/abw/abw_codec.py,codec_io,,,,medium,partial,verify,not_started,ACCEPTED_VERIFIED,
abw,src/python/abw/abw_codec.py,write_abw,function,src/python/abw/abw_codec.py,codec_io,,,,medium,partial,verify,not_started,ACCEPTED_VERIFIED,
abw,src/python/abw/abw_codec.py,export_to_txt,function,src/python/abw/abw_codec.py,codec_io,,,,medium,partial,verify,not_started,ACCEPTED_VERIFIED,
abw,src/python/abw/abw_codec.py,export_to_html,function,src/python/abw/abw_codec.py,codec_io,,,,medium,partial,verify,not_started,ACCEPTED_VERIFIED,
abw,src/python/abw/abw_codec.py,get_metadata,function,src/python/abw/abw_codec.py,codec_io,,,,medium,partial,verify,not_started,ACCEPTED_VERIFIED,
abw,src/python/abw/abw_codec.py,probe_abw,function,src/python/abw/abw_codec.py,codec_io,,,,medium,partial,verify,not_started,ACCEPTED_VERIFIED,
abw,src/python/abw/abw_codec.py,_read_source,function,src/python/abw/abw_codec.py,codec_io,,,,low,partial,verify,not_started,ACCEPTED_VERIFIED,
abw,src/python/abw/abw_codec.py,_check_size,function,src/python/abw/abw_codec.py,codec_io,,,,low,partial,verify,not_started,ACCEPTED_VERIFIED,
abw,src/python/abw/abw_codec.py,_strip_doctype,function,src/python/abw/abw_codec.py,codec_io,,,,low,partial,verify,not_started,ACCEPTED_VERIFIED,
abw,src/python/abw/abw_codec.py,_parse_xml,function,src/python/abw/abw_codec.py,codec_io,,,,low,partial,verify,not_started,ACCEPTED_VERIFIED,
abw,src/python/abw/abw_codec.py,_build_model,function,src/python/abw/abw_codec.py,codec_io,,,,low,partial,verify,not_started,ACCEPTED_VERIFIED,
abw,src/python/abw/abw_codec.py,search_paragraph,function,src/python/abw/abw_codec.py,codec_io,,,,medium,partial,verify,not_started,ACCEPTED_VERIFIED,
abw,src/python/abw/abw_codec.py,get_word_count,function,src/python/abw/abw_codec.py,codec_io,,,,medium,partial,verify,not_started,ACCEPTED_VERIFIED,
abw,src/python/abw/abw_codec.py,search_replace_paragraph,function,src/python/abw/abw_codec.py,codec_io,,,,medium,partial,verify,not_started,ACCEPTED_VERIFIED,
abw,src/python/abw/abw_codec.py,get_paragraph,function,src/python/abw/abw_codec.py,codec_io,,,,medium,partial,verify,not_started,ACCEPTED_VERIFIED,
abw,src/python/abw/abw_codec.py,export_to_json,function,src/python/abw/abw_codec.py,codec_io,,,,medium,partial,verify,not_started,ACCEPTED_VERIFIED,
abw,src/python/abw/abw_codec.py,edit_paragraph,function,src/python/abw/abw_codec.py,codec_io,,,,medium,partial,verify,not_started,ACCEPTED_VERIFIED,
abw,src/python/abw/abw_codec.py,export_to_csv,function,src/python/abw/abw_codec.py,codec_io,,,,medium,partial,verify,not_started,ACCEPTED_VERIFIED,
abw,src/python/abw/abw_codec.py,merge_abw,function,src/python/abw/abw_codec.py,codec_io,,,,medium,partial,verify,not_started,ACCEPTED_VERIFIED,
abw,src/python/abw/abw_codec.py,word_frequency,function,src/python/abw/abw_codec.py,codec_io,,,,medium,partial,verify,not_started,ACCEPTED_VERIFIED,
abw,src/python/abw/abw_codec.py,truncate_paragraphs,function,src/python/abw/abw_codec.py,codec_io,,,,medium,partial,verify,not_started,ACCEPTED_VERIFIED,
abw,src/python/abw/abw_codec.py,get_unique_words,function,src/python/abw/abw_codec.py,codec_io,,,,medium,partial,verify,not_started,ACCEPTED_VERIFIED,
abw,src/python/abw/abw_codec.py,append_paragraph,function,src/python/abw/abw_codec.py,codec_io,,,,medium,partial,verify,not_started,ACCEPTED_VERIFIED,
abw,src/python/abw/abw_codec.py,split_paragraphs,function,src/python/abw/abw_codec.py,codec_io,,,,medium,partial,verify,not_started,ACCEPTED_VERIFIED,
abw,src/python/abw/abw_codec.py,get_char_count,function,src/python/abw/abw_codec.py,codec_io,,,,medium,partial,verify,not_started,ACCEPTED_VERIFIED,
abw,src/python/abw/abw_codec.py,join_paragraphs,function,src/python/abw/abw_codec.py,codec_io,,,,medium,partial,verify,not_started,ACCEPTED_VERIFIED,
abw,src/python/abw/abw_codec.py,replace_in_paragraphs,function,src/python/abw/abw_codec.py,codec_io,,,,medium,partial,verify,not_started,ACCEPTED_VERIFIED,
abw,src/python/abw/abw_codec.py,export_to_markdown,function,src/python/abw/abw_codec.py,codec_io,,,,medium,partial,verify,not_started,ACCEPTED_VERIFIED,
abw,src/python/abw/abw_codec.py,get_paragraph_at,function,src/python/abw/abw_codec.py,codec_io,,,,medium,partial,verify,not_started,ACCEPTED_VERIFIED,
abw,src/python/abw/abw_codec.py,paragraph_lengths,function,src/python/abw/abw_codec.py,codec_io,,,,medium,partial,verify,not_started,ACCEPTED_VERIFIED,
abw,src/python/abw/abw_codec.py,reverse_paragraphs,function,src/python/abw/abw_codec.py,codec_io,,,,medium,partial,verify,not_started,ACCEPTED_VERIFIED,
abw,src/python/abw/abw_codec.py,word_wrap,function,src/python/abw/abw_codec.py,codec_io,,,,medium,partial,verify,not_started,ACCEPTED_VERIFIED,
abw,src/python/abw/abw_codec.py,has_paragraph,function,src/python/abw/abw_codec.py,codec_io,,,,medium,partial,verify,not_started,ACCEPTED_VERIFIED,
abw,src/python/abw/abw_codec.py,first_paragraph,function,src/python/abw/abw_codec.py,codec_io,,,,medium,partial,verify,not_started,ACCEPTED_VERIFIED,
abw,src/python/abw/abw_codec.py,last_paragraph,function,src/python/abw/abw_codec.py,codec_io,,,,medium,partial,verify,not_started,ACCEPTED_VERIFIED,
abw,src/python/abw/abw_codec.py,count_words,function,src/python/abw/abw_codec.py,codec_io,,,,medium,partial,verify,not_started,ACCEPTED_VERIFIED,
abw,src/python/abw/abw_codec.py,paragraph_at,function,src/python/abw/abw_codec.py,codec_io,,,,medium,partial,verify,not_started,ACCEPTED_VERIFIED,
abw,src/python/abw/abw_codec.py,text_stats,function,src/python/abw/abw_codec.py,codec_io,,,,medium,partial,verify,not_started,ACCEPTED_VERIFIED,
abw,src/python/abw/abw_codec.py,export_to_plain_text,function,src/python/abw/abw_codec.py,codec_io,,,,medium,partial,verify,not_started,ACCEPTED_VERIFIED,
abw,src/python/abw/abw_codec.py,search_text,function,src/python/abw/abw_codec.py,codec_io,,,,medium,partial,verify,not_started,ACCEPTED_VERIFIED,
abw,src/python/abw/abw_codec.py,get_words,function,src/python/abw/abw_codec.py,codec_io,,,,medium,partial,verify,not_started,ACCEPTED_VERIFIED,
abw,src/python/abw/abw_codec.py,longest_paragraph,function,src/python/abw/abw_codec.py,codec_io,,,,medium,partial,verify,not_started,ACCEPTED_VERIFIED,
abw,src/python/abw/abw_codec.py,is_empty,function,src/python/abw/abw_codec.py,codec_io,,,,medium,partial,verify,not_started,ACCEPTED_VERIFIED,
abw,src/python/abw/abw_codec.py,average_paragraph_length,function,src/python/abw/abw_codec.py,codec_io,,,,medium,partial,verify,not_started,ACCEPTED_VERIFIED,
abw,src/python/abw/abw_codec.py,shortest_paragraph,function,src/python/abw/abw_codec.py,codec_io,,,,medium,partial,verify,not_started,ACCEPTED_VERIFIED,
abw,src/python/abw/abw_codec.py,contains_text,function,src/python/abw/abw_codec.py,codec_io,,,,medium,partial,verify,not_started,ACCEPTED_VERIFIED,
abw,src/python/abw/abw_codec.py,count_paragraphs_matching,function,src/python/abw/abw_codec.py,codec_io,,,,medium,partial,verify,not_started,ACCEPTED_VERIFIED,
abw,src/python/abw/Compat/__init__.py,,,src/python/abw/Compat/__init__.py,facade_behavior,,,,low,unknown,no,not_needed,ACCEPTED_VERIFIED,
abw,src/python/abw/Compat/abw_document.py,AbwDocument,class,src/python/abw/Compat/abw_document.py,facade_behavior,,,,high,yes,no,complete,ACCEPTED_VERIFIED,
abw,src/python/abw/Compat/abw_paragraph.py,AbwParagraph,class,src/python/abw/Compat/abw_paragraph.py,facade_behavior,,,,high,yes,no,complete,ACCEPTED_VERIFIED,
abw,src/python/abw/spec/__init__.py,,,src/python/abw/spec/__init__.py,spec_element_behavior,,,,low,unknown,no,complete,ACCEPTED_VERIFIED,TC-PH-012: spec class has behavioral methods (migrated 2026-06-22)
abw,src/python/abw/spec/document/__init__.py,,,src/python/abw/spec/document/__init__.py,spec_element_behavior,,,,low,unknown,no,complete,ACCEPTED_VERIFIED,TC-PH-012: spec class has behavioral methods (migrated 2026-06-22)
abw,src/python/abw/spec/document/char_run.py,CharRun,class,src/python/abw/spec/document/char_run.py,spec_element_behavior,,,,high,yes,no,complete,ACCEPTED_VERIFIED,
abw,src/python/abw/spec/document/document.py,Document,class,src/python/abw/spec/document/document.py,spec_element_behavior,,,,high,yes,no,complete,ACCEPTED_VERIFIED,
abw,src/python/abw/spec/document/field.py,Field,class,src/python/abw/spec/document/field.py,spec_element_behavior,,,,high,yes,no,complete,ACCEPTED_VERIFIED,
abw,src/python/abw/spec/document/paragraph.py,Paragraph,class,src/python/abw/spec/document/paragraph.py,spec_element_behavior,,,,high,yes,no,complete,ACCEPTED_VERIFIED,
abw,src/python/abw/spec/document/section.py,Section,class,src/python/abw/spec/document/section.py,spec_element_behavior,,,,high,yes,no,complete,ACCEPTED_VERIFIED,
csv,src/python/csv/__init__.py,,,src/python/csv/__init__.py,codec_io,,,,low,unknown,no,not_needed,ACCEPTED_VERIFIED,
csv,src/python/csv/Compat/__init__.py,,,src/python/csv/Compat/__init__.py,facade_behavior,,,,low,unknown,no,not_needed,ACCEPTED_VERIFIED,
csv,src/python/csv/Compat/csv_field.py,CsvField,class,src/python/csv/Compat/csv_field.py,facade_behavior,,,,high,yes,no,complete,ACCEPTED_VERIFIED,
csv,src/python/csv/Compat/csv_record.py,CsvRecord,class,src/python/csv/Compat/csv_record.py,facade_behavior,,,,high,yes,no,complete,ACCEPTED_VERIFIED,
csv,src/python/csv/csv_analytics.py,csv_to_dicts,function,src/python/csv/csv_analytics.py,utility_private,,,,medium,partial,verify,not_started,ACCEPTED_VERIFIED,
csv,src/python/csv/csv_analytics.py,csv_column_count,function,src/python/csv/csv_analytics.py,utility_private,,,,medium,partial,verify,not_started,ACCEPTED_VERIFIED,
csv,src/python/csv/csv_analytics.py,csv_has_header,function,src/python/csv/csv_analytics.py,utility_private,,,,medium,partial,verify,not_started,ACCEPTED_VERIFIED,
csv,src/python/csv/csv_analytics.py,csv_numeric_row_count,function,src/python/csv/csv_analytics.py,utility_private,,,,medium,partial,verify,not_started,ACCEPTED_VERIFIED,
csv,src/python/csv/csv_analytics.py,csv_total_cell_count,function,src/python/csv/csv_analytics.py,utility_private,,,,medium,partial,verify,not_started,ACCEPTED_VERIFIED,
csv,src/python/csv/csv_analytics.py,count_distinct_values,function,src/python/csv/csv_analytics.py,utility_private,,,,medium,partial,verify,not_started,ACCEPTED_VERIFIED,
csv,src/python/csv/csv_analytics.py,csv_duplicate_row_count,function,src/python/csv/csv_analytics.py,utility_private,,,,medium,partial,verify,not_started,ACCEPTED_VERIFIED,
csv,src/python/csv/csv_analytics.py,csv_empty_cell_count,function,src/python/csv/csv_analytics.py,utility_private,,,,medium,partial,verify,not_started,ACCEPTED_VERIFIED,
csv,src/python/csv/csv_analytics.py,csv_row_count,function,src/python/csv/csv_analytics.py,utility_private,,,,medium,partial,verify,not_started,ACCEPTED_VERIFIED,
csv,src/python/csv/csv_analytics.py,csv_average_field_length,function,src/python/csv/csv_analytics.py,utility_private,,,,medium,partial,verify,not_started,ACCEPTED_VERIFIED,
csv,src/python/csv/csv_analytics.py,csv_numeric_density,function,src/python/csv/csv_analytics.py,utility_private,,,,medium,partial,verify,not_started,ACCEPTED_VERIFIED,
csv,src/python/csv/csv_analytics.py,csv_unique_row_count,function,src/python/csv/csv_analytics.py,utility_private,,,,medium,partial,verify,not_started,ACCEPTED_VERIFIED,
csv,src/python/csv/csv_analytics.py,csv_min_field_length,function,src/python/csv/csv_analytics.py,utility_private,,,,medium,partial,verify,not_started,ACCEPTED_VERIFIED,
csv,src/python/csv/csv_analytics.py,csv_has_duplicates,function,src/python/csv/csv_analytics.py,utility_private,,,,medium,partial,verify,not_started,ACCEPTED_VERIFIED,
csv,src/python/csv/csv_analytics.py,csv_all_rows_same_length,function,src/python/csv/csv_analytics.py,utility_private,,,,medium,partial,verify,not_started,ACCEPTED_VERIFIED,
csv,src/python/csv/csv_analytics.py,csv_max_row_length,function,src/python/csv/csv_analytics.py,utility_private,,,,medium,partial,verify,not_started,ACCEPTED_VERIFIED,
csv,src/python/csv/csv_analytics.py,csv_field_type_ratio,function,src/python/csv/csv_analytics.py,utility_private,,,,medium,partial,verify,not_started,ACCEPTED_VERIFIED,
csv,src/python/csv/csv_analytics.py,csv_all_rows,function,src/python/csv/csv_analytics.py,utility_private,,,,medium,partial,verify,not_started,ACCEPTED_VERIFIED,
csv,src/python/csv/csv_analytics.py,csv_distinct_value_count,function,src/python/csv/csv_analytics.py,utility_private,,,,medium,partial,verify,not_started,ACCEPTED_VERIFIED,
csv,src/python/csv/csv_analytics.py,csv_empty_cell_ratio,function,src/python/csv/csv_analytics.py,utility_private,,,,medium,partial,verify,not_started,ACCEPTED_VERIFIED,
csv,src/python/csv/csv_analytics.py,csv_total_cell_count,function,src/python/csv/csv_analytics.py,utility_private,,,,medium,partial,verify,not_started,ACCEPTED_VERIFIED,
csv,src/python/csv/csv_analytics.py,csv_min_row_length,function,src/python/csv/csv_analytics.py,utility_private,,,,medium,partial,verify,not_started,ACCEPTED_VERIFIED,
csv,src/python/csv/csv_analytics.py,csv_max_numeric_value,function,src/python/csv/csv_analytics.py,utility_private,,,,medium,partial,verify,not_started,ACCEPTED_VERIFIED,
csv,src/python/csv/csv_analytics.py,csv_has_empty_rows,function,src/python/csv/csv_analytics.py,utility_private,,,,medium,partial,verify,not_started,ACCEPTED_VERIFIED,
csv,src/python/csv/csv_analytics.py,csv_header_count,function,src/python/csv/csv_analytics.py,utility_private,,,,medium,partial,verify,not_started,ACCEPTED_VERIFIED,
csv,src/python/csv/csv_analytics.py,csv_is_rectangular,function,src/python/csv/csv_analytics.py,utility_private,,,,medium,partial,verify,not_started,ACCEPTED_VERIFIED,
csv,src/python/csv/csv_analytics.py,csv_nonempty_cell_count,function,src/python/csv/csv_analytics.py,utility_private,,,,medium,partial,verify,not_started,ACCEPTED_VERIFIED,
csv,src/python/csv/csv_analytics.py,csv_string_density,function,src/python/csv/csv_analytics.py,utility_private,,,,medium,partial,verify,not_started,ACCEPTED_VERIFIED,
csv,src/python/csv/csv_analytics.py,csv_min_numeric_value,function,src/python/csv/csv_analytics.py,utility_private,,,,medium,partial,verify,not_started,ACCEPTED_VERIFIED,
csv,src/python/csv/csv_analytics.py,csv_data_density,function,src/python/csv/csv_analytics.py,utility_private,,,,medium,partial,verify,not_started,ACCEPTED_VERIFIED,
csv,src/python/csv/csv_analytics.py,csv_avg_row_length,function,src/python/csv/csv_analytics.py,utility_private,,,,medium,partial,verify,not_started,ACCEPTED_VERIFIED,
csv,src/python/csv/csv_analytics.py,csv_numeric_column_count,function,src/python/csv/csv_analytics.py,utility_private,,,,medium,partial,verify,not_started,ACCEPTED_VERIFIED,
csv,src/python/csv/csv_analytics.py,csv_is_single_column,function,src/python/csv/csv_analytics.py,utility_private,,,,medium,partial,verify,not_started,ACCEPTED_VERIFIED,
csv,src/python/csv/csv_analytics.py,csv_is_all_numeric,function,src/python/csv/csv_analytics.py,utility_private,,,,medium,partial,verify,not_started,ACCEPTED_VERIFIED,
csv,src/python/csv/csv_analytics.py,csv_max_field_value_length,function,src/python/csv/csv_analytics.py,utility_private,,,,medium,partial,verify,not_started,ACCEPTED_VERIFIED,
csv,src/python/csv/csv_analytics.py,csv_unique_value_count,function,src/python/csv/csv_analytics.py,utility_private,,,,medium,partial,verify,not_started,ACCEPTED_VERIFIED,
csv,src/python/csv/csv_analytics.py,csv_column_type_counts,function,src/python/csv/csv_analytics.py,utility_private,,,,medium,partial,verify,not_started,ACCEPTED_VERIFIED,
csv,src/python/csv/csv_analytics.py,csv_row_length_variance,function,src/python/csv/csv_analytics.py,utility_private,,,,medium,partial,verify,not_started,ACCEPTED_VERIFIED,
csv,src/python/csv/csv_analytics.py,csv_is_empty,function,src/python/csv/csv_analytics.py,utility_private,,,,medium,partial,verify,not_started,ACCEPTED_VERIFIED,
csv,src/python/csv/csv_analytics.py,csv_column_name_lengths,function,src/python/csv/csv_analytics.py,utility_private,,,,medium,partial,verify,not_started,ACCEPTED_VERIFIED,
csv,src/python/csv/csv_analytics.py,csv_max_field_count,function,src/python/csv/csv_analytics.py,utility_private,,,,medium,partial,verify,not_started,ACCEPTED_VERIFIED,
csv,src/python/csv/csv_analytics.py,csv_is_multi_row,function,src/python/csv/csv_analytics.py,utility_private,,,,medium,partial,verify,not_started,ACCEPTED_VERIFIED,
csv,src/python/csv/csv_analytics.py,csv_column_count_variance,function,src/python/csv/csv_analytics.py,utility_private,,,,medium,partial,verify,not_started,ACCEPTED_VERIFIED,
csv,src/python/csv/csv_analytics.py,csv_has_numeric_header,function,src/python/csv/csv_analytics.py,utility_private,,,,medium,partial,verify,not_started,ACCEPTED_VERIFIED,
csv,src/python/csv/csv_analytics.py,csv_nonempty_row_ratio,function,src/python/csv/csv_analytics.py,utility_private,,,,medium,partial,verify,not_started,ACCEPTED_VERIFIED,
csv,src/python/csv/csv_analytics.py,csv_avg_cell_length,function,src/python/csv/csv_analytics.py,utility_private,,,,medium,partial,verify,not_started,ACCEPTED_VERIFIED,
csv,src/python/csv/csv_analytics.py,csv_numeric_sum,function,src/python/csv/csv_analytics.py,utility_private,,,,medium,partial,verify,not_started,ACCEPTED_VERIFIED,
csv,src/python/csv/csv_analytics.py,csv_avg_numeric_value,function,src/python/csv/csv_analytics.py,utility_private,,,,medium,partial,verify,not_started,ACCEPTED_VERIFIED,
csv,src/python/csv/csv_analytics.py,csv_is_single_row,function,src/python/csv/csv_analytics.py,utility_private,,,,medium,partial,verify,not_started,ACCEPTED_VERIFIED,
csv,src/python/csv/csv_analytics.py,csv_empty_column_count,function,src/python/csv/csv_analytics.py,utility_private,,,,medium,partial,verify,not_started,ACCEPTED_VERIFIED,
csv,src/python/csv/csv_analytics.py,csv_longest_row_index,function,src/python/csv/csv_analytics.py,utility_private,,,,medium,partial,verify,not_started,ACCEPTED_VERIFIED,
csv,src/python/csv/csv_analytics.py,csv_total_string_length,function,src/python/csv/csv_analytics.py,utility_private,,,,medium,partial,verify,not_started,ACCEPTED_VERIFIED,
csv,src/python/csv/csv_analytics.py,csv_min_row_field_count,function,src/python/csv/csv_analytics.py,utility_private,,,,medium,partial,verify,not_started,ACCEPTED_VERIFIED,
csv,src/python/csv/csv_analytics.py,csv_is_square,function,src/python/csv/csv_analytics.py,utility_private,,,,medium,partial,verify,not_started,ACCEPTED_VERIFIED,
csv,src/python/csv/csv_analytics.py,csv_column_value_variance,function,src/python/csv/csv_analytics.py,utility_private,,,,medium,partial,verify,not_started,ACCEPTED_VERIFIED,
csv,src/python/csv/csv_analytics.py,csv_is_multi_column,function,src/python/csv/csv_analytics.py,utility_private,,,,medium,partial,verify,not_started,ACCEPTED_VERIFIED,
csv,src/python/csv/csv_analytics.py,csv_field_type_variance,function,src/python/csv/csv_analytics.py,utility_private,,,,medium,partial,verify,not_started,ACCEPTED_VERIFIED,
csv,src/python/csv/csv_analytics.py,csv_header_length_sum,function,src/python/csv/csv_analytics.py,utility_private,,,,medium,partial,verify,not_started,ACCEPTED_VERIFIED,
csv,src/python/csv/csv_analytics.py,csv_row_length_sum,function,src/python/csv/csv_analytics.py,utility_private,,,,medium,partial,verify,not_started,ACCEPTED_VERIFIED,
csv,src/python/csv/csv_analytics.py,csv_empty_field_ratio,function,src/python/csv/csv_analytics.py,utility_private,,,,medium,partial,verify,not_started,ACCEPTED_VERIFIED,
csv,src/python/csv/csv_analytics.py,csv_string_cell_count,function,src/python/csv/csv_analytics.py,utility_private,,,,medium,partial,verify,not_started,ACCEPTED_VERIFIED,
csv,src/python/csv/csv_analytics.py,csv_nonempty_row_count,function,src/python/csv/csv_analytics.py,utility_private,,,,medium,partial,verify,not_started,ACCEPTED_VERIFIED,
csv,src/python/csv/csv_analytics.py,csv_avg_fields_per_row,function,src/python/csv/csv_analytics.py,utility_private,,,,medium,partial,verify,not_started,ACCEPTED_VERIFIED,
csv,src/python/csv/csv_analytics.py,csv_nonempty_cell_ratio,function,src/python/csv/csv_analytics.py,utility_private,,,,medium,partial,verify,not_started,ACCEPTED_VERIFIED,
csv,src/python/csv/csv_analytics.py,csv_numeric_cell_ratio,function,src/python/csv/csv_analytics.py,utility_private,,,,medium,partial,verify,not_started,ACCEPTED_VERIFIED,
csv,src/python/csv/csv_parser.py,CsvError,class,src/python/csv/csv_parser.py,codec_io,,,,high,partial,verify,not_started,ACCEPTED_VERIFIED,
csv,src/python/csv/csv_parser.py,CsvInputError,class,src/python/csv/csv_parser.py,codec_io,,,,high,partial,verify,not_started,ACCEPTED_VERIFIED,
csv,src/python/csv/csv_parser.py,CsvSizeError,class,src/python/csv/csv_parser.py,codec_io,,,,high,partial,verify,not_started,ACCEPTED_VERIFIED,
csv,src/python/csv/csv_parser.py,CsvParseError,class,src/python/csv/csv_parser.py,codec_io,,,,high,partial,verify,not_started,ACCEPTED_VERIFIED,
csv,src/python/csv/csv_parser.py,_sniff_delimiter,function,src/python/csv/csv_parser.py,codec_io,,,,low,partial,verify,not_started,ACCEPTED_VERIFIED,
csv,src/python/csv/csv_parser.py,_parse_rfc4180,function,src/python/csv/csv_parser.py,codec_io,,,,low,partial,verify,not_started,ACCEPTED_VERIFIED,
csv,src/python/csv/csv_parser.py,_has_header_heuristic,function,src/python/csv/csv_parser.py,codec_io,,,,low,partial,verify,not_started,ACCEPTED_VERIFIED,
csv,src/python/csv/csv_parser.py,parse_csv_strict,function,src/python/csv/csv_parser.py,codec_io,,,,medium,partial,verify,not_started,ACCEPTED_VERIFIED,
csv,src/python/csv/csv_parser.py,_parse_csv_text,function,src/python/csv/csv_parser.py,codec_io,,,,low,partial,verify,not_started,ACCEPTED_VERIFIED,
csv,src/python/csv/csv_parser.py,parse_csv,function,src/python/csv/csv_parser.py,codec_io,,,,medium,partial,verify,not_started,ACCEPTED_VERIFIED,
csv,src/python/csv/csv_parser.py,probe_csv,function,src/python/csv/csv_parser.py,codec_io,,,,medium,partial,verify,not_started,ACCEPTED_VERIFIED,
csv,src/python/csv/csv_parser.py,get_capabilities,function,src/python/csv/csv_parser.py,codec_io,,,,medium,partial,verify,not_started,ACCEPTED_VERIFIED,
csv,src/python/csv/csv_parser.py,get_row_count,function,src/python/csv/csv_parser.py,codec_io,,,,medium,partial,verify,not_started,ACCEPTED_VERIFIED,
csv,src/python/csv/csv_parser.py,get_column_names,function,src/python/csv/csv_parser.py,codec_io,,,,medium,partial,verify,not_started,ACCEPTED_VERIFIED,
csv,src/python/csv/csv_parser.py,get_cell_value,function,src/python/csv/csv_parser.py,codec_io,,,,medium,partial,verify,not_started,ACCEPTED_VERIFIED,
csv,src/python/csv/csv_parser.py,count_empty_cells,function,src/python/csv/csv_parser.py,codec_io,,,,medium,partial,verify,not_started,ACCEPTED_VERIFIED,
csv,src/python/csv/csv_stats.py,table_stats,function,src/python/csv/csv_stats.py,codec_io,,,,medium,partial,verify,not_started,ACCEPTED_VERIFIED,
csv,src/python/csv/csv_stats.py,column_value_counts,function,src/python/csv/csv_stats.py,codec_io,,,,medium,partial,verify,not_started,ACCEPTED_VERIFIED,
csv,src/python/csv/csv_stats.py,csv_row_length_distribution,function,src/python/csv/csv_stats.py,codec_io,,,,medium,partial,verify,not_started,ACCEPTED_VERIFIED,
csv,src/python/csv/csv_stats.py,csv_field_type_summary,function,src/python/csv/csv_stats.py,codec_io,,,,medium,partial,verify,not_started,ACCEPTED_VERIFIED,
csv,src/python/csv/csv_stats.py,csv_empty_row_count,function,src/python/csv/csv_stats.py,codec_io,,,,medium,partial,verify,not_started,ACCEPTED_VERIFIED,
csv,src/python/csv/csv_stats.py,csv_max_field_length,function,src/python/csv/csv_stats.py,codec_io,,,,medium,partial,verify,not_started,ACCEPTED_VERIFIED,
csv,src/python/csv/csv_writer.py,CsvWriteError,class,src/python/csv/csv_writer.py,codec_io,,,,high,partial,verify,not_started,ACCEPTED_VERIFIED,
csv,src/python/csv/csv_writer.py,_escape_field,function,src/python/csv/csv_writer.py,codec_io,,,,low,partial,verify,not_started,ACCEPTED_VERIFIED,
csv,src/python/csv/csv_writer.py,write_csv,function,src/python/csv/csv_writer.py,codec_io,,,,medium,partial,verify,not_started,ACCEPTED_VERIFIED,
csv,src/python/csv/csv_writer.py,write_csv_to_file,function,src/python/csv/csv_writer.py,codec_io,,,,medium,partial,verify,not_started,ACCEPTED_VERIFIED,
csv,src/python/csv/csv_writer.py,parse_and_rewrite,function,src/python/csv/csv_writer.py,codec_io,,,,medium,partial,verify,not_started,ACCEPTED_VERIFIED,
csv,src/python/csv/spec/__init__.py,,,src/python/csv/spec/__init__.py,spec_element_behavior,,,,low,unknown,no,complete,ACCEPTED_VERIFIED,TC-PH-012: spec class has behavioral methods (migrated 2026-06-22)
csv,src/python/csv/spec/record/__init__.py,,,src/python/csv/spec/record/__init__.py,spec_element_behavior,,,,low,unknown,no,complete,ACCEPTED_VERIFIED,TC-PH-012: spec class has behavioral methods (migrated 2026-06-22)
csv,src/python/csv/spec/record/field.py,Field,class,src/python/csv/spec/record/field.py,spec_element_behavior,,,,high,yes,no,complete,ACCEPTED_VERIFIED,
csv,src/python/csv/spec/record/record.py,Record,class,src/python/csv/spec/record/record.py,spec_element_behavior,,,,high,yes,no,complete,ACCEPTED_VERIFIED,
dif,src/python/dif/__init__.py,,,src/python/dif/__init__.py,codec_io,,,,low,unknown,no,not_needed,ACCEPTED_VERIFIED,
dif,src/python/dif/Compat/__init__.py,,,src/python/dif/Compat/__init__.py,facade_behavior,,,,low,unknown,no,not_needed,ACCEPTED_VERIFIED,
dif,src/python/dif/Compat/dif_datum.py,DifDatum,class,src/python/dif/Compat/dif_datum.py,facade_behavior,,,,high,yes,no,complete,ACCEPTED_VERIFIED,
dif,src/python/dif/Compat/dif_header.py,DifHeader,class,src/python/dif/Compat/dif_header.py,facade_behavior,,,,high,yes,no,complete,ACCEPTED_VERIFIED,
dif,src/python/dif/Compat/dif_vector.py,DifVector,class,src/python/dif/Compat/dif_vector.py,facade_behavior,,,,high,yes,no,complete,ACCEPTED_VERIFIED,
dif,src/python/dif/dif_analytics.py,dif_to_csv,function,src/python/dif/dif_analytics.py,utility_private,,,,medium,partial,verify,not_started,ACCEPTED_VERIFIED,
dif,src/python/dif/dif_analytics.py,add_row,function,src/python/dif/dif_analytics.py,utility_private,,,,medium,partial,verify,not_started,ACCEPTED_VERIFIED,
dif,src/python/dif/dif_analytics.py,delete_row,function,src/python/dif/dif_analytics.py,utility_private,,,,medium,partial,verify,not_started,ACCEPTED_VERIFIED,
dif,src/python/dif/dif_analytics.py,export_to_html,function,src/python/dif/dif_analytics.py,utility_private,,,,medium,partial,verify,not_started,ACCEPTED_VERIFIED,
dif,src/python/dif/dif_analytics.py,sum_row,function,src/python/dif/dif_analytics.py,utility_private,,,,medium,partial,verify,not_started,ACCEPTED_VERIFIED,
dif,src/python/dif/dif_analytics.py,filter_rows_by_value,function,src/python/dif/dif_analytics.py,utility_private,,,,medium,partial,verify,not_started,ACCEPTED_VERIFIED,
dif,src/python/dif/dif_analytics.py,sort_rows_by_column,function,src/python/dif/dif_analytics.py,utility_private,,,,medium,partial,verify,not_started,ACCEPTED_VERIFIED,
dif,src/python/dif/dif_analytics.py,get_row_as_dict,function,src/python/dif/dif_analytics.py,utility_private,,,,medium,partial,verify,not_started,ACCEPTED_VERIFIED,
dif,src/python/dif/dif_analytics.py,get_vector_count,function,src/python/dif/dif_analytics.py,utility_private,,,,medium,partial,verify,not_started,ACCEPTED_VERIFIED,
dif,src/python/dif/dif_analytics.py,get_header_info,function,src/python/dif/dif_analytics.py,utility_private,,,,medium,partial,verify,not_started,ACCEPTED_VERIFIED,
dif,src/python/dif/dif_analytics.py,count_distinct_values,function,src/python/dif/dif_analytics.py,utility_private,,,,medium,partial,verify,not_started,ACCEPTED_VERIFIED,
dif,src/python/dif/dif_analytics.py,dif_nonempty_row_count,function,src/python/dif/dif_analytics.py,utility_private,,,,medium,partial,verify,not_started,ACCEPTED_VERIFIED,
dif,src/python/dif/dif_analytics.py,dif_max_row_length,function,src/python/dif/dif_analytics.py,utility_private,,,,medium,partial,verify,not_started,ACCEPTED_VERIFIED,
dif,src/python/dif/dif_analytics.py,dif_string_row_count,function,src/python/dif/dif_analytics.py,utility_private,,,,medium,partial,verify,not_started,ACCEPTED_VERIFIED,
dif,src/python/dif/dif_analytics.py,dif_column_unique_count,function,src/python/dif/dif_analytics.py,utility_private,,,,medium,partial,verify,not_started,ACCEPTED_VERIFIED,
dif,src/python/dif/dif_analytics.py,dif_vectors_count,function,src/python/dif/dif_analytics.py,utility_private,,,,medium,partial,verify,not_started,ACCEPTED_VERIFIED,
dif,src/python/dif/dif_analytics.py,dif_numeric_cell_count,function,src/python/dif/dif_analytics.py,utility_private,,,,medium,partial,verify,not_started,ACCEPTED_VERIFIED,
dif,src/python/dif/dif_analytics.py,dif_total_cell_count,function,src/python/dif/dif_analytics.py,utility_private,,,,medium,partial,verify,not_started,ACCEPTED_VERIFIED,
dif,src/python/dif/dif_analytics.py,dif_column_types,function,src/python/dif/dif_analytics.py,utility_private,,,,medium,partial,verify,not_started,ACCEPTED_VERIFIED,
dif,src/python/dif/dif_analytics.py,dif_row_value_counts,function,src/python/dif/dif_analytics.py,utility_private,,,,medium,partial,verify,not_started,ACCEPTED_VERIFIED,
dif,src/python/dif/dif_analytics.py,dif_empty_cell_count,function,src/python/dif/dif_analytics.py,utility_private,,,,medium,partial,verify,not_started,ACCEPTED_VERIFIED,
dif,src/python/dif/dif_analytics.py,dif_has_header,function,src/python/dif/dif_analytics.py,utility_private,,,,medium,partial,verify,not_started,ACCEPTED_VERIFIED,
dif,src/python/dif/dif_analytics.py,dif_row_count,function,src/python/dif/dif_analytics.py,utility_private,,,,medium,partial,verify,not_started,ACCEPTED_VERIFIED,
dif,src/python/dif/dif_analytics.py,dif_column_count,function,src/python/dif/dif_analytics.py,utility_private,,,,medium,partial,verify,not_started,ACCEPTED_VERIFIED,
dif,src/python/dif/dif_analytics.py,dif_string_density,function,src/python/dif/dif_analytics.py,utility_private,,,,medium,partial,verify,not_started,ACCEPTED_VERIFIED,
dif,src/python/dif/dif_analytics.py,dif_max_cell_length,function,src/python/dif/dif_analytics.py,utility_private,,,,medium,partial,verify,not_started,ACCEPTED_VERIFIED,
dif,src/python/dif/dif_analytics.py,dif_has_empty_cells,function,src/python/dif/dif_analytics.py,utility_private,,,,medium,partial,verify,not_started,ACCEPTED_VERIFIED,
dif,src/python/dif/dif_analytics.py,dif_avg_row_length,function,src/python/dif/dif_analytics.py,utility_private,,,,medium,partial,verify,not_started,ACCEPTED_VERIFIED,
dif,src/python/dif/dif_analytics.py,dif_all_numeric,function,src/python/dif/dif_analytics.py,utility_private,,,,medium,partial,verify,not_started,ACCEPTED_VERIFIED,
dif,src/python/dif/dif_analytics.py,dif_all_numeric_column,function,src/python/dif/dif_analytics.py,utility_private,,,,medium,partial,verify,not_started,ACCEPTED_VERIFIED,
dif,src/python/dif/dif_analytics.py,dif_numeric_density,function,src/python/dif/dif_analytics.py,utility_private,,,,medium,partial,verify,not_started,ACCEPTED_VERIFIED,
dif,src/python/dif/dif_analytics.py,dif_min_cell_length,function,src/python/dif/dif_analytics.py,utility_private,,,,medium,partial,verify,not_started,ACCEPTED_VERIFIED,
dif,src/python/dif/dif_analytics.py,dif_has_string_cells,function,src/python/dif/dif_analytics.py,utility_private,,,,medium,partial,verify,not_started,ACCEPTED_VERIFIED,
dif,src/python/dif/dif_analytics.py,dif_max_numeric_value,function,src/python/dif/dif_analytics.py,utility_private,,,,medium,partial,verify,not_started,ACCEPTED_VERIFIED,
dif,src/python/dif/dif_analytics.py,dif_min_numeric_value,function,src/python/dif/dif_analytics.py,utility_private,,,,medium,partial,verify,not_started,ACCEPTED_VERIFIED,
dif,src/python/dif/dif_analytics.py,dif_is_rectangular,function,src/python/dif/dif_analytics.py,utility_private,,,,medium,partial,verify,not_started,ACCEPTED_VERIFIED,
dif,src/python/dif/dif_analytics.py,dif_data_density,function,src/python/dif/dif_analytics.py,utility_private,,,,medium,partial,verify,not_started,ACCEPTED_VERIFIED,
dif,src/python/dif/dif_analytics.py,dif_avg_cell_length,function,src/python/dif/dif_analytics.py,utility_private,,,,medium,partial,verify,not_started,ACCEPTED_VERIFIED,
dif,src/python/dif/dif_analytics.py,dif_is_single_column,function,src/python/dif/dif_analytics.py,utility_private,,,,medium,partial,verify,not_started,ACCEPTED_VERIFIED,
dif,src/python/dif/dif_analytics.py,dif_max_string_length,function,src/python/dif/dif_analytics.py,utility_private,,,,medium,partial,verify,not_started,ACCEPTED_VERIFIED,
dif,src/python/dif/dif_analytics.py,dif_col_count_variance,function,src/python/dif/dif_analytics.py,utility_private,,,,medium,partial,verify,not_started,ACCEPTED_VERIFIED,
dif,src/python/dif/dif_analytics.py,dif_numeric_mean,function,src/python/dif/dif_analytics.py,utility_private,,,,medium,partial,verify,not_started,ACCEPTED_VERIFIED,
dif,src/python/dif/dif_analytics.py,dif_is_empty,function,src/python/dif/dif_analytics.py,utility_private,,,,medium,partial,verify,not_started,ACCEPTED_VERIFIED,
dif,src/python/dif/dif_analytics.py,dif_unique_value_count,function,src/python/dif/dif_analytics.py,utility_private,,,,medium,partial,verify,not_started,ACCEPTED_VERIFIED,
dif,src/python/dif/dif_analytics.py,dif_tuple_count,function,src/python/dif/dif_analytics.py,utility_private,,,,medium,partial,verify,not_started,ACCEPTED_VERIFIED,
dif,src/python/dif/dif_analytics.py,dif_is_multi_vector,function,src/python/dif/dif_analytics.py,utility_private,,,,medium,partial,verify,not_started,ACCEPTED_VERIFIED,
dif,src/python/dif/dif_analytics.py,dif_is_single_vector,function,src/python/dif/dif_analytics.py,utility_private,,,,medium,partial,verify,not_started,ACCEPTED_VERIFIED,
dif,src/python/dif/dif_analytics.py,dif_vector_length_variance,function,src/python/dif/dif_analytics.py,utility_private,,,,medium,partial,verify,not_started,ACCEPTED_VERIFIED,
dif,src/python/dif/dif_analytics.py,dif_is_all_string,function,src/python/dif/dif_analytics.py,utility_private,,,,medium,partial,verify,not_started,ACCEPTED_VERIFIED,
dif,src/python/dif/dif_analytics.py,dif_nonempty_cell_ratio,function,src/python/dif/dif_analytics.py,utility_private,,,,medium,partial,verify,not_started,ACCEPTED_VERIFIED,
dif,src/python/dif/dif_analytics.py,dif_avg_numeric_value,function,src/python/dif/dif_analytics.py,utility_private,,,,medium,partial,verify,not_started,ACCEPTED_VERIFIED,
dif,src/python/dif/dif_analytics.py,dif_row_length_variance,function,src/python/dif/dif_analytics.py,utility_private,,,,medium,partial,verify,not_started,ACCEPTED_VERIFIED,
dif,src/python/dif/dif_analytics.py,dif_numeric_sum,function,src/python/dif/dif_analytics.py,utility_private,,,,medium,partial,verify,not_started,ACCEPTED_VERIFIED,
dif,src/python/dif/dif_analytics.py,dif_is_single_row,function,src/python/dif/dif_analytics.py,utility_private,,,,medium,partial,verify,not_started,ACCEPTED_VERIFIED,
dif,src/python/dif/dif_analytics.py,dif_empty_column_count,function,src/python/dif/dif_analytics.py,utility_private,,,,medium,partial,verify,not_started,ACCEPTED_VERIFIED,
dif,src/python/dif/dif_analytics.py,dif_longest_row_index,function,src/python/dif/dif_analytics.py,utility_private,,,,medium,partial,verify,not_started,ACCEPTED_VERIFIED,
dif,src/python/dif/dif_analytics.py,dif_total_string_length,function,src/python/dif/dif_analytics.py,utility_private,,,,medium,partial,verify,not_started,ACCEPTED_VERIFIED,
dif,src/python/dif/dif_analytics.py,dif_nonempty_row_ratio,function,src/python/dif/dif_analytics.py,utility_private,,,,medium,partial,verify,not_started,ACCEPTED_VERIFIED,
dif,src/python/dif/dif_analytics.py,dif_numeric_cell_count,function,src/python/dif/dif_analytics.py,utility_private,,,,medium,partial,verify,not_started,ACCEPTED_VERIFIED,
dif,src/python/dif/dif_analytics.py,dif_has_string_cells,function,src/python/dif/dif_analytics.py,utility_private,,,,medium,partial,verify,not_started,ACCEPTED_VERIFIED,
dif,src/python/dif/dif_analytics.py,dif_avg_cell_length_variance,function,src/python/dif/dif_analytics.py,utility_private,,,,medium,partial,verify,not_started,ACCEPTED_VERIFIED,
dif,src/python/dif/dif_analytics.py,dif_column_density,function,src/python/dif/dif_analytics.py,utility_private,,,,medium,partial,verify,not_started,ACCEPTED_VERIFIED,
dif,src/python/dif/dif_analytics.py,dif_string_value_count,function,src/python/dif/dif_analytics.py,utility_private,,,,medium,partial,verify,not_started,ACCEPTED_VERIFIED,
dif,src/python/dif/dif_analytics.py,dif_max_numeric_length,function,src/python/dif/dif_analytics.py,utility_private,,,,medium,partial,verify,not_started,ACCEPTED_VERIFIED,
dif,src/python/dif/dif_analytics.py,dif_value_type_variance,function,src/python/dif/dif_analytics.py,utility_private,,,,medium,partial,verify,not_started,ACCEPTED_VERIFIED,
dif,src/python/dif/dif_analytics.py,dif_total_cell_length,function,src/python/dif/dif_analytics.py,utility_private,,,,medium,partial,verify,not_started,ACCEPTED_VERIFIED,
dif,src/python/dif/dif_parser.py,DifError,class,src/python/dif/dif_parser.py,codec_io,,,,high,partial,verify,not_started,ACCEPTED_VERIFIED,
dif,src/python/dif/dif_parser.py,DifInvalidFormatError,class,src/python/dif/dif_parser.py,codec_io,,,,high,partial,verify,not_started,ACCEPTED_VERIFIED,
dif,src/python/dif/dif_parser.py,DifSizeError,class,src/python/dif/dif_parser.py,codec_io,,,,high,partial,verify,not_started,ACCEPTED_VERIFIED,
dif,src/python/dif/dif_parser.py,DifCell,class,src/python/dif/dif_parser.py,codec_io,,,,high,partial,verify,not_started,ACCEPTED_VERIFIED,
dif,src/python/dif/dif_parser.py,DifDocument,class,src/python/dif/dif_parser.py,codec_io,,,,high,partial,verify,not_started,ACCEPTED_VERIFIED,
dif,src/python/dif/dif_parser.py,_read_lines,function,src/python/dif/dif_parser.py,codec_io,,,,low,partial,verify,not_started,ACCEPTED_VERIFIED,
dif,src/python/dif/dif_parser.py,_expect_section,function,src/python/dif/dif_parser.py,codec_io,,,,low,partial,verify,not_started,ACCEPTED_VERIFIED,
dif,src/python/dif/dif_parser.py,_read_header_triplet,function,src/python/dif/dif_parser.py,codec_io,,,,low,partial,verify,not_started,ACCEPTED_VERIFIED,
dif,src/python/dif/dif_parser.py,parse_dif_strict,function,src/python/dif/dif_parser.py,codec_io,,,,medium,partial,verify,not_started,ACCEPTED_VERIFIED,
dif,src/python/dif/dif_parser.py,parse_dif,function,src/python/dif/dif_parser.py,codec_io,,,,medium,partial,verify,not_started,ACCEPTED_VERIFIED,
dif,src/python/dif/dif_parser.py,probe_dif,function,src/python/dif/dif_parser.py,codec_io,,,,medium,partial,verify,not_started,ACCEPTED_VERIFIED,
dif,src/python/dif/dif_parser.py,write_dif,function,src/python/dif/dif_parser.py,codec_io,,,,medium,partial,verify,not_started,ACCEPTED_VERIFIED,
dif,src/python/dif/dif_parser.py,get_capabilities,function,src/python/dif/dif_parser.py,codec_io,,,,medium,partial,verify,not_started,ACCEPTED_VERIFIED,
dif,src/python/dif/dif_parser.py,get_cell_value,function,src/python/dif/dif_parser.py,codec_io,,,,medium,partial,verify,not_started,ACCEPTED_VERIFIED,
dif,src/python/dif/dif_parser.py,set_cell_value,function,src/python/dif/dif_parser.py,codec_io,,,,medium,partial,verify,not_started,ACCEPTED_VERIFIED,
dif,src/python/dif/dif_parser.py,get_row_values,function,src/python/dif/dif_parser.py,codec_io,,,,medium,partial,verify,not_started,ACCEPTED_VERIFIED,
dif,src/python/dif/dif_parser.py,get_title,function,src/python/dif/dif_parser.py,codec_io,,,,medium,partial,verify,not_started,ACCEPTED_VERIFIED,
dif,src/python/dif/dif_parser.py,get_row_count,function,src/python/dif/dif_parser.py,codec_io,,,,medium,partial,verify,not_started,ACCEPTED_VERIFIED,
dif,src/python/dif/dif_parser.py,get_column_count,function,src/python/dif/dif_parser.py,codec_io,,,,medium,partial,verify,not_started,ACCEPTED_VERIFIED,
dif,src/python/dif/dif_parser.py,get_column_values,function,src/python/dif/dif_parser.py,codec_io,,,,medium,partial,verify,not_started,ACCEPTED_VERIFIED,
dif,src/python/dif/dif_parser.py,count_nonempty_cells,function,src/python/dif/dif_parser.py,codec_io,,,,medium,partial,verify,not_started,ACCEPTED_VERIFIED,
dif,src/python/dif/dif_parser.py,total_cell_count,function,src/python/dif/dif_parser.py,codec_io,,,,medium,partial,verify,not_started,ACCEPTED_VERIFIED,
dif,src/python/dif/dif_parser.py,get_all_values,function,src/python/dif/dif_parser.py,codec_io,,,,medium,partial,verify,not_started,ACCEPTED_VERIFIED,
dif,src/python/dif/dif_parser.py,min_column_value,function,src/python/dif/dif_parser.py,codec_io,,,,medium,partial,verify,not_started,ACCEPTED_VERIFIED,
dif,src/python/dif/dif_parser.py,max_column_value,function,src/python/dif/dif_parser.py,codec_io,,,,medium,partial,verify,not_started,ACCEPTED_VERIFIED,
dif,src/python/dif/dif_parser.py,sum_column,function,src/python/dif/dif_parser.py,codec_io,,,,medium,partial,verify,not_started,ACCEPTED_VERIFIED,
dif,src/python/dif/dif_parser.py,average_column,function,src/python/dif/dif_parser.py,codec_io,,,,medium,partial,verify,not_started,ACCEPTED_VERIFIED,
dif,src/python/dif/dif_stats.py,dif_stats,function,src/python/dif/dif_stats.py,codec_io,,,,medium,partial,verify,not_started,ACCEPTED_VERIFIED,
dif,src/python/dif/dif_stats.py,dif_numeric_range,function,src/python/dif/dif_stats.py,codec_io,,,,medium,partial,verify,not_started,ACCEPTED_VERIFIED,
dif,src/python/dif/dif_stats.py,dif_vector_density,function,src/python/dif/dif_stats.py,codec_io,,,,medium,partial,verify,not_started,ACCEPTED_VERIFIED,
dif,src/python/dif/dif_stats.py,dif_string_value_list,function,src/python/dif/dif_stats.py,codec_io,,,,medium,partial,verify,not_started,ACCEPTED_VERIFIED,
dif,src/python/dif/dif_stats.py,dif_empty_row_count,function,src/python/dif/dif_stats.py,codec_io,,,,medium,partial,verify,not_started,ACCEPTED_VERIFIED,
dif,src/python/dif/dif_stats.py,dif_string_cell_count,function,src/python/dif/dif_stats.py,codec_io,,,,medium,partial,verify,not_started,ACCEPTED_VERIFIED,
dif,src/python/dif/dif_stats.py,dif_total_numeric_count,function,src/python/dif/dif_stats.py,codec_io,,,,medium,partial,verify,not_started,ACCEPTED_VERIFIED,
dif,src/python/dif/spec/__init__.py,,,src/python/dif/spec/__init__.py,spec_element_behavior,,,,low,unknown,no,complete,ACCEPTED_VERIFIED,TC-PH-012: spec class has behavioral methods (migrated 2026-06-22)
dif,src/python/dif/spec/table/__init__.py,,,src/python/dif/spec/table/__init__.py,spec_element_behavior,,,,low,unknown,no,complete,ACCEPTED_VERIFIED,TC-PH-012: spec class has behavioral methods (migrated 2026-06-22)
dif,src/python/dif/spec/table/datum.py,Datum,class,src/python/dif/spec/table/datum.py,spec_element_behavior,,,,high,yes,no,complete,ACCEPTED_VERIFIED,
dif,src/python/dif/spec/table/header.py,Header,class,src/python/dif/spec/table/header.py,spec_element_behavior,,,,high,yes,no,complete,ACCEPTED_VERIFIED,
dif,src/python/dif/spec/table/vector.py,Vector,class,src/python/dif/spec/table/vector.py,spec_element_behavior,,,,high,yes,no,complete,ACCEPTED_VERIFIED,
fodg,src/python/fodg/__init__.py,,,src/python/fodg/__init__.py,codec_io,,,,low,unknown,no,not_needed,ACCEPTED_VERIFIED,
fodg,src/python/fodg/Compat/__init__.py,,,src/python/fodg/Compat/__init__.py,facade_behavior,,,,low,unknown,no,not_needed,ACCEPTED_VERIFIED,
fodg,src/python/fodg/Compat/fodg_document.py,FodgDocument,class,src/python/fodg/Compat/fodg_document.py,facade_behavior,,,,high,yes,no,complete,ACCEPTED_VERIFIED,
fodg,src/python/fodg/Compat/fodg_page.py,FodgPage,class,src/python/fodg/Compat/fodg_page.py,facade_behavior,,,,high,yes,no,complete,ACCEPTED_VERIFIED,
fodg,src/python/fodg/fodg_analytics.py,fodg_text_item_count_plus_page_count,function,src/python/fodg/fodg_analytics.py,utility_private,,,,medium,partial,verify,not_started,ACCEPTED_VERIFIED,
fodg,src/python/fodg/fodg_analytics.py,fodg_total_shape_count_plus_text_item_count,function,src/python/fodg/fodg_analytics.py,utility_private,,,,medium,partial,verify,not_started,ACCEPTED_VERIFIED,
fodg,src/python/fodg/fodg_analytics.py,fodg_page_count_plus_shape_count,function,src/python/fodg/fodg_analytics.py,utility_private,,,,medium,partial,verify,not_started,ACCEPTED_VERIFIED,
fodg,src/python/fodg/fodg_analytics.py,fodg_non_text_shape_count_plus_text_item_count,function,src/python/fodg/fodg_analytics.py,utility_private,,,,medium,partial,verify,not_started,ACCEPTED_VERIFIED,
fodg,src/python/fodg/fodg_analytics.py,fodg_shape_plus_text_plus_page_count,function,src/python/fodg/fodg_analytics.py,utility_private,,,,medium,partial,verify,not_started,ACCEPTED_VERIFIED,
fodg,src/python/fodg/fodg_analytics.py,fodg_file_size_plus_page_count,function,src/python/fodg/fodg_analytics.py,utility_private,,,,medium,partial,verify,not_started,ACCEPTED_VERIFIED,
fodg,src/python/fodg/fodg_analytics.py,fodg_shape_count_times_two_plus_text_count,function,src/python/fodg/fodg_analytics.py,utility_private,,,,medium,partial,verify,not_started,ACCEPTED_VERIFIED,
fodg,src/python/fodg/fodg_analytics.py,fodg_file_size_minus_shape_count_hundreds,function,src/python/fodg/fodg_analytics.py,utility_private,,,,medium,partial,verify,not_started,ACCEPTED_VERIFIED,
fodg,src/python/fodg/fodg_analytics.py,fodg_shapes_plus_texts_squared,function,src/python/fodg/fodg_analytics.py,utility_private,,,,medium,partial,verify,not_started,ACCEPTED_VERIFIED,
fodg,src/python/fodg/fodg_analytics.py,fodg_file_size_div_10,function,src/python/fodg/fodg_analytics.py,utility_private,,,,medium,partial,verify,not_started,ACCEPTED_VERIFIED,
fodg,src/python/fodg/fodg_analytics.py,fodg_shape_count_squared_plus_text_count_squared,function,src/python/fodg/fodg_analytics.py,utility_private,,,,medium,partial,verify,not_started,ACCEPTED_VERIFIED,
fodg,src/python/fodg/fodg_analytics.py,fodg_file_size_div_shape_count,function,src/python/fodg/fodg_analytics.py,utility_private,,,,medium,partial,verify,not_started,ACCEPTED_VERIFIED,
fodg,src/python/fodg/fodg_analytics.py,fodg_max_shapes_per_page_plus_page_count,function,src/python/fodg/fodg_analytics.py,utility_private,,,,medium,partial,verify,not_started,ACCEPTED_VERIFIED,
fodg,src/python/fodg/fodg_analytics.py,fodg_shape_count_plus_page_count_squared,function,src/python/fodg/fodg_analytics.py,utility_private,,,,medium,partial,verify,not_started,ACCEPTED_VERIFIED,
fodg,src/python/fodg/fodg_analytics.py,fodg_text_count_plus_page_count,function,src/python/fodg/fodg_analytics.py,utility_private,,,,medium,partial,verify,not_started,ACCEPTED_VERIFIED,
fodg,src/python/fodg/fodg_analytics.py,fodg_shape_plus_text_count,function,src/python/fodg/fodg_analytics.py,utility_private,,,,medium,partial,verify,not_started,ACCEPTED_VERIFIED,
fodg,src/python/fodg/fodg_analytics.py,fodg_max_shapes_plus_text_count,function,src/python/fodg/fodg_analytics.py,utility_private,,,,medium,partial,verify,not_started,ACCEPTED_VERIFIED,
fodg,src/python/fodg/fodg_analytics.py,fodg_shape_count_div_page_count,function,src/python/fodg/fodg_analytics.py,utility_private,,,,medium,partial,verify,not_started,ACCEPTED_VERIFIED,
fodg,src/python/fodg/fodg_analytics.py,fodg_shape_plus_text_times_page,function,src/python/fodg/fodg_analytics.py,utility_private,,,,medium,partial,verify,not_started,ACCEPTED_VERIFIED,
fodg,src/python/fodg/fodg_analytics.py,fodg_total_shape_count_plus_page_count,function,src/python/fodg/fodg_analytics.py,utility_private,,,,medium,partial,verify,not_started,ACCEPTED_VERIFIED,
fodg,src/python/fodg/fodg_analytics.py,fodg_shape_count_minus_page_count,function,src/python/fodg/fodg_analytics.py,utility_private,,,,medium,partial,verify,not_started,ACCEPTED_VERIFIED,
fodg,src/python/fodg/fodg_analytics.py,fodg_text_count_plus_shape_count_squared,function,src/python/fodg/fodg_analytics.py,utility_private,,,,medium,partial,verify,not_started,ACCEPTED_VERIFIED,
fodg,src/python/fodg/fodg_analytics.py,fodg_text_times_shape_plus_page_count,function,src/python/fodg/fodg_analytics.py,utility_private,,,,medium,partial,verify,not_started,ACCEPTED_VERIFIED,
fodg,src/python/fodg/fodg_analytics.py,fodg_page_count_plus_text_times_two,function,src/python/fodg/fodg_analytics.py,utility_private,,,,medium,partial,verify,not_started,ACCEPTED_VERIFIED,
fodg,src/python/fodg/fodg_analytics.py,fodg_shape_count_plus_text_times_three,function,src/python/fodg/fodg_analytics.py,utility_private,,,,medium,partial,verify,not_started,ACCEPTED_VERIFIED,
fodg,src/python/fodg/fodg_analytics.py,fodg_text_count_times_two_plus_shape_count,function,src/python/fodg/fodg_analytics.py,utility_private,,,,medium,partial,verify,not_started,ACCEPTED_VERIFIED,
fodg,src/python/fodg/fodg_analytics.py,fodg_text_count_plus_shape_count_times_two,function,src/python/fodg/fodg_analytics.py,utility_private,,,,medium,partial,verify,not_started,ACCEPTED_VERIFIED,
fodg,src/python/fodg/fodg_analytics.py,fodg_shape_count_squared_plus_text_count,function,src/python/fodg/fodg_analytics.py,utility_private,,,,medium,partial,verify,not_started,ACCEPTED_VERIFIED,
fodg,src/python/fodg/fodg_analytics.py,fodg_shape_count_times_three_plus_text_count,function,src/python/fodg/fodg_analytics.py,utility_private,,,,medium,partial,verify,not_started,ACCEPTED_VERIFIED,
fodg,src/python/fodg/fodg_analytics.py,fodg_page_count_plus_shape_count_times_three,function,src/python/fodg/fodg_analytics.py,utility_private,,,,medium,partial,verify,not_started,ACCEPTED_VERIFIED,
fodg,src/python/fodg/fodg_analytics.py,fodg_shape_count_plus_text_count_times_three,function,src/python/fodg/fodg_analytics.py,utility_private,,,,medium,partial,verify,not_started,ACCEPTED_VERIFIED,
fodg,src/python/fodg/fodg_analytics.py,fodg_text_count_times_page_count_plus_shape_count,function,src/python/fodg/fodg_analytics.py,utility_private,,,,medium,partial,verify,not_started,ACCEPTED_VERIFIED,
fodg,src/python/fodg/fodg_analytics.py,fodg_page_count_plus_text_count,function,src/python/fodg/fodg_analytics.py,utility_private,,,,medium,partial,verify,not_started,ACCEPTED_VERIFIED,
fodg,src/python/fodg/fodg_analytics.py,fodg_shape_count_plus_page_count_times_two,function,src/python/fodg/fodg_analytics.py,utility_private,,,,medium,partial,verify,not_started,ACCEPTED_VERIFIED,
fodg,src/python/fodg/fodg_analytics.py,fodg_page_count_squared_plus_text_count,function,src/python/fodg/fodg_analytics.py,utility_private,,,,medium,partial,verify,not_started,ACCEPTED_VERIFIED,
fodg,src/python/fodg/fodg_analytics.py,fodg_shape_count_times_two_plus_page_count,function,src/python/fodg/fodg_analytics.py,utility_private,,,,medium,partial,verify,not_started,ACCEPTED_VERIFIED,
fodg,src/python/fodg/fodg_analytics.py,fodg_text_count_times_three_plus_page_count,function,src/python/fodg/fodg_analytics.py,utility_private,,,,medium,partial,verify,not_started,ACCEPTED_VERIFIED,
fodg,src/python/fodg/fodg_analytics.py,fodg_shape_count_times_page_count_plus_text_count,function,src/python/fodg/fodg_analytics.py,utility_private,,,,medium,partial,verify,not_started,ACCEPTED_VERIFIED,
fodg,src/python/fodg/fodg_analytics.py,fodg_file_size_div_20,function,src/python/fodg/fodg_analytics.py,utility_private,,,,medium,partial,verify,not_started,ACCEPTED_VERIFIED,
fodg,src/python/fodg/fodg_analytics.py,fodg_shape_count_squared_plus_page_count_times_10,function,src/python/fodg/fodg_analytics.py,utility_private,,,,medium,partial,verify,not_started,ACCEPTED_VERIFIED,
fodg,src/python/fodg/fodg_analytics.py,fodg_text_count_times_file_size_div_100,function,src/python/fodg/fodg_analytics.py,utility_private,,,,medium,partial,verify,not_started,ACCEPTED_VERIFIED,
fodg,src/python/fodg/fodg_analytics.py,fodg_file_size_plus_text_count_times_10,function,src/python/fodg/fodg_analytics.py,utility_private,,,,medium,partial,verify,not_started,ACCEPTED_VERIFIED,
fodg,src/python/fodg/fodg_analytics.py,fodg_file_size_minus_shape_count_times_50,function,src/python/fodg/fodg_analytics.py,utility_private,,,,medium,partial,verify,not_started,ACCEPTED_VERIFIED,
fodg,src/python/fodg/fodg_analytics.py,fodg_shape_count_times_text_count_plus_file_size_div_100,function,src/python/fodg/fodg_analytics.py,utility_private,,,,medium,partial,verify,not_started,ACCEPTED_VERIFIED,
fodg,src/python/fodg/fodg_analytics.py,fodg_file_size_plus_shape_count_times_100,function,src/python/fodg/fodg_analytics.py,utility_private,,,,medium,partial,verify,not_started,ACCEPTED_VERIFIED,
fodg,src/python/fodg/fodg_analytics.py,fodg_file_size_div_10_plus_text_count,function,src/python/fodg/fodg_analytics.py,utility_private,,,,medium,partial,verify,not_started,ACCEPTED_VERIFIED,
fodg,src/python/fodg/fodg_analytics.py,fodg_file_size_div_shape_count_plus_1,function,src/python/fodg/fodg_analytics.py,utility_private,,,,medium,partial,verify,not_started,ACCEPTED_VERIFIED,
fodg,src/python/fodg/fodg_analytics.py,fodg_file_size_plus_shape_count_times_text_count_times_10,function,src/python/fodg/fodg_analytics.py,utility_private,,,,medium,partial,verify,not_started,ACCEPTED_VERIFIED,
fodg,src/python/fodg/fodg_analytics.py,fodg_file_size_times_2_plus_shape_count_times_50,function,src/python/fodg/fodg_analytics.py,utility_private,,,,medium,partial,verify,not_started,ACCEPTED_VERIFIED,
fodg,src/python/fodg/fodg_analytics.py,fodg_file_size_minus_text_count_times_100,function,src/python/fodg/fodg_analytics.py,utility_private,,,,medium,partial,verify,not_started,ACCEPTED_VERIFIED,
fodg,src/python/fodg/fodg_analytics.py,fodg_file_size_plus_shape_count_plus_text_count_times_2,function,src/python/fodg/fodg_analytics.py,utility_private,,,,medium,partial,verify,not_started,ACCEPTED_VERIFIED,
fodg,src/python/fodg/fodg_analytics.py,fodg_file_size_div_5_plus_shape_count_times_text_count,function,src/python/fodg/fodg_analytics.py,utility_private,,,,medium,partial,verify,not_started,ACCEPTED_VERIFIED,
fodg,src/python/fodg/fodg_analytics.py,fodg_file_size_times_3_div_10_plus_text_count_times_shape_count,function,src/python/fodg/fodg_analytics.py,utility_private,,,,medium,partial,verify,not_started,ACCEPTED_VERIFIED,
fodg,src/python/fodg/fodg_analytics.py,fodg_file_size_plus_shape_count_times_200_plus_text_count,function,src/python/fodg/fodg_analytics.py,utility_private,,,,medium,partial,verify,not_started,ACCEPTED_VERIFIED,
fodg,src/python/fodg/fodg_analytics.py,fodg_shape_count_plus_text_count,function,src/python/fodg/fodg_analytics.py,utility_private,,,,medium,partial,verify,not_started,ACCEPTED_VERIFIED,
fodg,src/python/fodg/fodg_analytics.py,fodg_file_size_div_10_times_shape_count_plus_text_count_times_50,function,src/python/fodg/fodg_analytics.py,utility_private,,,,medium,partial,verify,not_started,ACCEPTED_VERIFIED,
fodg,src/python/fodg/fodg_analytics.py,fodg_shape_count_times_text_count_times_100_plus_file_size_div_10,function,src/python/fodg/fodg_analytics.py,utility_private,,,,medium,partial,verify,not_started,ACCEPTED_VERIFIED,
fodg,src/python/fodg/fodg_analytics.py,fodg_file_size_plus_shape_count_plus_text_count_squared,function,src/python/fodg/fodg_analytics.py,utility_private,,,,medium,partial,verify,not_started,ACCEPTED_VERIFIED,
fodg,src/python/fodg/fodg_analytics.py,fodg_file_size_div_100_plus_shape_count_times_text_count_plus_1,function,src/python/fodg/fodg_analytics.py,utility_private,,,,medium,partial,verify,not_started,ACCEPTED_VERIFIED,
fodg,src/python/fodg/fodg_analytics.py,fodg_page_count_plus_shape_count,function,src/python/fodg/fodg_analytics.py,utility_private,,,,medium,partial,verify,not_started,ACCEPTED_VERIFIED,
fodg,src/python/fodg/fodg_analytics.py,fodg_file_size_mod_500_plus_shape_count_plus_text_count,function,src/python/fodg/fodg_analytics.py,utility_private,,,,medium,partial,verify,not_started,ACCEPTED_VERIFIED,
fodg,src/python/fodg/fodg_analytics.py,fodg_file_size_div_50_times_shape_count_plus_1,function,src/python/fodg/fodg_analytics.py,utility_private,,,,medium,partial,verify,not_started,ACCEPTED_VERIFIED,
fodg,src/python/fodg/fodg_analytics.py,fodg_file_size_div_20_plus_shape_count_times_50_plus_text_count,function,src/python/fodg/fodg_analytics.py,utility_private,,,,medium,partial,verify,not_started,ACCEPTED_VERIFIED,
fodg,src/python/fodg/fodg_analytics.py,fodg_file_size_plus_text_count_times_shape_count_times_1000,function,src/python/fodg/fodg_analytics.py,utility_private,,,,medium,partial,verify,not_started,ACCEPTED_VERIFIED,
fodg,src/python/fodg/fodg_analytics.py,fodg_file_size_times_shape_count_plus_1_div_100,function,src/python/fodg/fodg_analytics.py,utility_private,,,,medium,partial,verify,not_started,ACCEPTED_VERIFIED,
fodg,src/python/fodg/fodg_analytics.py,fodg_file_size_mod_200_plus_shape_count_times_100,function,src/python/fodg/fodg_analytics.py,utility_private,,,,medium,partial,verify,not_started,ACCEPTED_VERIFIED,
fodg,src/python/fodg/fodg_analytics.py,fodg_text_item_count_plus_page_count,function,src/python/fodg/fodg_analytics.py,utility_private,,,,medium,partial,verify,not_started,ACCEPTED_VERIFIED,
fodg,src/python/fodg/fodg_analytics.py,fodg_file_size_div_10_plus_shape_count_squared_times_100_plus_text_count,function,src/python/fodg/fodg_analytics.py,utility_private,,,,medium,partial,verify,not_started,ACCEPTED_VERIFIED,
fodg,src/python/fodg/fodg_analytics.py,fodg_file_size_times_text_count_plus_1_div_50,function,src/python/fodg/fodg_analytics.py,utility_private,,,,medium,partial,verify,not_started,ACCEPTED_VERIFIED,
fodg,src/python/fodg/fodg_analytics.py,fodg_file_size_mod_300_plus_shape_count_times_text_count_times_200,function,src/python/fodg/fodg_analytics.py,utility_private,,,,medium,partial,verify,not_started,ACCEPTED_VERIFIED,
fodg,src/python/fodg/fodg_analytics.py,fodg_file_size_plus_shape_count_times_100_div_text_count_plus_1,function,src/python/fodg/fodg_analytics.py,utility_private,,,,medium,partial,verify,not_started,ACCEPTED_VERIFIED,
fodg,src/python/fodg/fodg_analytics.py,fodg_file_size_div_shape_count_plus_text_count_plus_1,function,src/python/fodg/fodg_analytics.py,utility_private,,,,medium,partial,verify,not_started,ACCEPTED_VERIFIED,
fodg,src/python/fodg/fodg_analytics.py,fodg_file_size_times_3_plus_shape_count_times_500_minus_text_count_times_200,function,src/python/fodg/fodg_analytics.py,utility_private,,,,medium,partial,verify,not_started,ACCEPTED_VERIFIED,
fodg,src/python/fodg/fodg_analytics.py,fodg_file_size_mod_100_plus_shape_count_times_300_plus_text_count_times_150,function,src/python/fodg/fodg_analytics.py,utility_private,,,,medium,partial,verify,not_started,ACCEPTED_VERIFIED,
fodg,src/python/fodg/fodg_analytics.py,fodg_file_size_plus_shape_count_times_text_count_div_100,function,src/python/fodg/fodg_analytics.py,utility_private,,,,medium,partial,verify,not_started,ACCEPTED_VERIFIED,
fodg,src/python/fodg/fodg_analytics.py,fodg_file_size_mod_7_plus_shape_count_times_400_plus_text_count_times_250,function,src/python/fodg/fodg_analytics.py,utility_private,,,,medium,partial,verify,not_started,ACCEPTED_VERIFIED,
fodg,src/python/fodg/fodg_analytics.py,fodg_file_size_div_100_times_shape_count_plus_1_plus_text_count_times_50,function,src/python/fodg/fodg_analytics.py,utility_private,,,,medium,partial,verify,not_started,ACCEPTED_VERIFIED,
fodg,src/python/fodg/fodg_analytics.py,fodg_file_size_mod_11_plus_shape_count_times_500_plus_text_count_times_350,function,src/python/fodg/fodg_analytics.py,utility_private,,,,medium,partial,verify,not_started,ACCEPTED_VERIFIED,
fodg,src/python/fodg/fodg_analytics.py,fodg_file_size_times_2_mod_500_plus_shape_count_times_200_plus_text_count_times_150,function,src/python/fodg/fodg_analytics.py,utility_private,,,,medium,partial,verify,not_started,ACCEPTED_VERIFIED,
fodg,src/python/fodg/fodg_analytics.py,fodg_file_size_plus_shape_count_times_600_plus_text_count_times_400_div_10,function,src/python/fodg/fodg_analytics.py,utility_private,,,,medium,partial,verify,not_started,ACCEPTED_VERIFIED,
fodg,src/python/fodg/fodg_analytics.py,fodg_file_size_mod_17_plus_shape_count_times_700_plus_text_count_times_500,function,src/python/fodg/fodg_analytics.py,utility_private,,,,medium,partial,verify,not_started,ACCEPTED_VERIFIED,
fodg,src/python/fodg/fodg_analytics.py,fodg_shape_plus_page_squared,function,src/python/fodg/fodg_analytics.py,utility_private,,,,medium,partial,verify,not_started,ACCEPTED_VERIFIED,
fodg,src/python/fodg/fodg_analytics.py,fodg_file_size_mod_23_plus_shape_count_times_800_plus_text_count_times_600,function,src/python/fodg/fodg_analytics.py,utility_private,,,,medium,partial,verify,not_started,ACCEPTED_VERIFIED,
fodg,src/python/fodg/fodg_analytics.py,fodg_file_size_times_3_mod_1000_plus_shape_count_times_100_plus_text_count_times_80,function,src/python/fodg/fodg_analytics.py,utility_private,,,,medium,partial,verify,not_started,ACCEPTED_VERIFIED,
fodg,src/python/fodg/fodg_analytics.py,fodg_file_size_mod_11_times_3_plus_shape_count_times_900_plus_text_count_times_700,function,src/python/fodg/fodg_analytics.py,utility_private,,,,medium,partial,verify,not_started,ACCEPTED_VERIFIED,
fodg,src/python/fodg/fodg_analytics.py,fodg_file_size_mod_7_times_50_plus_shape_count_times_800_plus_text_count_times_500,function,src/python/fodg/fodg_analytics.py,utility_private,,,,medium,partial,verify,not_started,ACCEPTED_VERIFIED,
fodg,src/python/fodg/fodg_analytics.py,fodg_file_size_mod_19_times_4_plus_shape_count_times_1000_plus_text_count_times_600,function,src/python/fodg/fodg_analytics.py,utility_private,,,,medium,partial,verify,not_started,ACCEPTED_VERIFIED,
fodg,src/python/fodg/fodg_analytics.py,fodg_file_size_mod_23_times_3_plus_shape_count_times_700_plus_text_count_times_300,function,src/python/fodg/fodg_analytics.py,utility_private,,,,medium,partial,verify,not_started,ACCEPTED_VERIFIED,
fodg,src/python/fodg/fodg_analytics.py,fodg_file_size_mod_29_times_2_plus_shape_count_times_1100_plus_text_count_times_800,function,src/python/fodg/fodg_analytics.py,utility_private,,,,medium,partial,verify,not_started,ACCEPTED_VERIFIED,
fodg,src/python/fodg/fodg_analytics.py,fodg_file_size_mod_17_times_5_plus_shape_count_times_850_plus_text_count_times_450,function,src/python/fodg/fodg_analytics.py,utility_private,,,,medium,partial,verify,not_started,ACCEPTED_VERIFIED,
fodg,src/python/fodg/fodg_analytics.py,fodg_file_size_mod_31_times_3_plus_shape_count_times_1200_plus_text_count_times_900,function,src/python/fodg/fodg_analytics.py,utility_private,,,,medium,partial,verify,not_started,ACCEPTED_VERIFIED,
fodg,src/python/fodg/fodg_analytics.py,fodg_file_size_mod_37_plus_shape_count_times_900_plus_text_count_times_600,function,src/python/fodg/fodg_analytics.py,utility_private,,,,medium,partial,verify,not_started,ACCEPTED_VERIFIED,
fodg,src/python/fodg/fodg_analytics.py,fodg_file_size_mod_43_times_2_plus_shape_count_times_1400_plus_text_count_times_700,function,src/python/fodg/fodg_analytics.py,utility_private,,,,medium,partial,verify,not_started,ACCEPTED_VERIFIED,
fodg,src/python/fodg/fodg_analytics.py,fodg_file_size_mod_47_plus_shape_count_times_800_plus_text_count_times_500,function,src/python/fodg/fodg_analytics.py,utility_private,,,,medium,partial,verify,not_started,ACCEPTED_VERIFIED,
fodg,src/python/fodg/fodg_analytics.py,fodg_file_size_mod_29_times_5_plus_shape_count_times_1100_plus_text_count_times_800,function,src/python/fodg/fodg_analytics.py,utility_private,,,,medium,partial,verify,not_started,ACCEPTED_VERIFIED,
fodg,src/python/fodg/fodg_analytics.py,fodg_file_size_mod_31_times_4_plus_shape_count_times_900_plus_text_count_times_400,function,src/python/fodg/fodg_analytics.py,utility_private,,,,medium,partial,verify,not_started,ACCEPTED_VERIFIED,
fodg,src/python/fodg/fodg_analytics.py,fodg_page_count_times_shape_count_times_1000_plus_text_count_times_500_plus_file_size_mod_37,function,src/python/fodg/fodg_analytics.py,utility_private,,,,medium,partial,verify,not_started,ACCEPTED_VERIFIED,
fodg,src/python/fodg/fodg_analytics.py,fodg_shape_count_squared_plus_text_count_squared_plus_page_count_times_100,function,src/python/fodg/fodg_analytics.py,utility_private,,,,medium,partial,verify,not_started,ACCEPTED_VERIFIED,
fodg,src/python/fodg/fodg_analytics.py,fodg_total_shape_count_times_300_plus_text_item_count_times_200_plus_file_size_mod_31_times_10,function,src/python/fodg/fodg_analytics.py,utility_private,,,,medium,partial,verify,not_started,ACCEPTED_VERIFIED,
fodg,src/python/fodg/fodg_analytics.py,fodg_page_count_times_500_plus_total_shape_count_times_100_plus_file_size_mod_37,function,src/python/fodg/fodg_analytics.py,utility_private,,,,medium,partial,verify,not_started,ACCEPTED_VERIFIED,
fodg,src/python/fodg/fodg_analytics.py,fodg_page_times_600_plus_shape_times_400_plus_file_size_mod_29_times_50,function,src/python/fodg/fodg_analytics.py,utility_private,,,,medium,partial,verify,not_started,ACCEPTED_VERIFIED,
fodg,src/python/fodg/fodg_analytics.py,fodg_shape_times_text_times_500_plus_page_times_700_plus_file_size_mod_41,function,src/python/fodg/fodg_analytics.py,utility_private,,,,medium,partial,verify,not_started,ACCEPTED_VERIFIED,
fodg,src/python/fodg/fodg_analytics.py,fodg_file_size_mod_43_times_5_plus_shape_times_1100_plus_text_times_800_plus_page_times_300,function,src/python/fodg/fodg_analytics.py,utility_private,,,,medium,partial,verify,not_started,ACCEPTED_VERIFIED,
fodg,src/python/fodg/fodg_analytics.py,fodg_file_size_times_3_plus_shape_times_900_plus_text_times_600_plus_page_times_200,function,src/python/fodg/fodg_analytics.py,utility_private,,,,medium,partial,verify,not_started,ACCEPTED_VERIFIED,
fodg,src/python/fodg/fodg_analytics.py,fodg_file_size_mod_53_times_7_plus_shape_times_1200_plus_text_times_900_plus_page_times_400,function,src/python/fodg/fodg_analytics.py,utility_private,,,,medium,partial,verify,not_started,ACCEPTED_VERIFIED,
fodg,src/python/fodg/fodg_analytics.py,fodg_file_size_times_4_plus_shape_times_800_plus_text_times_500_plus_page_times_100,function,src/python/fodg/fodg_analytics.py,utility_private,,,,medium,partial,verify,not_started,ACCEPTED_VERIFIED,
fodg,src/python/fodg/fodg_analytics.py,fodg_file_size_mod_59_times_6_plus_shape_times_1300_plus_text_times_1000_plus_page_times_500,function,src/python/fodg/fodg_analytics.py,utility_private,,,,medium,partial,verify,not_started,ACCEPTED_VERIFIED,
fodg,src/python/fodg/fodg_analytics.py,fodg_file_size_times_5_plus_shape_times_700_plus_text_times_400_plus_page_times_200,function,src/python/fodg/fodg_analytics.py,utility_private,,,,medium,partial,verify,not_started,ACCEPTED_VERIFIED,
fodg,src/python/fodg/fodg_analytics.py,fodg_file_size_mod_11_times_200_plus_shape_count_times_900_plus_text_count_times_400,function,src/python/fodg/fodg_analytics.py,utility_private,,,,medium,partial,verify,not_started,ACCEPTED_VERIFIED,
fodg,src/python/fodg/fodg_analytics.py,fodg_file_size_mod_7_times_100_plus_shape_count_times_600_plus_text_count_times_500,function,src/python/fodg/fodg_analytics.py,utility_private,,,,medium,partial,verify,not_started,ACCEPTED_VERIFIED,
fodg,src/python/fodg/fodg_analytics.py,fodg_file_size_mod_29_times_500_plus_shape_count_times_1100_plus_text_count_times_800,function,src/python/fodg/fodg_analytics.py,utility_private,,,,medium,partial,verify,not_started,ACCEPTED_VERIFIED,
fodg,src/python/fodg/fodg_analytics.py,fodg_file_size_mod_19_times_400_plus_shape_count_times_900_plus_text_count_times_700,function,src/python/fodg/fodg_analytics.py,utility_private,,,,medium,partial,verify,not_started,ACCEPTED_VERIFIED,
fodg,src/python/fodg/fodg_analytics.py,fodg_file_size_mod_37_times_600_plus_shape_count_times_1200_plus_text_count_times_900,function,src/python/fodg/fodg_analytics.py,utility_private,,,,medium,partial,verify,not_started,ACCEPTED_VERIFIED,
fodg,src/python/fodg/fodg_analytics.py,fodg_file_size_mod_43_times_800_plus_shape_count_times_850_plus_text_count_times_650,function,src/python/fodg/fodg_analytics.py,utility_private,,,,medium,partial,verify,not_started,ACCEPTED_VERIFIED,
fodg,src/python/fodg/fodg_analytics.py,fodg_file_size_mod_61_times_8_plus_shape_times_1500_plus_text_times_1100_plus_page_times_600,function,src/python/fodg/fodg_analytics.py,utility_private,,,,medium,partial,verify,not_started,ACCEPTED_VERIFIED,
fodg,src/python/fodg/fodg_analytics.py,fodg_file_size_times_7_plus_shape_times_600_plus_text_times_300_plus_page_times_250,function,src/python/fodg/fodg_analytics.py,utility_private,,,,medium,partial,verify,not_started,ACCEPTED_VERIFIED,
fodg,src/python/fodg/fodg_analytics.py,fodg_file_size_mod_7_times_300_plus_shape_count_times_800_plus_text_count_times_400,function,src/python/fodg/fodg_analytics.py,utility_private,,,,medium,partial,verify,not_started,ACCEPTED_VERIFIED,
fodg,src/python/fodg/fodg_analytics.py,fodg_file_size_mod_17_times_50_plus_shape_count_times_500_plus_text_count_times_250,function,src/python/fodg/fodg_analytics.py,utility_private,,,,medium,partial,verify,not_started,ACCEPTED_VERIFIED,
fodg,src/python/fodg/fodg_analytics.py,fodg_file_size_mod_29_times_5_plus_shape_times_1600_plus_text_times_1200_plus_page_times_700,function,src/python/fodg/fodg_analytics.py,utility_private,,,,medium,partial,verify,not_started,ACCEPTED_VERIFIED,
fodg,src/python/fodg/fodg_analytics.py,fodg_file_size_times_8_plus_shape_times_500_plus_text_times_250_plus_page_times_150,function,src/python/fodg/fodg_analytics.py,utility_private,,,,medium,partial,verify,not_started,ACCEPTED_VERIFIED,
fodg,src/python/fodg/fodg_analytics.py,fodg_file_size_mod_23_times_100_plus_shape_count_times_700_plus_text_count_times_350,function,src/python/fodg/fodg_analytics.py,utility_private,,,,medium,partial,verify,not_started,ACCEPTED_VERIFIED,
fodg,src/python/fodg/fodg_analytics.py,fodg_file_size_mod_11_times_250_plus_shape_count_times_400_plus_text_count_times_600,function,src/python/fodg/fodg_analytics.py,utility_private,,,,medium,partial,verify,not_started,ACCEPTED_VERIFIED,
fodg,src/python/fodg/fodg_analytics.py,fodg_file_size_mod_19_times_150_plus_shape_count_times_600_plus_text_count_times_300,function,src/python/fodg/fodg_analytics.py,utility_private,,,,medium,partial,verify,not_started,ACCEPTED_VERIFIED,
fodg,src/python/fodg/fodg_analytics.py,fodg_file_size_mod_29_times_100_plus_shape_count_times_600_plus_text_count_times_450,function,src/python/fodg/fodg_analytics.py,utility_private,,,,medium,partial,verify,not_started,ACCEPTED_VERIFIED,
fodg,src/python/fodg/fodg_analytics.py,fodg_file_size_mod_37_times_7_plus_shape_times_1700_plus_text_times_1300_plus_page_times_800,function,src/python/fodg/fodg_analytics.py,utility_private,,,,medium,partial,verify,not_started,ACCEPTED_VERIFIED,
fodg,src/python/fodg/fodg_analytics.py,fodg_file_size_times_9_plus_shape_times_400_plus_text_times_200_plus_page_times_100,function,src/python/fodg/fodg_analytics.py,utility_private,,,,medium,partial,verify,not_started,ACCEPTED_VERIFIED,
fodg,src/python/fodg/fodg_analytics.py,fodg_file_size_mod_31_times_100_plus_shape_count_times_750_plus_text_count_times_350,function,src/python/fodg/fodg_analytics.py,utility_private,,,,medium,partial,verify,not_started,ACCEPTED_VERIFIED,
fodg,src/python/fodg/fodg_analytics.py,fodg_file_size_mod_23_times_200_plus_shape_count_times_450_plus_text_count_times_550,function,src/python/fodg/fodg_analytics.py,utility_private,,,,medium,partial,verify,not_started,ACCEPTED_VERIFIED,
fodg,src/python/fodg/fodg_analytics.py,fodg_file_size_mod_31_times_150_plus_shape_count_times_800_plus_text_count_times_400,function,src/python/fodg/fodg_analytics.py,utility_private,,,,medium,partial,verify,not_started,ACCEPTED_VERIFIED,
fodg,src/python/fodg/fodg_analytics.py,fodg_file_size_mod_17_times_250_plus_shape_count_times_500_plus_text_count_times_350,function,src/python/fodg/fodg_analytics.py,utility_private,,,,medium,partial,verify,not_started,ACCEPTED_VERIFIED,
fodg,src/python/fodg/fodg_analytics.py,fodg_file_size_mod_41_times_9_plus_shape_times_1800_plus_text_times_1400_plus_page_times_900,function,src/python/fodg/fodg_analytics.py,utility_private,,,,medium,partial,verify,not_started,ACCEPTED_VERIFIED,
fodg,src/python/fodg/fodg_analytics.py,fodg_file_size_times_10_plus_shape_times_300_plus_text_times_150_plus_page_times_75,function,src/python/fodg/fodg_analytics.py,utility_private,,,,medium,partial,verify,not_started,ACCEPTED_VERIFIED,
fodg,src/python/fodg/fodg_analytics.py,fodg_file_size_mod_43_times_100_plus_shape_count_times_900_plus_text_count_times_500,function,src/python/fodg/fodg_analytics.py,utility_private,,,,medium,partial,verify,not_started,ACCEPTED_VERIFIED,
fodg,src/python/fodg/fodg_analytics.py,fodg_file_size_mod_29_times_150_plus_shape_count_times_600_plus_text_count_times_250,function,src/python/fodg/fodg_analytics.py,utility_private,,,,medium,partial,verify,not_started,ACCEPTED_VERIFIED,
fodg,src/python/fodg/fodg_analytics.py,fodg_file_size_mod_37_times_200_plus_shape_count_times_700_plus_text_count_times_300,function,src/python/fodg/fodg_analytics.py,utility_private,,,,medium,partial,verify,not_started,ACCEPTED_VERIFIED,
fodg,src/python/fodg/fodg_analytics.py,fodg_file_size_mod_53_times_100_plus_shape_count_times_1000_plus_text_count_times_600,function,src/python/fodg/fodg_analytics.py,utility_private,,,,medium,partial,verify,not_started,ACCEPTED_VERIFIED,
fodg,src/python/fodg/fodg_analytics.py,fodg_file_size_mod_43_times_11_plus_shape_times_2000_plus_text_times_1600_plus_page_times_1000,function,src/python/fodg/fodg_analytics.py,utility_private,,,,medium,partial,verify,not_started,ACCEPTED_VERIFIED,
fodg,src/python/fodg/fodg_analytics.py,fodg_file_size_times_11_plus_shape_times_200_plus_text_times_100_plus_page_times_50,function,src/python/fodg/fodg_analytics.py,utility_private,,,,medium,partial,verify,not_started,ACCEPTED_VERIFIED,
fodg,src/python/fodg/fodg_analytics.py,fodg_file_size_mod_47_times_150_plus_shape_count_times_850_plus_text_count_times_450,function,src/python/fodg/fodg_analytics.py,utility_private,,,,medium,partial,verify,not_started,ACCEPTED_VERIFIED,
fodg,src/python/fodg/fodg_analytics.py,fodg_file_size_mod_59_times_200_plus_shape_count_times_950_plus_text_count_times_550,function,src/python/fodg/fodg_analytics.py,utility_private,,,,medium,partial,verify,not_started,ACCEPTED_VERIFIED,
fodg,src/python/fodg/fodg_analytics.py,fodg_file_size_mod_61_times_250_plus_shape_count_times_1050_plus_text_count_times_650,function,src/python/fodg/fodg_analytics.py,utility_private,,,,medium,partial,verify,not_started,ACCEPTED_VERIFIED,
fodg,src/python/fodg/fodg_analytics.py,fodg_file_size_mod_71_times_100_plus_shape_count_times_750_plus_text_count_times_350,function,src/python/fodg/fodg_analytics.py,utility_private,,,,medium,partial,verify,not_started,ACCEPTED_VERIFIED,
fodg,src/python/fodg/fodg_analytics.py,fodg_file_size_mod_83_times_350_plus_shape_count_times_1150_plus_text_count_times_750,function,src/python/fodg/fodg_analytics.py,utility_private,,,,medium,partial,verify,not_started,ACCEPTED_VERIFIED,
fodg,src/python/fodg/fodg_analytics.py,fodg_file_size_mod_89_times_150_plus_shape_count_times_850_plus_text_count_times_450,function,src/python/fodg/fodg_analytics.py,utility_private,,,,medium,partial,verify,not_started,ACCEPTED_VERIFIED,
fodg,src/python/fodg/fodg_analytics.py,fodg_file_size_mod_97_times_200_plus_shape_count_times_950_plus_text_count_times_550,function,src/python/fodg/fodg_analytics.py,utility_private,,,,medium,partial,verify,not_started,ACCEPTED_VERIFIED,
fodg,src/python/fodg/fodg_analytics.py,fodg_file_size_mod_101_times_300_plus_shape_count_times_650_plus_text_count_times_250,function,src/python/fodg/fodg_analytics.py,utility_private,,,,medium,partial,verify,not_started,ACCEPTED_VERIFIED,
fodg,src/python/fodg/fodg_analytics.py,fodg_file_size_mod_103_times_400_plus_shape_count_times_1100_plus_text_count_times_700,function,src/python/fodg/fodg_analytics.py,utility_private,,,,medium,partial,verify,not_started,ACCEPTED_VERIFIED,
fodg,src/python/fodg/fodg_analytics.py,fodg_file_size_mod_107_times_250_plus_shape_count_times_900_plus_text_count_times_500,function,src/python/fodg/fodg_analytics.py,utility_private,,,,medium,partial,verify,not_started,ACCEPTED_VERIFIED,
fodg,src/python/fodg/fodg_analytics.py,fodg_file_size_mod_47_times_13_plus_shape_times_2200_plus_text_times_1800_plus_page_times_1100,function,src/python/fodg/fodg_analytics.py,utility_private,,,,medium,partial,verify,not_started,ACCEPTED_VERIFIED,
fodg,src/python/fodg/fodg_analytics.py,fodg_file_size_times_12_plus_shape_times_100_plus_text_times_50_plus_page_times_25,function,src/python/fodg/fodg_analytics.py,utility_private,,,,medium,partial,verify,not_started,ACCEPTED_VERIFIED,
fodg,src/python/fodg/fodg_analytics.py,fodg_file_size_mod_109_times_450_plus_shape_count_times_1200_plus_text_count_times_800,function,src/python/fodg/fodg_analytics.py,utility_private,,,,medium,partial,verify,not_started,ACCEPTED_VERIFIED,
fodg,src/python/fodg/fodg_analytics.py,fodg_file_size_mod_113_times_350_plus_shape_count_times_1000_plus_text_count_times_600,function,src/python/fodg/fodg_analytics.py,utility_private,,,,medium,partial,verify,not_started,ACCEPTED_VERIFIED,
fodg,src/python/fodg/fodg_analytics.py,fodg_file_size_mod_127_times_400_plus_shape_count_times_1400_plus_text_count_times_900,function,src/python/fodg/fodg_analytics.py,utility_private,,,,medium,partial,verify,not_started,ACCEPTED_VERIFIED,
fodg,src/python/fodg/fodg_analytics.py,fodg_file_size_mod_131_times_500_plus_shape_count_times_1100_plus_text_count_times_700,function,src/python/fodg/fodg_analytics.py,utility_private,,,,medium,partial,verify,not_started,ACCEPTED_VERIFIED,
fodg,src/python/fodg/fodg_analytics.py,fodg_file_size_mod_53_times_15_plus_shape_times_2400_plus_text_times_2000_plus_page_times_1200,function,src/python/fodg/fodg_analytics.py,utility_private,,,,medium,partial,verify,not_started,ACCEPTED_VERIFIED,
fodg,src/python/fodg/fodg_analytics.py,fodg_file_size_times_13_plus_shape_times_50_plus_text_times_30_plus_page_times_15,function,src/python/fodg/fodg_analytics.py,utility_private,,,,medium,partial,verify,not_started,ACCEPTED_VERIFIED,
fodg,src/python/fodg/fodg_analytics.py,fodg_file_size_mod_137_times_450_plus_shape_count_times_1500_plus_text_count_times_1000,function,src/python/fodg/fodg_analytics.py,utility_private,,,,medium,partial,verify,not_started,ACCEPTED_VERIFIED,
fodg,src/python/fodg/fodg_analytics.py,fodg_file_size_mod_139_times_550_plus_shape_count_times_1200_plus_text_count_times_800,function,src/python/fodg/fodg_analytics.py,utility_private,,,,medium,partial,verify,not_started,ACCEPTED_VERIFIED,
fodg,src/python/fodg/fodg_analytics.py,fodg_file_size_mod_149_times_500_plus_shape_count_times_1600_plus_text_count_times_1100,function,src/python/fodg/fodg_analytics.py,utility_private,,,,medium,partial,verify,not_started,ACCEPTED_VERIFIED,
fodg,src/python/fodg/fodg_analytics.py,fodg_file_size_mod_151_times_600_plus_shape_count_times_1300_plus_text_count_times_900,function,src/python/fodg/fodg_analytics.py,utility_private,,,,medium,partial,verify,not_started,ACCEPTED_VERIFIED,
fodg,src/python/fodg/fodg_analytics.py,fodg_file_size_mod_157_times_650_plus_shape_count_times_1700_plus_text_count_times_1200,function,src/python/fodg/fodg_analytics.py,utility_private,,,,medium,partial,verify,not_started,ACCEPTED_VERIFIED,
fodg,src/python/fodg/fodg_analytics.py,fodg_file_size_mod_163_times_700_plus_shape_count_times_1400_plus_text_count_times_1000,function,src/python/fodg/fodg_analytics.py,utility_private,,,,medium,partial,verify,not_started,ACCEPTED_VERIFIED,
fodg,src/python/fodg/fodg_analytics.py,fodg_file_size_mod_59_times_17_plus_shape_times_2600_plus_text_times_2200_plus_page_times_1300,function,src/python/fodg/fodg_analytics.py,utility_private,,,,medium,partial,verify,not_started,ACCEPTED_VERIFIED,
fodg,src/python/fodg/fodg_analytics.py,fodg_file_size_times_14_plus_shape_times_30_plus_text_times_20_plus_page_times_10,function,src/python/fodg/fodg_analytics.py,utility_private,,,,medium,partial,verify,not_started,ACCEPTED_VERIFIED,
fodg,src/python/fodg/fodg_analytics.py,fodg_file_size_mod_61_times_20_plus_shape_count_times_1800_plus_text_count_times_1300,function,src/python/fodg/fodg_analytics.py,utility_private,,,,medium,partial,verify,not_started,ACCEPTED_VERIFIED,
fodg,src/python/fodg/fodg_analytics.py,fodg_file_size_times_17_plus_shape_count_times_40_plus_text_count_times_25_plus_page_count_times_12,function,src/python/fodg/fodg_analytics.py,utility_private,,,,medium,partial,verify,not_started,ACCEPTED_VERIFIED,
fodg,src/python/fodg/fodg_analytics.py,fodg_file_size_mod_167_times_750_plus_shape_count_times_1800_plus_text_count_times_1300,function,src/python/fodg/fodg_analytics.py,utility_private,,,,medium,partial,verify,not_started,ACCEPTED_VERIFIED,
fodg,src/python/fodg/fodg_analytics.py,fodg_file_size_mod_173_times_800_plus_shape_count_times_1500_plus_text_count_times_1100,function,src/python/fodg/fodg_analytics.py,utility_private,,,,medium,partial,verify,not_started,ACCEPTED_VERIFIED,
fodg,src/python/fodg/fodg_analytics.py,fodg_file_size_mod_167_times_5_plus_shape_count_times_2700_plus_text_count_times_2400,function,src/python/fodg/fodg_analytics.py,utility_private,,,,medium,partial,verify,not_started,ACCEPTED_VERIFIED,
fodg,src/python/fodg/fodg_analytics.py,fodg_file_size_times_15_plus_shape_count_times_35_plus_text_count_times_22_plus_page_count_times_11,function,src/python/fodg/fodg_analytics.py,utility_private,,,,medium,partial,verify,not_started,ACCEPTED_VERIFIED,
fodg,src/python/fodg/fodg_analytics.py,fodg_file_size_mod_179_times_850_plus_shape_count_times_1900_plus_text_count_times_1400,function,src/python/fodg/fodg_analytics.py,utility_private,,,,medium,partial,verify,not_started,ACCEPTED_VERIFIED,
fodg,src/python/fodg/fodg_analytics.py,fodg_file_size_mod_181_times_900_plus_shape_count_times_1600_plus_text_count_times_1200,function,src/python/fodg/fodg_analytics.py,utility_private,,,,medium,partial,verify,not_started,ACCEPTED_VERIFIED,
fodg,src/python/fodg/fodg_analytics.py,fodg_file_size_mod_61_times_19_plus_shape_times_2800_plus_text_times_2400_plus_page_times_1400,function,src/python/fodg/fodg_analytics.py,utility_private,,,,medium,partial,verify,not_started,ACCEPTED_VERIFIED,
fodg,src/python/fodg/fodg_analytics.py,fodg_file_size_times_15_plus_shape_times_20_plus_text_times_15_plus_page_times_8,function,src/python/fodg/fodg_analytics.py,utility_private,,,,medium,partial,verify,not_started,ACCEPTED_VERIFIED,
fodg,src/python/fodg/fodg_analytics.py,fodg_file_size_mod_191_times_950_plus_shape_count_times_2000_plus_text_count_times_1500,function,src/python/fodg/fodg_analytics.py,utility_private,,,,medium,partial,verify,not_started,ACCEPTED_VERIFIED,
fodg,src/python/fodg/fodg_analytics.py,fodg_file_size_mod_193_times_1000_plus_shape_count_times_1700_plus_text_count_times_1300,function,src/python/fodg/fodg_analytics.py,utility_private,,,,medium,partial,verify,not_started,ACCEPTED_VERIFIED,
fodg,src/python/fodg/fodg_analytics.py,fodg_file_size_mod_67_times_22_plus_shape_count_times_2000_plus_text_count_times_1400,function,src/python/fodg/fodg_analytics.py,utility_private,,,,medium,partial,verify,not_started,ACCEPTED_VERIFIED,
fodg,src/python/fodg/fodg_analytics.py,fodg_file_size_times_19_plus_shape_count_times_45_plus_text_count_times_28_plus_page_count_times_14,function,src/python/fodg/fodg_analytics.py,utility_private,,,,medium,partial,verify,not_started,ACCEPTED_VERIFIED,
fodg,src/python/fodg/fodg_analytics.py,fodg_file_size_mod_211_times_1050_plus_shape_count_times_2100_plus_text_count_times_1600,function,src/python/fodg/fodg_analytics.py,utility_private,,,,medium,partial,verify,not_started,ACCEPTED_VERIFIED,
fodg,src/python/fodg/fodg_analytics.py,fodg_file_size_mod_223_times_1100_plus_shape_count_times_1800_plus_text_count_times_1400,function,src/python/fodg/fodg_analytics.py,utility_private,,,,medium,partial,verify,not_started,ACCEPTED_VERIFIED,
fodg,src/python/fodg/fodg_analytics.py,fodg_file_size_mod_197_times_7_plus_shape_count_times_2800_plus_text_count_times_2500,function,src/python/fodg/fodg_analytics.py,utility_private,,,,medium,partial,verify,not_started,ACCEPTED_VERIFIED,
fodg,src/python/fodg/fodg_analytics.py,fodg_file_size_times_17_plus_shape_count_times_40_plus_text_count_times_25_plus_page_count_times_13,function,src/python/fodg/fodg_analytics.py,utility_private,,,,medium,partial,verify,not_started,ACCEPTED_VERIFIED,
fodg,src/python/fodg/fodg_analytics.py,fodg_file_size_mod_67_times_21_plus_shape_times_3000_plus_text_times_2600_plus_page_times_1500,function,src/python/fodg/fodg_analytics.py,utility_private,,,,medium,partial,verify,not_started,ACCEPTED_VERIFIED,
fodg,src/python/fodg/fodg_analytics.py,fodg_file_size_times_16_plus_shape_times_12_plus_text_times_10_plus_page_times_6,function,src/python/fodg/fodg_analytics.py,utility_private,,,,medium,partial,verify,not_started,ACCEPTED_VERIFIED,
fodg,src/python/fodg/fodg_analytics.py,fodg_file_size_mod_211_times_9_plus_shape_count_times_2900_plus_text_count_times_2600,function,src/python/fodg/fodg_analytics.py,utility_private,,,,medium,partial,verify,not_started,ACCEPTED_VERIFIED,
fodg,src/python/fodg/fodg_analytics.py,fodg_file_size_times_19_plus_shape_count_times_45_plus_text_count_times_30_plus_page_count_times_15,function,src/python/fodg/fodg_analytics.py,utility_private,,,,medium,partial,verify,not_started,ACCEPTED_VERIFIED,
fodg,src/python/fodg/fodg_analytics.py,fodg_file_size_mod_227_times_1150_plus_shape_count_times_2200_plus_text_count_times_1700,function,src/python/fodg/fodg_analytics.py,utility_private,,,,medium,partial,verify,not_started,ACCEPTED_VERIFIED,
fodg,src/python/fodg/fodg_analytics.py,fodg_file_size_mod_229_times_1200_plus_shape_count_times_1900_plus_text_count_times_1500,function,src/python/fodg/fodg_analytics.py,utility_private,,,,medium,partial,verify,not_started,ACCEPTED_VERIFIED,
fodg,src/python/fodg/fodg_analytics.py,fodg_file_size_mod_227_times_11_plus_shape_count_times_3000_plus_text_count_times_2700,function,src/python/fodg/fodg_analytics.py,utility_private,,,,medium,partial,verify,not_started,ACCEPTED_VERIFIED,
fodg,src/python/fodg/fodg_analytics.py,fodg_file_size_times_21_plus_shape_count_times_50_plus_text_count_times_35_plus_page_count_times_17,function,src/python/fodg/fodg_analytics.py,utility_private,,,,medium,partial,verify,not_started,ACCEPTED_VERIFIED,
fodg,src/python/fodg/fodg_analytics.py,fodg_file_size_mod_71_times_23_plus_shape_times_3200_plus_text_times_2800_plus_page_times_1600,function,src/python/fodg/fodg_analytics.py,utility_private,,,,medium,partial,verify,not_started,ACCEPTED_VERIFIED,
fodg,src/python/fodg/fodg_analytics.py,fodg_file_size_times_17_plus_shape_times_8_plus_text_times_6_plus_page_times_4,function,src/python/fodg/fodg_analytics.py,utility_private,,,,medium,partial,verify,not_started,ACCEPTED_VERIFIED,
fodg,src/python/fodg/fodg_analytics.py,fodg_file_size_mod_233_times_13_plus_shape_count_times_3100_plus_text_count_times_2800,function,src/python/fodg/fodg_analytics.py,utility_private,,,,medium,partial,verify,not_started,ACCEPTED_VERIFIED,
fodg,src/python/fodg/fodg_analytics.py,fodg_file_size_times_23_plus_shape_count_times_55_plus_text_count_times_40_plus_page_count_times_19,function,src/python/fodg/fodg_analytics.py,utility_private,,,,medium,partial,verify,not_started,ACCEPTED_VERIFIED,
fodg,src/python/fodg/fodg_analytics.py,fodg_file_size_mod_241_times_15_plus_shape_count_times_3200_plus_text_count_times_2900,function,src/python/fodg/fodg_analytics.py,utility_private,,,,medium,partial,verify,not_started,ACCEPTED_VERIFIED,
fodg,src/python/fodg/fodg_analytics.py,fodg_file_size_times_25_plus_shape_count_times_60_plus_text_count_times_45_plus_page_count_times_21,function,src/python/fodg/fodg_analytics.py,utility_private,,,,medium,partial,verify,not_started,ACCEPTED_VERIFIED,
fodg,src/python/fodg/fodg_analytics.py,fodg_file_size_mod_79_times_25_plus_shape_times_3400_plus_text_times_3000_plus_page_times_1700,function,src/python/fodg/fodg_analytics.py,utility_private,,,,medium,partial,verify,not_started,ACCEPTED_VERIFIED,
fodg,src/python/fodg/fodg_analytics.py,fodg_file_size_times_19_plus_shape_times_6_plus_text_times_4_plus_page_times_2,function,src/python/fodg/fodg_analytics.py,utility_private,,,,medium,partial,verify,not_started,ACCEPTED_VERIFIED,
fodg,src/python/fodg/fodg_analytics.py,fodg_file_size_mod_251_times_17_plus_shape_count_times_3300_plus_text_count_times_3000,function,src/python/fodg/fodg_analytics.py,utility_private,,,,medium,partial,verify,not_started,ACCEPTED_VERIFIED,
fodg,src/python/fodg/fodg_analytics.py,fodg_file_size_times_27_plus_shape_count_times_65_plus_text_count_times_50_plus_page_count_times_23,function,src/python/fodg/fodg_analytics.py,utility_private,,,,medium,partial,verify,not_started,ACCEPTED_VERIFIED,
fodg,src/python/fodg/fodg_analytics.py,fodg_file_size_mod_83_times_27_plus_shape_times_3600_plus_text_times_3200_plus_page_times_1800,function,src/python/fodg/fodg_analytics.py,utility_private,,,,medium,partial,verify,not_started,ACCEPTED_VERIFIED,
fodg,src/python/fodg/fodg_analytics.py,fodg_file_size_times_20_plus_shape_times_4_plus_text_times_3_plus_page_times_1,function,src/python/fodg/fodg_analytics.py,utility_private,,,,medium,partial,verify,not_started,ACCEPTED_VERIFIED,
fodg,src/python/fodg/fodg_analytics.py,fodg_file_size_mod_89_times_29_plus_shape_times_3800_plus_text_times_3400_plus_page_times_1900,function,src/python/fodg/fodg_analytics.py,utility_private,,,,medium,partial,verify,not_started,ACCEPTED_VERIFIED,
fodg,src/python/fodg/fodg_analytics.py,fodg_file_size_times_21_plus_shape_times_3_plus_text_times_2_plus_page_times_1,function,src/python/fodg/fodg_analytics.py,utility_private,,,,medium,partial,verify,not_started,ACCEPTED_VERIFIED,
fodg,src/python/fodg/fodg_analytics.py,fodg_file_size_mod_239_times_1250_plus_shape_count_times_2300_plus_text_count_times_1800,function,src/python/fodg/fodg_analytics.py,utility_private,,,,medium,partial,verify,not_started,ACCEPTED_VERIFIED,
fodg,src/python/fodg/fodg_analytics.py,fodg_file_size_mod_257_times_1350_plus_shape_count_times_2100_plus_text_count_times_1600,function,src/python/fodg/fodg_analytics.py,utility_private,,,,medium,partial,verify,not_started,ACCEPTED_VERIFIED,
fodg,src/python/fodg/fodg_analytics.py,fodg_file_size_mod_263_times_1400_plus_shape_count_times_2400_plus_text_count_times_1900,function,src/python/fodg/fodg_analytics.py,utility_private,,,,medium,partial,verify,not_started,ACCEPTED_VERIFIED,
fodg,src/python/fodg/fodg_analytics.py,fodg_file_size_mod_269_times_1450_plus_shape_count_times_2200_plus_text_count_times_1700,function,src/python/fodg/fodg_analytics.py,utility_private,,,,medium,partial,verify,not_started,ACCEPTED_VERIFIED,
fodg,src/python/fodg/fodg_analytics.py,fodg_file_size_mod_271_times_1500_plus_shape_count_times_2500_plus_text_count_times_2000,function,src/python/fodg/fodg_analytics.py,utility_private,,,,medium,partial,verify,not_started,ACCEPTED_VERIFIED,
fodg,src/python/fodg/fodg_analytics.py,fodg_file_size_mod_277_times_1550_plus_shape_count_times_2300_plus_text_count_times_1800,function,src/python/fodg/fodg_analytics.py,utility_private,,,,medium,partial,verify,not_started,ACCEPTED_VERIFIED,
fodg,src/python/fodg/fodg_analytics.py,fodg_file_size_mod_97_times_31_plus_shape_times_4000_plus_text_times_3600_plus_page_times_2000,function,src/python/fodg/fodg_analytics.py,utility_private,,,,medium,partial,verify,not_started,ACCEPTED_VERIFIED,
fodg,src/python/fodg/fodg_analytics.py,fodg_file_size_times_22_plus_shape_times_2_plus_text_times_1_plus_page_times_1,function,src/python/fodg/fodg_analytics.py,utility_private,,,,medium,partial,verify,not_started,ACCEPTED_VERIFIED,
fodg,src/python/fodg/fodg_analytics.py,fodg_file_size_mod_101_times_33_plus_shape_times_4200_plus_text_times_3800_plus_page_times_2100,function,src/python/fodg/fodg_analytics.py,utility_private,,,,medium,partial,verify,not_started,ACCEPTED_VERIFIED,
fodg,src/python/fodg/fodg_analytics.py,fodg_file_size_times_23_plus_shape_times_1_plus_text_times_1_plus_page_times_1,function,src/python/fodg/fodg_analytics.py,utility_private,,,,medium,partial,verify,not_started,ACCEPTED_VERIFIED,
fodg,src/python/fodg/fodg_analytics.py,fodg_file_size_mod_107_times_37_plus_shape_times_4400_plus_text_times_4000_plus_page_times_2300,function,src/python/fodg/fodg_analytics.py,utility_private,,,,medium,partial,verify,not_started,ACCEPTED_VERIFIED,
fodg,src/python/fodg/fodg_analytics.py,fodg_file_size_times_24_plus_shape_times_2_plus_text_times_2_plus_page_times_2,function,src/python/fodg/fodg_analytics.py,utility_private,,,,medium,partial,verify,not_started,ACCEPTED_VERIFIED,
fodg,src/python/fodg/fodg_analytics.py,fodg_file_size_mod_109_times_39_plus_shape_times_4600_plus_text_times_4200_plus_page_times_2500,function,src/python/fodg/fodg_analytics.py,utility_private,,,,medium,partial,verify,not_started,ACCEPTED_VERIFIED,
fodg,src/python/fodg/fodg_analytics.py,fodg_file_size_times_25_plus_shape_times_3_plus_text_times_2_plus_page_times_3,function,src/python/fodg/fodg_analytics.py,utility_private,,,,medium,partial,verify,not_started,ACCEPTED_VERIFIED,
fodg,src/python/fodg/fodg_analytics.py,fodg_file_size_mod_281_times_1600_plus_shape_count_times_2600_plus_text_count_times_2100,function,src/python/fodg/fodg_analytics.py,utility_private,,,,medium,partial,verify,not_started,ACCEPTED_VERIFIED,
fodg,src/python/fodg/fodg_analytics.py,fodg_file_size_mod_283_times_1650_plus_shape_count_times_2400_plus_text_count_times_1900,function,src/python/fodg/fodg_analytics.py,utility_private,,,,medium,partial,verify,not_started,ACCEPTED_VERIFIED,
fodg,src/python/fodg/fodg_analytics.py,fodg_file_size_mod_293_times_1700_plus_shape_count_times_2700_plus_text_count_times_2200,function,src/python/fodg/fodg_analytics.py,utility_private,,,,medium,partial,verify,not_started,ACCEPTED_VERIFIED,
fodg,src/python/fodg/fodg_analytics.py,fodg_file_size_mod_307_times_1750_plus_shape_count_times_2500_plus_text_count_times_2000,function,src/python/fodg/fodg_analytics.py,utility_private,,,,medium,partial,verify,not_started,ACCEPTED_VERIFIED,
fodg,src/python/fodg/fodg_analytics.py,fodg_file_size_mod_311_times_1800_plus_shape_count_times_2800_plus_text_count_times_2300,function,src/python/fodg/fodg_analytics.py,utility_private,,,,medium,partial,verify,not_started,ACCEPTED_VERIFIED,
fodg,src/python/fodg/fodg_analytics.py,fodg_file_size_mod_313_times_1850_plus_shape_count_times_2600_plus_text_count_times_2100,function,src/python/fodg/fodg_analytics.py,utility_private,,,,medium,partial,verify,not_started,ACCEPTED_VERIFIED,
fodg,src/python/fodg/fodg_analytics.py,fodg_file_size_mod_113_times_41_plus_shape_times_4800_plus_text_times_4400_plus_page_times_2700,function,src/python/fodg/fodg_analytics.py,utility_private,,,,medium,partial,verify,not_started,ACCEPTED_VERIFIED,
fodg,src/python/fodg/fodg_analytics.py,fodg_file_size_times_26_plus_shape_times_4_plus_text_times_3_plus_page_times_4,function,src/python/fodg/fodg_analytics.py,utility_private,,,,medium,partial,verify,not_started,ACCEPTED_VERIFIED,
fodg,src/python/fodg/fodg_analytics.py,fodg_file_size_mod_127_times_43_plus_shape_times_5000_plus_text_times_4600_plus_page_times_2900,function,src/python/fodg/fodg_analytics.py,utility_private,,,,medium,partial,verify,not_started,ACCEPTED_VERIFIED,
fodg,src/python/fodg/fodg_analytics.py,fodg_file_size_times_27_plus_shape_times_5_plus_text_times_4_plus_page_times_5,function,src/python/fodg/fodg_analytics.py,utility_private,,,,medium,partial,verify,not_started,ACCEPTED_VERIFIED,
fodg,src/python/fodg/fodg_analytics.py,fodg_file_size_mod_131_times_45_plus_shape_times_5200_plus_text_times_4800_plus_page_times_3100,function,src/python/fodg/fodg_analytics.py,utility_private,,,,medium,partial,verify,not_started,ACCEPTED_VERIFIED,
fodg,src/python/fodg/fodg_analytics.py,fodg_file_size_times_28_plus_shape_times_6_plus_text_times_5_plus_page_times_6,function,src/python/fodg/fodg_analytics.py,utility_private,,,,medium,partial,verify,not_started,ACCEPTED_VERIFIED,
fodg,src/python/fodg/fodg_analytics.py,fodg_file_size_mod_293_times_19_plus_shape_count_times_3400_plus_text_count_times_3100,function,src/python/fodg/fodg_analytics.py,utility_private,,,,medium,partial,verify,not_started,ACCEPTED_VERIFIED,
fodg,src/python/fodg/fodg_analytics.py,fodg_file_size_times_29_plus_shape_times_7_plus_text_times_6_plus_page_times_7,function,src/python/fodg/fodg_analytics.py,utility_private,,,,medium,partial,verify,not_started,ACCEPTED_VERIFIED,
fodg,src/python/fodg/fodg_analytics.py,fodg_file_size_mod_139_times_47_plus_shape_times_5400_plus_text_times_5000_plus_page_times_3300,function,src/python/fodg/fodg_analytics.py,utility_private,,,,medium,partial,verify,not_started,ACCEPTED_VERIFIED,
fodg,src/python/fodg/fodg_analytics.py,fodg_file_size_times_29_plus_shape_times_7_plus_text_times_6_plus_page_times_7,function,src/python/fodg/fodg_analytics.py,utility_private,,,,medium,partial,verify,not_started,ACCEPTED_VERIFIED,
fodg,src/python/fodg/fodg_analytics.py,fodg_file_size_mod_149_times_49_plus_shape_times_5600_plus_text_times_5200_plus_page_times_3500,function,src/python/fodg/fodg_analytics.py,utility_private,,,,medium,partial,verify,not_started,ACCEPTED_VERIFIED,
fodg,src/python/fodg/fodg_analytics.py,fodg_file_size_times_30_plus_shape_times_8_plus_text_times_7_plus_page_times_8,function,src/python/fodg/fodg_analytics.py,utility_private,,,,medium,partial,verify,not_started,ACCEPTED_VERIFIED,
fodg,src/python/fodg/fodg_analytics.py,fodg_file_size_mod_317_times_1900_plus_shape_count_times_2900_plus_text_count_times_2400,function,src/python/fodg/fodg_analytics.py,utility_private,,,,medium,partial,verify,not_started,ACCEPTED_VERIFIED,
fodg,src/python/fodg/fodg_analytics.py,fodg_file_size_mod_331_times_1950_plus_shape_count_times_2700_plus_text_count_times_2200,function,src/python/fodg/fodg_analytics.py,utility_private,,,,medium,partial,verify,not_started,ACCEPTED_VERIFIED,
fodg,src/python/fodg/fodg_analytics.py,fodg_file_size_mod_153_times_51_plus_shape_times_5800_plus_text_times_5400_plus_page_times_3700,function,src/python/fodg/fodg_analytics.py,utility_private,,,,medium,partial,verify,not_started,ACCEPTED_VERIFIED,
fodg,src/python/fodg/fodg_analytics.py,fodg_file_size_times_32_plus_shape_times_9_plus_text_times_8_plus_page_times_9,function,src/python/fodg/fodg_analytics.py,utility_private,,,,medium,partial,verify,not_started,ACCEPTED_VERIFIED,
fodg,src/python/fodg/fodg_analytics.py,fodg_file_size_mod_337_times_2000_plus_shape_count_times_3000_plus_text_count_times_2500,function,src/python/fodg/fodg_analytics.py,utility_private,,,,medium,partial,verify,not_started,ACCEPTED_VERIFIED,
fodg,src/python/fodg/fodg_analytics.py,fodg_file_size_mod_347_times_2050_plus_shape_count_times_2800_plus_text_count_times_2300,function,src/python/fodg/fodg_analytics.py,utility_private,,,,medium,partial,verify,not_started,ACCEPTED_VERIFIED,
fodg,src/python/fodg/fodg_analytics.py,fodg_file_size_mod_163_times_55_plus_shape_times_6200_plus_text_times_5800_plus_page_times_4100,function,src/python/fodg/fodg_analytics.py,utility_private,,,,medium,partial,verify,not_started,ACCEPTED_VERIFIED,
fodg,src/python/fodg/fodg_analytics.py,fodg_file_size_times_36_plus_shape_times_11_plus_text_times_10_plus_page_times_11,function,src/python/fodg/fodg_analytics.py,utility_private,,,,medium,partial,verify,not_started,ACCEPTED_VERIFIED,
fodg,src/python/fodg/fodg_analytics.py,fodg_file_size_mod_157_times_53_plus_shape_times_6000_plus_text_times_5600_plus_page_times_3900,function,src/python/fodg/fodg_analytics.py,utility_private,,,,medium,partial,verify,not_started,ACCEPTED_VERIFIED,
fodg,src/python/fodg/fodg_analytics.py,fodg_file_size_times_34_plus_shape_times_10_plus_text_times_9_plus_page_times_10,function,src/python/fodg/fodg_analytics.py,utility_private,,,,medium,partial,verify,not_started,ACCEPTED_VERIFIED,
fodg,src/python/fodg/fodg_analytics.py,fodg_file_size_mod_349_times_2100_plus_shape_count_times_3100_plus_text_count_times_2600,function,src/python/fodg/fodg_analytics.py,utility_private,,,,medium,partial,verify,not_started,ACCEPTED_VERIFIED,
fodg,src/python/fodg/fodg_analytics.py,fodg_file_size_mod_353_times_2150_plus_shape_count_times_2900_plus_text_count_times_2400,function,src/python/fodg/fodg_analytics.py,utility_private,,,,medium,partial,verify,not_started,ACCEPTED_VERIFIED,
fodg,src/python/fodg/fodg_analytics.py,fodg_file_size_mod_359_times_2200_plus_shape_count_times_3200_plus_text_count_times_2700,function,src/python/fodg/fodg_analytics.py,utility_private,,,,medium,partial,verify,not_started,ACCEPTED_VERIFIED,
fodg,src/python/fodg/fodg_analytics.py,fodg_file_size_mod_367_times_2250_plus_shape_count_times_3000_plus_text_count_times_2500,function,src/python/fodg/fodg_analytics.py,utility_private,,,,medium,partial,verify,not_started,ACCEPTED_VERIFIED,
fodg,src/python/fodg/fodg_analytics.py,fodg_file_size_mod_373_times_2300_plus_shape_count_times_3300_plus_text_count_times_2800,function,src/python/fodg/fodg_analytics.py,utility_private,,,,medium,partial,verify,not_started,ACCEPTED_VERIFIED,
fodg,src/python/fodg/fodg_analytics.py,fodg_file_size_mod_379_times_2350_plus_shape_count_times_3100_plus_text_count_times_2600,function,src/python/fodg/fodg_analytics.py,utility_private,,,,medium,partial,verify,not_started,ACCEPTED_VERIFIED,
fodg,src/python/fodg/fodg_analytics.py,fodg_file_size_mod_383_times_2400_plus_shape_count_times_3400_plus_text_count_times_2900,function,src/python/fodg/fodg_analytics.py,utility_private,,,,medium,partial,verify,not_started,ACCEPTED_VERIFIED,
fodg,src/python/fodg/fodg_analytics.py,fodg_file_size_mod_389_times_2450_plus_shape_count_times_3200_plus_text_count_times_2700,function,src/python/fodg/fodg_analytics.py,utility_private,,,,medium,partial,verify,not_started,ACCEPTED_VERIFIED,
fodg,src/python/fodg/fodg_analytics.py,fodg_file_size_mod_397_times_2500_plus_shape_count_times_3500_plus_text_count_times_3000,function,src/python/fodg/fodg_analytics.py,utility_private,,,,medium,partial,verify,not_started,ACCEPTED_VERIFIED,
fodg,src/python/fodg/fodg_analytics.py,fodg_file_size_mod_401_times_2550_plus_shape_count_times_3300_plus_text_count_times_2800,function,src/python/fodg/fodg_analytics.py,utility_private,,,,medium,partial,verify,not_started,ACCEPTED_VERIFIED,
fodg,src/python/fodg/fodg_analytics.py,fodg_file_size_mod_409_times_2600_plus_shape_count_times_3600_plus_text_count_times_3100,function,src/python/fodg/fodg_analytics.py,utility_private,,,,medium,partial,verify,not_started,ACCEPTED_VERIFIED,
fodg,src/python/fodg/fodg_analytics.py,fodg_file_size_mod_419_times_2650_plus_shape_count_times_3400_plus_text_count_times_2900,function,src/python/fodg/fodg_analytics.py,utility_private,,,,medium,partial,verify,not_started,ACCEPTED_VERIFIED,
fodg,src/python/fodg/fodg_analytics.py,fodg_file_size_mod_421_times_2700_plus_shape_count_times_3700_plus_text_count_times_3200,function,src/python/fodg/fodg_analytics.py,utility_private,,,,medium,partial,verify,not_started,ACCEPTED_VERIFIED,
fodg,src/python/fodg/fodg_analytics.py,fodg_file_size_mod_431_times_2750_plus_shape_count_times_3500_plus_text_count_times_3000,function,src/python/fodg/fodg_analytics.py,utility_private,,,,medium,partial,verify,not_started,ACCEPTED_VERIFIED,
fodg,src/python/fodg/fodg_analytics.py,fodg_file_size_mod_163_times_55_plus_shape_times_6200_plus_text_times_5800_plus_page_times_4100,function,src/python/fodg/fodg_analytics.py,utility_private,,,,medium,partial,verify,not_started,ACCEPTED_VERIFIED,
fodg,src/python/fodg/fodg_analytics.py,fodg_file_size_times_36_plus_shape_times_11_plus_text_times_10_plus_page_times_11,function,src/python/fodg/fodg_analytics.py,utility_private,,,,medium,partial,verify,not_started,ACCEPTED_VERIFIED,
fodg,src/python/fodg/fodg_analytics.py,fodg_file_size_mod_167_times_57_plus_shape_times_6400_plus_text_times_6000_plus_page_times_4300,function,src/python/fodg/fodg_analytics.py,utility_private,,,,medium,partial,verify,not_started,ACCEPTED_VERIFIED,
fodg,src/python/fodg/fodg_analytics.py,fodg_file_size_times_38_plus_shape_times_12_plus_text_times_11_plus_page_times_12,function,src/python/fodg/fodg_analytics.py,utility_private,,,,medium,partial,verify,not_started,ACCEPTED_VERIFIED,
fodg,src/python/fodg/fodg_analytics.py,fodg_file_size_mod_383_times_23_plus_shape_count_times_3600_plus_text_count_times_3300,function,src/python/fodg/fodg_analytics.py,utility_private,,,,medium,partial,verify,not_started,ACCEPTED_VERIFIED,
fodg,src/python/fodg/fodg_analytics.py,fodg_file_size_times_39_plus_shape_times_13_plus_text_times_12_plus_page_times_13,function,src/python/fodg/fodg_analytics.py,utility_private,,,,medium,partial,verify,not_started,ACCEPTED_VERIFIED,
fodg,src/python/fodg/fodg_analytics.py,fodg_file_size_mod_183_times_61_plus_shape_times_7000_plus_text_times_6600_plus_page_times_4900,function,src/python/fodg/fodg_analytics.py,utility_private,,,,medium,partial,verify,not_started,ACCEPTED_VERIFIED,
fodg,src/python/fodg/fodg_analytics.py,fodg_file_size_times_41_plus_shape_times_15_plus_text_times_14_plus_page_times_15,function,src/python/fodg/fodg_analytics.py,utility_private,,,,medium,partial,verify,not_started,ACCEPTED_VERIFIED,
fodg,src/python/fodg/fodg_analytics.py,fodg_file_size_mod_187_times_63_plus_shape_times_7200_plus_text_times_6800_plus_page_times_5100,function,src/python/fodg/fodg_analytics.py,utility_private,,,,medium,partial,verify,not_started,ACCEPTED_VERIFIED,
fodg,src/python/fodg/fodg_analytics.py,fodg_file_size_times_43_plus_shape_times_16_plus_text_times_15_plus_page_times_16,function,src/python/fodg/fodg_analytics.py,utility_private,,,,medium,partial,verify,not_started,ACCEPTED_VERIFIED,
fodg,src/python/fodg/fodg_analytics.py,fodg_file_size_mod_191_times_65_plus_shape_times_7400_plus_text_times_7000_plus_page_times_5300,function,src/python/fodg/fodg_analytics.py,utility_private,,,,medium,partial,verify,not_started,ACCEPTED_VERIFIED,
fodg,src/python/fodg/fodg_analytics.py,fodg_file_size_times_45_plus_shape_times_17_plus_text_times_16_plus_page_times_17,function,src/python/fodg/fodg_analytics.py,utility_private,,,,medium,partial,verify,not_started,ACCEPTED_VERIFIED,
fodg,src/python/fodg/fodg_analytics.py,fodg_file_size_mod_193_times_67_plus_shape_times_7600_plus_text_times_7200_plus_page_times_5500,function,src/python/fodg/fodg_analytics.py,utility_private,,,,medium,partial,verify,not_started,ACCEPTED_VERIFIED,
fodg,src/python/fodg/fodg_analytics.py,fodg_file_size_times_47_plus_shape_times_18_plus_text_times_17_plus_page_times_18,function,src/python/fodg/fodg_analytics.py,utility_private,,,,medium,partial,verify,not_started,ACCEPTED_VERIFIED,
fodg,src/python/fodg/fodg_analytics.py,fodg_file_size_mod_197_times_69_plus_shape_times_7800_plus_text_times_7400_plus_page_times_5700,function,src/python/fodg/fodg_analytics.py,utility_private,,,,medium,partial,verify,not_started,ACCEPTED_VERIFIED,
fodg,src/python/fodg/fodg_analytics.py,fodg_file_size_times_49_plus_shape_times_19_plus_text_times_18_plus_page_times_19,function,src/python/fodg/fodg_analytics.py,utility_private,,,,medium,partial,verify,not_started,ACCEPTED_VERIFIED,
fodg,src/python/fodg/fodg_analytics.py,fodg_file_size_mod_433_times_27_plus_shape_count_times_3800_plus_text_count_times_3500,function,src/python/fodg/fodg_analytics.py,utility_private,,,,medium,partial,verify,not_started,ACCEPTED_VERIFIED,
fodg,src/python/fodg/fodg_analytics.py,fodg_file_size_times_51_plus_shape_times_21_plus_text_times_20_plus_page_times_21,function,src/python/fodg/fodg_analytics.py,utility_private,,,,medium,partial,verify,not_started,ACCEPTED_VERIFIED,
fodg,src/python/fodg/fodg_analytics.py,fodg_file_size_mod_433_times_2800_plus_shape_count_times_3800_plus_text_count_times_3300,function,src/python/fodg/fodg_analytics.py,utility_private,,,,medium,partial,verify,not_started,ACCEPTED_VERIFIED,
fodg,src/python/fodg/fodg_analytics.py,fodg_file_size_mod_439_times_2850_plus_shape_count_times_3600_plus_text_count_times_3100,function,src/python/fodg/fodg_analytics.py,utility_private,,,,medium,partial,verify,not_started,ACCEPTED_VERIFIED,
fodg,src/python/fodg/fodg_analytics.py,fodg_file_size_mod_199_times_71_plus_shape_times_8000_plus_text_times_7600_plus_page_times_5900,function,src/python/fodg/fodg_analytics.py,utility_private,,,,medium,partial,verify,not_started,ACCEPTED_VERIFIED,
fodg,src/python/fodg/fodg_analytics.py,fodg_file_size_times_51_plus_shape_times_20_plus_text_times_19_plus_page_times_20,function,src/python/fodg/fodg_analytics.py,utility_private,,,,medium,partial,verify,not_started,ACCEPTED_VERIFIED,
fodg,src/python/fodg/fodg_analytics.py,fodg_file_size_mod_211_times_73_plus_shape_times_8200_plus_text_times_7800_plus_page_times_6100,function,src/python/fodg/fodg_analytics.py,utility_private,,,,medium,partial,verify,not_started,ACCEPTED_VERIFIED,
fodg,src/python/fodg/fodg_analytics.py,fodg_file_size_times_53_plus_shape_times_21_plus_text_times_20_plus_page_times_21,function,src/python/fodg/fodg_analytics.py,utility_private,,,,medium,partial,verify,not_started,ACCEPTED_VERIFIED,
fodg,src/python/fodg/fodg_analytics.py,fodg_file_size_mod_443_times_2900_plus_shape_count_times_3900_plus_text_count_times_3400,function,src/python/fodg/fodg_analytics.py,utility_private,,,,medium,partial,verify,not_started,ACCEPTED_VERIFIED,
fodg,src/python/fodg/fodg_analytics.py,fodg_file_size_mod_449_times_2950_plus_shape_count_times_3700_plus_text_count_times_3200,function,src/python/fodg/fodg_analytics.py,utility_private,,,,medium,partial,verify,not_started,ACCEPTED_VERIFIED,
fodg,src/python/fodg/fodg_analytics.py,fodg_file_size_mod_213_times_75_plus_shape_times_8400_plus_text_times_8000_plus_page_times_6300,function,src/python/fodg/fodg_analytics.py,utility_private,,,,medium,partial,verify,not_started,ACCEPTED_VERIFIED,
fodg,src/python/fodg/fodg_analytics.py,fodg_file_size_times_55_plus_shape_times_22_plus_text_times_21_plus_page_times_22,function,src/python/fodg/fodg_analytics.py,utility_private,,,,medium,partial,verify,not_started,ACCEPTED_VERIFIED,
fodg,src/python/fodg/fodg_analytics.py,fodg_file_size_mod_457_times_3000_plus_shape_count_times_4000_plus_text_count_times_3500,function,src/python/fodg/fodg_analytics.py,utility_private,,,,medium,partial,verify,not_started,ACCEPTED_VERIFIED,
fodg,src/python/fodg/fodg_analytics.py,fodg_file_size_mod_461_times_3050_plus_shape_count_times_3800_plus_text_count_times_3300,function,src/python/fodg/fodg_analytics.py,utility_private,,,,medium,partial,verify,not_started,ACCEPTED_VERIFIED,
fodg,src/python/fodg/fodg_analytics.py,fodg_file_size_mod_463_times_3100_plus_shape_count_times_4100_plus_text_count_times_3600,function,src/python/fodg/fodg_analytics.py,utility_private,,,,medium,partial,verify,not_started,ACCEPTED_VERIFIED,
fodg,src/python/fodg/fodg_analytics.py,fodg_file_size_mod_467_times_3150_plus_shape_count_times_3900_plus_text_count_times_3400,function,src/python/fodg/fodg_analytics.py,utility_private,,,,medium,partial,verify,not_started,ACCEPTED_VERIFIED,
fodg,src/python/fodg/fodg_analytics.py,fodg_file_size_mod_217_times_80_plus_shape_times_8600_plus_text_times_8200_plus_page_times_6500,function,src/python/fodg/fodg_analytics.py,utility_private,,,,medium,partial,verify,not_started,ACCEPTED_VERIFIED,
fodg,src/python/fodg/fodg_analytics.py,fodg_file_size_times_57_plus_shape_times_23_plus_text_times_22_plus_page_times_23,function,src/python/fodg/fodg_analytics.py,utility_private,,,,medium,partial,verify,not_started,ACCEPTED_VERIFIED,
fodg,src/python/fodg/fodg_analytics.py,fodg_file_size_mod_479_times_3200_plus_shape_count_times_4200_plus_text_count_times_3700,function,src/python/fodg/fodg_analytics.py,utility_private,,,,medium,partial,verify,not_started,ACCEPTED_VERIFIED,
fodg,src/python/fodg/fodg_analytics.py,fodg_file_size_mod_487_times_3250_plus_shape_count_times_4000_plus_text_count_times_3500,function,src/python/fodg/fodg_analytics.py,utility_private,,,,medium,partial,verify,not_started,ACCEPTED_VERIFIED,
fodg,src/python/fodg/fodg_analytics.py,fodg_file_size_mod_219_times_85_plus_shape_times_8800_plus_text_times_8400_plus_page_times_6700,function,src/python/fodg/fodg_analytics.py,utility_private,,,,medium,partial,verify,not_started,ACCEPTED_VERIFIED,
fodg,src/python/fodg/fodg_analytics.py,fodg_file_size_times_59_plus_shape_times_24_plus_text_times_23_plus_page_times_24,function,src/python/fodg/fodg_analytics.py,utility_private,,,,medium,partial,verify,not_started,ACCEPTED_VERIFIED,
fodg,src/python/fodg/fodg_analytics.py,fodg_file_size_mod_491_times_31_plus_shape_count_times_4400_plus_text_count_times_3800,function,src/python/fodg/fodg_analytics.py,utility_private,,,,medium,partial,verify,not_started,ACCEPTED_VERIFIED,
fodg,src/python/fodg/fodg_analytics.py,fodg_file_size_times_61_plus_shape_times_25_plus_text_times_24_plus_page_times_25,function,src/python/fodg/fodg_analytics.py,utility_private,,,,medium,partial,verify,not_started,ACCEPTED_VERIFIED,
fodg,src/python/fodg/fodg_analytics.py,fodg_file_size_mod_221_times_90_plus_shape_times_9000_plus_text_times_8600_plus_page_times_6900,function,src/python/fodg/fodg_analytics.py,utility_private,,,,medium,partial,verify,not_started,ACCEPTED_VERIFIED,
fodg,src/python/fodg/fodg_analytics.py,fodg_file_size_times_63_plus_shape_times_25_plus_text_times_24_plus_page_times_25,function,src/python/fodg/fodg_analytics.py,utility_private,,,,medium,partial,verify,not_started,ACCEPTED_VERIFIED,
fodg,src/python/fodg/fodg_analytics.py,fodg_file_size_mod_491_times_3300_plus_shape_count_times_4300_plus_text_count_times_3800,function,src/python/fodg/fodg_analytics.py,utility_private,,,,medium,partial,verify,not_started,ACCEPTED_VERIFIED,
fodg,src/python/fodg/fodg_analytics.py,fodg_file_size_mod_499_times_3350_plus_shape_count_times_4100_plus_text_count_times_3600,function,src/python/fodg/fodg_analytics.py,utility_private,,,,medium,partial,verify,not_started,ACCEPTED_VERIFIED,
fodg,src/python/fodg/fodg_analytics.py,fodg_file_size_mod_225_times_95_plus_shape_times_9200_plus_text_times_8800_plus_page_times_7100,function,src/python/fodg/fodg_analytics.py,utility_private,,,,medium,partial,verify,not_started,ACCEPTED_VERIFIED,
fodg,src/python/fodg/fodg_analytics.py,fodg_file_size_times_65_plus_shape_times_26_plus_text_times_25_plus_page_times_26,function,src/python/fodg/fodg_analytics.py,utility_private,,,,medium,partial,verify,not_started,ACCEPTED_VERIFIED,
fodg,src/python/fodg/fodg_analytics.py,fodg_file_size_mod_523_times_3400_plus_shape_count_times_4400_plus_text_count_times_3900,function,src/python/fodg/fodg_analytics.py,utility_private,,,,medium,partial,verify,not_started,ACCEPTED_VERIFIED,
fodg,src/python/fodg/fodg_analytics.py,fodg_file_size_mod_541_times_3450_plus_shape_count_times_4200_plus_text_count_times_3700,function,src/python/fodg/fodg_analytics.py,utility_private,,,,medium,partial,verify,not_started,ACCEPTED_VERIFIED,
fodg,src/python/fodg/fodg_analytics.py,fodg_file_size_mod_231_times_100_plus_shape_times_9400_plus_text_times_9000_plus_page_times_7300,function,src/python/fodg/fodg_analytics.py,utility_private,,,,medium,partial,verify,not_started,ACCEPTED_VERIFIED,
fodg,src/python/fodg/fodg_analytics.py,fodg_file_size_times_67_plus_shape_times_27_plus_text_times_26_plus_page_times_27,function,src/python/fodg/fodg_analytics.py,utility_private,,,,medium,partial,verify,not_started,ACCEPTED_VERIFIED,
fodg,src/python/fodg/fodg_analytics.py,fodg_file_size_mod_547_times_3500_plus_shape_count_times_4500_plus_text_count_times_4000,function,src/python/fodg/fodg_analytics.py,utility_private,,,,medium,partial,verify,not_started,ACCEPTED_VERIFIED,
fodg,src/python/fodg/fodg_analytics.py,fodg_file_size_mod_557_times_3550_plus_shape_count_times_4300_plus_text_count_times_3800,function,src/python/fodg/fodg_analytics.py,utility_private,,,,medium,partial,verify,not_started,ACCEPTED_VERIFIED,
fodg,src/python/fodg/fodg_analytics.py,fodg_file_size_mod_235_times_105_plus_shape_times_9600_plus_text_times_9200_plus_page_times_7500,function,src/python/fodg/fodg_analytics.py,utility_private,,,,medium,partial,verify,not_started,ACCEPTED_VERIFIED,
fodg,src/python/fodg/fodg_analytics.py,fodg_file_size_times_69_plus_shape_times_28_plus_text_times_27_plus_page_times_28,function,src/python/fodg/fodg_analytics.py,utility_private,,,,medium,partial,verify,not_started,ACCEPTED_VERIFIED,
fodg,src/python/fodg/fodg_analytics.py,fodg_file_size_mod_563_times_3600_plus_shape_count_times_4600_plus_text_count_times_4100,function,src/python/fodg/fodg_analytics.py,utility_private,,,,medium,partial,verify,not_started,ACCEPTED_VERIFIED,
fodg,src/python/fodg/fodg_analytics.py,fodg_file_size_mod_569_times_3650_plus_shape_count_times_4400_plus_text_count_times_3900,function,src/python/fodg/fodg_analytics.py,utility_private,,,,medium,partial,verify,not_started,ACCEPTED_VERIFIED,
fodg,src/python/fodg/fodg_analytics.py,fodg_file_size_mod_241_times_110_plus_shape_times_9800_plus_text_times_9400_plus_page_times_7700,function,src/python/fodg/fodg_analytics.py,utility_private,,,,medium,partial,verify,not_started,ACCEPTED_VERIFIED,
fodg,src/python/fodg/fodg_analytics.py,fodg_file_size_times_71_plus_shape_times_29_plus_text_times_28_plus_page_times_29,function,src/python/fodg/fodg_analytics.py,utility_private,,,,medium,partial,verify,not_started,ACCEPTED_VERIFIED,
fodg,src/python/fodg/fodg_analytics.py,fodg_file_size_mod_571_times_3700_plus_shape_count_times_4700_plus_text_count_times_4200,function,src/python/fodg/fodg_analytics.py,utility_private,,,,medium,partial,verify,not_started,ACCEPTED_VERIFIED,
fodg,src/python/fodg/fodg_analytics.py,fodg_file_size_mod_577_times_3750_plus_shape_count_times_4500_plus_text_count_times_4000,function,src/python/fodg/fodg_analytics.py,utility_private,,,,medium,partial,verify,not_started,ACCEPTED_VERIFIED,
fodg,src/python/fodg/fodg_analytics.py,fodg_file_size_mod_245_times_115_plus_shape_times_10000_plus_text_times_9600_plus_page_times_7900,function,src/python/fodg/fodg_analytics.py,utility_private,,,,medium,partial,verify,not_started,ACCEPTED_VERIFIED,
fodg,src/python/fodg/fodg_analytics.py,fodg_file_size_times_73_plus_shape_times_30_plus_text_times_29_plus_page_times_30,function,src/python/fodg/fodg_analytics.py,utility_private,,,,medium,partial,verify,not_started,ACCEPTED_VERIFIED,
fodg,src/python/fodg/fodg_analytics.py,fodg_file_size_mod_579_times_31_plus_shape_count_times_4800_plus_text_count_times_4300,function,src/python/fodg/fodg_analytics.py,utility_private,,,,medium,partial,verify,not_started,ACCEPTED_VERIFIED,
fodg,src/python/fodg/fodg_analytics.py,fodg_file_size_times_75_plus_shape_times_31_plus_text_times_30_plus_page_times_31,function,src/python/fodg/fodg_analytics.py,utility_private,,,,medium,partial,verify,not_started,ACCEPTED_VERIFIED,
fodg,src/python/fodg/fodg_analytics.py,fodg_file_size_mod_587_times_3800_plus_shape_count_times_4800_plus_text_count_times_4300,function,src/python/fodg/fodg_analytics.py,utility_private,,,,medium,partial,verify,not_started,ACCEPTED_VERIFIED,
fodg,src/python/fodg/fodg_analytics.py,fodg_file_size_mod_593_times_3850_plus_shape_count_times_4600_plus_text_count_times_4100,function,src/python/fodg/fodg_analytics.py,utility_private,,,,medium,partial,verify,not_started,ACCEPTED_VERIFIED,
fodg,src/python/fodg/fodg_analytics.py,fodg_file_size_mod_251_times_120_plus_shape_times_10200_plus_text_times_9800_plus_page_times_8100,function,src/python/fodg/fodg_analytics.py,utility_private,,,,medium,partial,verify,not_started,ACCEPTED_VERIFIED,
fodg,src/python/fodg/fodg_analytics.py,fodg_file_size_times_79_plus_shape_times_31_plus_text_times_30_plus_page_times_31,function,src/python/fodg/fodg_analytics.py,utility_private,,,,medium,partial,verify,not_started,ACCEPTED_VERIFIED,
fodg,src/python/fodg/fodg_analytics.py,fodg_file_size_mod_599_times_3900_plus_shape_count_times_4900_plus_text_count_times_4400,function,src/python/fodg/fodg_analytics.py,utility_private,,,,medium,partial,verify,not_started,ACCEPTED_VERIFIED,
fodg,src/python/fodg/fodg_analytics.py,fodg_file_size_mod_601_times_3950_plus_shape_count_times_4700_plus_text_count_times_4200,function,src/python/fodg/fodg_analytics.py,utility_private,,,,medium,partial,verify,not_started,ACCEPTED_VERIFIED,
fodg,src/python/fodg/fodg_analytics.py,fodg_file_size_mod_253_times_125_plus_shape_times_10400_plus_text_times_10000_plus_page_times_8300,function,src/python/fodg/fodg_analytics.py,utility_private,,,,medium,partial,verify,not_started,ACCEPTED_VERIFIED,
fodg,src/python/fodg/fodg_analytics.py,fodg_file_size_times_81_plus_shape_times_32_plus_text_times_31_plus_page_times_32,function,src/python/fodg/fodg_analytics.py,utility_private,,,,medium,partial,verify,not_started,ACCEPTED_VERIFIED,
fodg,src/python/fodg/fodg_analytics.py,fodg_file_size_mod_607_times_4000_plus_shape_count_times_5000_plus_text_count_times_4500,function,src/python/fodg/fodg_analytics.py,utility_private,,,,medium,partial,verify,not_started,ACCEPTED_VERIFIED,
fodg,src/python/fodg/fodg_analytics.py,fodg_file_size_mod_613_times_4050_plus_shape_count_times_4800_plus_text_count_times_4300,function,src/python/fodg/fodg_analytics.py,utility_private,,,,medium,partial,verify,not_started,ACCEPTED_VERIFIED,
fodg,src/python/fodg/fodg_analytics.py,fodg_file_size_mod_257_times_130_plus_shape_times_10600_plus_text_times_10200_plus_page_times_8500,function,src/python/fodg/fodg_analytics.py,utility_private,,,,medium,partial,verify,not_started,ACCEPTED_VERIFIED,
fodg,src/python/fodg/fodg_analytics.py,fodg_file_size_times_83_plus_shape_times_33_plus_text_times_32_plus_page_times_33,function,src/python/fodg/fodg_analytics.py,utility_private,,,,medium,partial,verify,not_started,ACCEPTED_VERIFIED,
fodg,src/python/fodg/fodg_analytics.py,fodg_file_size_mod_617_times_4100_plus_shape_count_times_5100_plus_text_count_times_4600,function,src/python/fodg/fodg_analytics.py,utility_private,,,,medium,partial,verify,not_started,ACCEPTED_VERIFIED,
fodg,src/python/fodg/fodg_analytics.py,fodg_file_size_mod_619_times_4150_plus_shape_count_times_4900_plus_text_count_times_4400,function,src/python/fodg/fodg_analytics.py,utility_private,,,,medium,partial,verify,not_started,ACCEPTED_VERIFIED,
fodg,src/python/fodg/fodg_analytics.py,fodg_file_size_mod_259_times_135_plus_shape_times_10800_plus_text_times_10400_plus_page_times_8700,function,src/python/fodg/fodg_analytics.py,utility_private,,,,medium,partial,verify,not_started,ACCEPTED_VERIFIED,
fodg,src/python/fodg/fodg_analytics.py,fodg_file_size_times_85_plus_shape_times_34_plus_text_times_33_plus_page_times_34,function,src/python/fodg/fodg_analytics.py,utility_private,,,,medium,partial,verify,not_started,ACCEPTED_VERIFIED,
fodg,src/python/fodg/fodg_analytics.py,fodg_file_size_mod_631_times_4200_plus_shape_count_times_5200_plus_text_count_times_4700,function,src/python/fodg/fodg_analytics.py,utility_private,,,,medium,partial,verify,not_started,ACCEPTED_VERIFIED,
fodg,src/python/fodg/fodg_analytics.py,fodg_file_size_mod_641_times_4250_plus_shape_count_times_5000_plus_text_count_times_4500,function,src/python/fodg/fodg_analytics.py,utility_private,,,,medium,partial,verify,not_started,ACCEPTED_VERIFIED,
fodg,src/python/fodg/fodg_analytics.py,fodg_file_size_mod_261_times_140_plus_shape_times_11000_plus_text_times_10600_plus_page_times_8900,function,src/python/fodg/fodg_analytics.py,utility_private,,,,medium,partial,verify,not_started,ACCEPTED_VERIFIED,
fodg,src/python/fodg/fodg_analytics.py,fodg_file_size_times_87_plus_shape_times_35_plus_text_times_34_plus_page_times_35,function,src/python/fodg/fodg_analytics.py,utility_private,,,,medium,partial,verify,not_started,ACCEPTED_VERIFIED,
fodg,src/python/fodg/fodg_analytics.py,fodg_file_size_mod_271_times_145_plus_shape_times_11200_plus_text_times_10800_plus_page_times_9100,function,src/python/fodg/fodg_analytics.py,utility_private,,,,medium,partial,verify,not_started,ACCEPTED_VERIFIED,
fodg,src/python/fodg/fodg_analytics.py,fodg_file_size_times_89_plus_shape_times_35_plus_text_times_34_plus_page_times_35,function,src/python/fodg/fodg_analytics.py,utility_private,,,,medium,partial,verify,not_started,ACCEPTED_VERIFIED,
fodg,src/python/fodg/fodg_analytics.py,fodg_file_size_mod_643_times_4300_plus_shape_count_times_5300_plus_text_count_times_4800,function,src/python/fodg/fodg_analytics.py,utility_private,,,,medium,partial,verify,not_started,ACCEPTED_VERIFIED,
fodg,src/python/fodg/fodg_analytics.py,fodg_file_size_mod_647_times_4350_plus_shape_count_times_5100_plus_text_count_times_4600,function,src/python/fodg/fodg_analytics.py,utility_private,,,,medium,partial,verify,not_started,ACCEPTED_VERIFIED,
fodg,src/python/fodg/fodg_analytics.py,fodg_file_size_mod_653_times_31_plus_shape_count_times_5200_plus_text_count_times_4700,function,src/python/fodg/fodg_analytics.py,utility_private,,,,medium,partial,verify,not_started,ACCEPTED_VERIFIED,
fodg,src/python/fodg/fodg_analytics.py,fodg_file_size_times_77_plus_shape_times_32_plus_text_times_31_plus_page_times_32,function,src/python/fodg/fodg_analytics.py,utility_private,,,,medium,partial,verify,not_started,ACCEPTED_VERIFIED,
fodg,src/python/fodg/fodg_analytics.py,fodg_file_size_mod_277_times_150_plus_shape_times_11400_plus_text_times_11000_plus_page_times_9300,function,src/python/fodg/fodg_analytics.py,utility_private,,,,medium,partial,verify,not_started,ACCEPTED_VERIFIED,
fodg,src/python/fodg/fodg_analytics.py,fodg_file_size_times_91_plus_shape_times_36_plus_text_times_35_plus_page_times_36,function,src/python/fodg/fodg_analytics.py,utility_private,,,,medium,partial,verify,not_started,ACCEPTED_VERIFIED,
fodg,src/python/fodg/fodg_analytics.py,fodg_file_size_mod_653_times_4400_plus_shape_count_times_5400_plus_text_count_times_4900,function,src/python/fodg/fodg_analytics.py,utility_private,,,,medium,partial,verify,not_started,ACCEPTED_VERIFIED,
fodg,src/python/fodg/fodg_analytics.py,fodg_file_size_mod_659_times_4450_plus_shape_count_times_5200_plus_text_count_times_4700,function,src/python/fodg/fodg_analytics.py,utility_private,,,,medium,partial,verify,not_started,ACCEPTED_VERIFIED,
fodg,src/python/fodg/fodg_analytics.py,fodg_file_size_mod_287_times_155_plus_shape_times_11600_plus_text_times_11200_plus_page_times_9500,function,src/python/fodg/fodg_analytics.py,utility_private,,,,medium,partial,verify,not_started,ACCEPTED_VERIFIED,
fodg,src/python/fodg/fodg_analytics.py,fodg_file_size_times_93_plus_shape_times_37_plus_text_times_36_plus_page_times_37,function,src/python/fodg/fodg_analytics.py,utility_private,,,,medium,partial,verify,not_started,ACCEPTED_VERIFIED,
fodg,src/python/fodg/fodg_analytics.py,fodg_file_size_mod_661_times_4500_plus_shape_count_times_5500_plus_text_count_times_5000,function,src/python/fodg/fodg_analytics.py,utility_private,,,,medium,partial,verify,not_started,ACCEPTED_VERIFIED,
fodg,src/python/fodg/fodg_analytics.py,fodg_file_size_mod_673_times_4550_plus_shape_count_times_5300_plus_text_count_times_4800,function,src/python/fodg/fodg_analytics.py,utility_private,,,,medium,partial,verify,not_started,ACCEPTED_VERIFIED,
fodg,src/python/fodg/fodg_analytics.py,fodg_file_size_mod_289_times_160_plus_shape_times_11800_plus_text_times_11400_plus_page_times_9700,function,src/python/fodg/fodg_analytics.py,utility_private,,,,medium,partial,verify,not_started,ACCEPTED_VERIFIED,
fodg,src/python/fodg/fodg_analytics.py,fodg_file_size_times_95_plus_shape_times_38_plus_text_times_37_plus_page_times_38,function,src/python/fodg/fodg_analytics.py,utility_private,,,,medium,partial,verify,not_started,ACCEPTED_VERIFIED,
fodg,src/python/fodg/fodg_analytics.py,fodg_file_size_mod_677_times_4600_plus_shape_count_times_5600_plus_text_count_times_5100,function,src/python/fodg/fodg_analytics.py,utility_private,,,,medium,partial,verify,not_started,ACCEPTED_VERIFIED,
fodg,src/python/fodg/fodg_analytics.py,fodg_file_size_mod_683_times_4650_plus_shape_count_times_5400_plus_text_count_times_4900,function,src/python/fodg/fodg_analytics.py,utility_private,,,,medium,partial,verify,not_started,ACCEPTED_VERIFIED,
fodg,src/python/fodg/fodg_analytics.py,fodg_file_size_mod_297_times_165_plus_shape_times_12000_plus_text_times_11600_plus_page_times_9900,function,src/python/fodg/fodg_analytics.py,utility_private,,,,medium,partial,verify,not_started,ACCEPTED_VERIFIED,
fodg,src/python/fodg/fodg_analytics.py,fodg_file_size_times_97_plus_shape_times_39_plus_text_times_38_plus_page_times_39,function,src/python/fodg/fodg_analytics.py,utility_private,,,,medium,partial,verify,not_started,ACCEPTED_VERIFIED,
fodg,src/python/fodg/fodg_analytics.py,fodg_file_size_mod_301_times_170_plus_shape_times_12200_plus_text_times_11800_plus_page_times_10100,function,src/python/fodg/fodg_analytics.py,utility_private,,,,medium,partial,verify,not_started,ACCEPTED_VERIFIED,
fodg,src/python/fodg/fodg_analytics.py,fodg_file_size_times_99_plus_shape_times_40_plus_text_times_39_plus_page_times_40,function,src/python/fodg/fodg_analytics.py,utility_private,,,,medium,partial,verify,not_started,ACCEPTED_VERIFIED,
fodg,src/python/fodg/fodg_analytics.py,fodg_file_size_mod_691_times_4700_plus_shape_count_times_5700_plus_text_count_times_5200,function,src/python/fodg/fodg_analytics.py,utility_private,,,,medium,partial,verify,not_started,ACCEPTED_VERIFIED,
fodg,src/python/fodg/fodg_analytics.py,fodg_file_size_mod_701_times_4750_plus_shape_count_times_5500_plus_text_count_times_5000,function,src/python/fodg/fodg_analytics.py,utility_private,,,,medium,partial,verify,not_started,ACCEPTED_VERIFIED,
fodg,src/python/fodg/fodg_analytics.py,fodg_file_size_mod_701_times_31_plus_shape_count_times_5600_plus_text_count_times_5100,function,src/python/fodg/fodg_analytics.py,utility_private,,,,medium,partial,verify,not_started,ACCEPTED_VERIFIED,
fodg,src/python/fodg/fodg_analytics.py,fodg_file_size_times_101_plus_shape_times_34_plus_text_times_33_plus_page_times_34,function,src/python/fodg/fodg_analytics.py,utility_private,,,,medium,partial,verify,not_started,ACCEPTED_VERIFIED,
fodg,src/python/fodg/fodg_analytics.py,fodg_file_size_mod_303_times_175_plus_shape_times_12400_plus_text_times_12000_plus_page_times_10300,function,src/python/fodg/fodg_analytics.py,utility_private,,,,medium,partial,verify,not_started,ACCEPTED_VERIFIED,
fodg,src/python/fodg/fodg_analytics.py,fodg_file_size_times_101_plus_shape_times_41_plus_text_times_40_plus_page_times_41,function,src/python/fodg/fodg_analytics.py,utility_private,,,,medium,partial,verify,not_started,ACCEPTED_VERIFIED,
fodg,src/python/fodg/fodg_analytics.py,fodg_file_size_mod_709_times_4800_plus_shape_count_times_5800_plus_text_count_times_5300,function,src/python/fodg/fodg_analytics.py,utility_private,,,,medium,partial,verify,not_started,ACCEPTED_VERIFIED,
fodg,src/python/fodg/fodg_analytics.py,fodg_file_size_mod_719_times_4850_plus_shape_count_times_5600_plus_text_count_times_5100,function,src/python/fodg/fodg_analytics.py,utility_private,,,,medium,partial,verify,not_started,ACCEPTED_VERIFIED,
fodg,src/python/fodg/fodg_analytics.py,fodg_file_size_mod_305_times_180_plus_shape_times_12600_plus_text_times_12200_plus_page_times_10500,function,src/python/fodg/fodg_analytics.py,utility_private,,,,medium,partial,verify,not_started,ACCEPTED_VERIFIED,
fodg,src/python/fodg/fodg_analytics.py,fodg_file_size_times_103_plus_shape_times_42_plus_text_times_41_plus_page_times_42,function,src/python/fodg/fodg_analytics.py,utility_private,,,,medium,partial,verify,not_started,ACCEPTED_VERIFIED,
fodg,src/python/fodg/fodg_analytics.py,fodg_file_size_mod_309_times_185_plus_shape_times_12800_plus_text_times_12400_plus_page_times_10700,function,src/python/fodg/fodg_analytics.py,utility_private,,,,medium,partial,verify,not_started,ACCEPTED_VERIFIED,
fodg,src/python/fodg/fodg_analytics.py,fodg_file_size_times_105_plus_shape_times_43_plus_text_times_42_plus_page_times_43,function,src/python/fodg/fodg_analytics.py,utility_private,,,,medium,partial,verify,not_started,ACCEPTED_VERIFIED,
fodg,src/python/fodg/fodg_analytics.py,fodg_file_size_mod_727_times_4900_plus_shape_count_times_5900_plus_text_count_times_5400,function,src/python/fodg/fodg_analytics.py,utility_private,,,,medium,partial,verify,not_started,ACCEPTED_VERIFIED,
fodg,src/python/fodg/fodg_analytics.py,fodg_file_size_mod_733_times_4950_plus_shape_count_times_5700_plus_text_count_times_5200,function,src/python/fodg/fodg_analytics.py,utility_private,,,,medium,partial,verify,not_started,ACCEPTED_VERIFIED,
fodg,src/python/fodg/fodg_analytics.py,fodg_file_size_mod_739_times_5000_plus_shape_count_times_6000_plus_text_count_times_5500,function,src/python/fodg/fodg_analytics.py,utility_private,,,,medium,partial,verify,not_started,ACCEPTED_VERIFIED,
fodg,src/python/fodg/fodg_analytics.py,fodg_file_size_mod_743_times_5050_plus_shape_count_times_5800_plus_text_count_times_5300,function,src/python/fodg/fodg_analytics.py,utility_private,,,,medium,partial,verify,not_started,ACCEPTED_VERIFIED,
fodg,src/python/fodg/fodg_analytics.py,fodg_file_size_mod_751_times_5100_plus_shape_count_times_6100_plus_text_count_times_5600,function,src/python/fodg/fodg_analytics.py,utility_private,,,,medium,partial,verify,not_started,ACCEPTED_VERIFIED,
fodg,src/python/fodg/fodg_analytics.py,fodg_file_size_mod_757_times_5150_plus_shape_count_times_5900_plus_text_count_times_5400,function,src/python/fodg/fodg_analytics.py,utility_private,,,,medium,partial,verify,not_started,ACCEPTED_VERIFIED,
fodg,src/python/fodg/fodg_analytics.py,fodg_file_size_mod_761_times_5200_plus_shape_count_times_6200_plus_text_count_times_5700,function,src/python/fodg/fodg_analytics.py,utility_private,,,,medium,partial,verify,not_started,ACCEPTED_VERIFIED,
fodg,src/python/fodg/fodg_analytics.py,fodg_file_size_mod_769_times_5250_plus_shape_count_times_6000_plus_text_count_times_5500,function,src/python/fodg/fodg_analytics.py,utility_private,,,,medium,partial,verify,not_started,ACCEPTED_VERIFIED,
fodg,src/python/fodg/fodg_analytics.py,fodg_file_size_mod_773_times_5300_plus_shape_count_times_6300_plus_text_count_times_5800,function,src/python/fodg/fodg_analytics.py,utility_private,,,,medium,partial,verify,not_started,ACCEPTED_VERIFIED,
fodg,src/python/fodg/fodg_analytics.py,fodg_file_size_mod_787_times_5350_plus_shape_count_times_6100_plus_text_count_times_5600,function,src/python/fodg/fodg_analytics.py,utility_private,,,,medium,partial,verify,not_started,ACCEPTED_VERIFIED,
fodg,src/python/fodg/fodg_analytics.py,fodg_file_size_mod_797_times_5400_plus_shape_count_times_6200_plus_text_count_times_5900,function,src/python/fodg/fodg_analytics.py,utility_private,,,,medium,partial,verify,not_started,ACCEPTED_VERIFIED,
fodg,src/python/fodg/fodg_analytics.py,fodg_file_size_mod_809_times_5450_plus_shape_count_times_6000_plus_text_count_times_5700,function,src/python/fodg/fodg_analytics.py,utility_private,,,,medium,partial,verify,not_started,ACCEPTED_VERIFIED,
fodg,src/python/fodg/fodg_analytics.py,fodg_file_size_mod_811_times_5500_plus_shape_count_times_5800_plus_text_count_times_5600,function,src/python/fodg/fodg_analytics.py,utility_private,,,,medium,partial,verify,not_started,ACCEPTED_VERIFIED,
fodg,src/python/fodg/fodg_analytics.py,fodg_file_size_mod_821_times_5550_plus_shape_count_times_5600_plus_text_count_times_5400,function,src/python/fodg/fodg_analytics.py,utility_private,,,,medium,partial,verify,not_started,ACCEPTED_VERIFIED,
fodg,src/python/fodg/fodg_analytics.py,fodg_file_size_mod_823_times_5600_plus_shape_count_times_5400_plus_text_count_times_5200,function,src/python/fodg/fodg_analytics.py,utility_private,,,,medium,partial,verify,not_started,ACCEPTED_VERIFIED,
fodg,src/python/fodg/fodg_analytics.py,fodg_file_size_mod_827_times_5650_plus_shape_count_times_5200_plus_text_count_times_5000,function,src/python/fodg/fodg_analytics.py,utility_private,,,,medium,partial,verify,not_started,ACCEPTED_VERIFIED,
fodg,src/python/fodg/fodg_analytics.py,fodg_file_size_mod_829_times_5700_plus_shape_count_times_5000_plus_text_count_times_4800,function,src/python/fodg/fodg_analytics.py,utility_private,,,,medium,partial,verify,not_started,ACCEPTED_VERIFIED,
fodg,src/python/fodg/fodg_analytics.py,fodg_file_size_mod_839_times_5750_plus_shape_count_times_4800_plus_text_count_times_4600,function,src/python/fodg/fodg_analytics.py,utility_private,,,,medium,partial,verify,not_started,ACCEPTED_VERIFIED,
fodg,src/python/fodg/fodg_analytics.py,fodg_file_size_mod_853_times_5800_plus_shape_count_times_4600_plus_text_count_times_4400,function,src/python/fodg/fodg_analytics.py,utility_private,,,,medium,partial,verify,not_started,ACCEPTED_VERIFIED,
fodg,src/python/fodg/fodg_analytics.py,fodg_file_size_mod_857_times_5850_plus_shape_count_times_4400_plus_text_count_times_4200,function,src/python/fodg/fodg_analytics.py,utility_private,,,,medium,partial,verify,not_started,ACCEPTED_VERIFIED,
fodg,src/python/fodg/fodg_analytics.py,fodg_file_size_mod_319_times_190_plus_shape_times_13000_plus_text_times_12600_plus_page_times_10900,function,src/python/fodg/fodg_analytics.py,utility_private,,,,medium,partial,verify,not_started,ACCEPTED_VERIFIED,
fodg,src/python/fodg/fodg_analytics.py,fodg_file_size_times_107_plus_shape_times_44_plus_text_times_43_plus_page_times_44,function,src/python/fodg/fodg_analytics.py,utility_private,,,,medium,partial,verify,not_started,ACCEPTED_VERIFIED,
fodg,src/python/fodg/fodg_analytics.py,fodg_file_size_mod_321_times_195_plus_shape_times_13200_plus_text_times_12800_plus_page_times_11100,function,src/python/fodg/fodg_analytics.py,utility_private,,,,medium,partial,verify,not_started,ACCEPTED_VERIFIED,
fodg,src/python/fodg/fodg_analytics.py,fodg_file_size_times_109_plus_shape_times_45_plus_text_times_44_plus_page_times_45,function,src/python/fodg/fodg_analytics.py,utility_private,,,,medium,partial,verify,not_started,ACCEPTED_VERIFIED,
fodg,src/python/fodg/fodg_analytics.py,fodg_file_size_mod_709_times_31_plus_shape_count_times_5800_plus_text_count_times_5300,function,src/python/fodg/fodg_analytics.py,utility_private,,,,medium,partial,verify,not_started,ACCEPTED_VERIFIED,
fodg,src/python/fodg/fodg_analytics.py,fodg_file_size_times_111_plus_shape_times_35_plus_text_times_34_plus_page_times_35,function,src/python/fodg/fodg_analytics.py,utility_private,,,,medium,partial,verify,not_started,ACCEPTED_VERIFIED,
fodg,src/python/fodg/fodg_analytics.py,fodg_file_size_mod_323_times_200_plus_shape_times_13400_plus_text_times_13000_plus_page_times_11300,function,src/python/fodg/fodg_analytics.py,utility_private,,,,medium,partial,verify,not_started,ACCEPTED_VERIFIED,
fodg,src/python/fodg/fodg_analytics.py,fodg_file_size_times_113_plus_shape_times_46_plus_text_times_45_plus_page_times_46,function,src/python/fodg/fodg_analytics.py,utility_private,,,,medium,partial,verify,not_started,ACCEPTED_VERIFIED,
fodg,src/python/fodg/fodg_analytics.py,fodg_file_size_mod_325_times_205_plus_shape_times_13600_plus_text_times_13200_plus_page_times_11500,function,src/python/fodg/fodg_analytics.py,utility_private,,,,medium,partial,verify,not_started,ACCEPTED_VERIFIED,
fodg,src/python/fodg/fodg_analytics.py,fodg_file_size_times_115_plus_shape_times_47_plus_text_times_46_plus_page_times_47,function,src/python/fodg/fodg_analytics.py,utility_private,,,,medium,partial,verify,not_started,ACCEPTED_VERIFIED,
fodg,src/python/fodg/fodg_analytics.py,fodg_file_size_mod_327_times_210_plus_shape_times_13800_plus_text_times_13400_plus_page_times_11700,function,src/python/fodg/fodg_analytics.py,utility_private,,,,medium,partial,verify,not_started,ACCEPTED_VERIFIED,
fodg,src/python/fodg/fodg_analytics.py,fodg_file_size_times_117_plus_shape_times_48_plus_text_times_47_plus_page_times_48,function,src/python/fodg/fodg_analytics.py,utility_private,,,,medium,partial,verify,not_started,ACCEPTED_VERIFIED,
fodg,src/python/fodg/fodg_analytics.py,fodg_file_size_mod_329_times_215_plus_shape_times_14000_plus_text_times_13600_plus_page_times_11900,function,src/python/fodg/fodg_analytics.py,utility_private,,,,medium,partial,verify,not_started,ACCEPTED_VERIFIED,
fodg,src/python/fodg/fodg_analytics.py,fodg_file_size_times_119_plus_shape_times_49_plus_text_times_48_plus_page_times_49,function,src/python/fodg/fodg_analytics.py,utility_private,,,,medium,partial,verify,not_started,ACCEPTED_VERIFIED,
fodg,src/python/fodg/fodg_analytics.py,fodg_file_size_mod_719_times_31_plus_shape_count_times_5800_plus_text_count_times_5300,function,src/python/fodg/fodg_analytics.py,utility_private,,,,medium,partial,verify,not_started,ACCEPTED_VERIFIED,
fodg,src/python/fodg/fodg_analytics.py,fodg_file_size_times_121_plus_shape_times_50_plus_text_times_49_plus_page_times_50,function,src/python/fodg/fodg_analytics.py,utility_private,,,,medium,partial,verify,not_started,ACCEPTED_VERIFIED,
fodg,src/python/fodg/fodg_analytics.py,fodg_file_size_mod_333_times_220_plus_shape_times_14200_plus_text_times_13800_plus_page_times_12100,function,src/python/fodg/fodg_analytics.py,utility_private,,,,medium,partial,verify,not_started,ACCEPTED_VERIFIED,
fodg,src/python/fodg/fodg_analytics.py,fodg_file_size_times_123_plus_shape_times_51_plus_text_times_50_plus_page_times_51,function,src/python/fodg/fodg_analytics.py,utility_private,,,,medium,partial,verify,not_started,ACCEPTED_VERIFIED,
fodg,src/python/fodg/fodg_analytics.py,fodg_file_size_mod_339_times_225_plus_shape_times_14400_plus_text_times_14000_plus_page_times_12300,function,src/python/fodg/fodg_analytics.py,utility_private,,,,medium,partial,verify,not_started,ACCEPTED_VERIFIED,
fodg,src/python/fodg/fodg_analytics.py,fodg_file_size_times_125_plus_shape_times_52_plus_text_times_51_plus_page_times_52,function,src/python/fodg/fodg_analytics.py,utility_private,,,,medium,partial,verify,not_started,ACCEPTED_VERIFIED,
fodg,src/python/fodg/fodg_analytics.py,fodg_file_size_mod_341_times_230_plus_shape_times_14600_plus_text_times_14200_plus_page_times_12500,function,src/python/fodg/fodg_analytics.py,utility_private,,,,medium,partial,verify,not_started,ACCEPTED_VERIFIED,
fodg,src/python/fodg/fodg_analytics.py,fodg_file_size_times_127_plus_shape_times_53_plus_text_times_52_plus_page_times_53,function,src/python/fodg/fodg_analytics.py,utility_private,,,,medium,partial,verify,not_started,ACCEPTED_VERIFIED,
fodg,src/python/fodg/fodg_analytics.py,fodg_file_size_mod_727_times_31_plus_shape_count_times_5900_plus_text_count_times_5400,function,src/python/fodg/fodg_analytics.py,utility_private,,,,medium,partial,verify,not_started,ACCEPTED_VERIFIED,
fodg,src/python/fodg/fodg_analytics.py,fodg_file_size_mod_353_times_235_plus_shape_times_14800_plus_text_times_14400_plus_page_times_12700,function,src/python/fodg/fodg_analytics.py,utility_private,,,,medium,partial,verify,not_started,ACCEPTED_VERIFIED,
fodg,src/python/fodg/fodg_analytics.py,fodg_file_size_times_129_plus_shape_times_54_plus_text_times_53_plus_page_times_54,function,src/python/fodg/fodg_analytics.py,utility_private,,,,medium,partial,verify,not_started,ACCEPTED_VERIFIED,
fodg,src/python/fodg/fodg_analytics.py,fodg_file_size_mod_359_times_240_plus_shape_times_15000_plus_text_times_14600_plus_page_times_12900,function,src/python/fodg/fodg_analytics.py,utility_private,,,,medium,partial,verify,not_started,ACCEPTED_VERIFIED,
fodg,src/python/fodg/fodg_analytics.py,fodg_file_size_times_131_plus_shape_times_55_plus_text_times_54_plus_page_times_55,function,src/python/fodg/fodg_analytics.py,utility_private,,,,medium,partial,verify,not_started,ACCEPTED_VERIFIED,
fodg,src/python/fodg/fodg_analytics.py,fodg_file_size_mod_361_times_245_plus_shape_times_15200_plus_text_times_14800_plus_page_times_13100,function,src/python/fodg/fodg_analytics.py,utility_private,,,,medium,partial,verify,not_started,ACCEPTED_VERIFIED,
fodg,src/python/fodg/fodg_analytics.py,fodg_file_size_times_133_plus_shape_times_56_plus_text_times_55_plus_page_times_56,function,src/python/fodg/fodg_analytics.py,utility_private,,,,medium,partial,verify,not_started,ACCEPTED_VERIFIED,
fodg,src/python/fodg/fodg_analytics.py,fodg_file_size_mod_367_times_250_plus_shape_times_15400_plus_text_times_15000_plus_page_times_13300,function,src/python/fodg/fodg_analytics.py,utility_private,,,,medium,partial,verify,not_started,ACCEPTED_VERIFIED,
fodg,src/python/fodg/fodg_analytics.py,fodg_file_size_times_135_plus_shape_times_57_plus_text_times_56_plus_page_times_57,function,src/python/fodg/fodg_analytics.py,utility_private,,,,medium,partial,verify,not_started,ACCEPTED_VERIFIED,
fodg,src/python/fodg/fodg_analytics.py,fodg_file_size_mod_373_times_255_plus_shape_times_15600_plus_text_times_15200_plus_page_times_13500,function,src/python/fodg/fodg_analytics.py,utility_private,,,,medium,partial,verify,not_started,ACCEPTED_VERIFIED,
fodg,src/python/fodg/fodg_analytics.py,fodg_file_size_times_137_plus_shape_times_58_plus_text_times_57_plus_page_times_58,function,src/python/fodg/fodg_analytics.py,utility_private,,,,medium,partial,verify,not_started,ACCEPTED_VERIFIED,
fodg,src/python/fodg/fodg_analytics.py,fodg_file_size_mod_379_times_260_plus_shape_times_15800_plus_text_times_15400_plus_page_times_13700,function,src/python/fodg/fodg_analytics.py,utility_private,,,,medium,partial,verify,not_started,ACCEPTED_VERIFIED,
fodg,src/python/fodg/fodg_analytics.py,fodg_file_size_times_139_plus_shape_times_59_plus_text_times_58_plus_page_times_59,function,src/python/fodg/fodg_analytics.py,utility_private,,,,medium,partial,verify,not_started,ACCEPTED_VERIFIED,
fodg,src/python/fodg/fodg_analytics.py,fodg_file_size_mod_383_times_265_plus_shape_times_16000_plus_text_times_15600_plus_page_times_13900,function,src/python/fodg/fodg_analytics.py,utility_private,,,,medium,partial,verify,not_started,ACCEPTED_VERIFIED,
fodg,src/python/fodg/fodg_analytics.py,fodg_file_size_times_141_plus_shape_times_60_plus_text_times_59_plus_page_times_60,function,src/python/fodg/fodg_analytics.py,utility_private,,,,medium,partial,verify,not_started,ACCEPTED_VERIFIED,
fodg,src/python/fodg/fodg_analytics.py,fodg_file_size_mod_389_times_270_plus_shape_times_16200_plus_text_times_15800_plus_page_times_14100,function,src/python/fodg/fodg_analytics.py,utility_private,,,,medium,partial,verify,not_started,ACCEPTED_VERIFIED,
fodg,src/python/fodg/fodg_analytics.py,fodg_file_size_times_143_plus_shape_times_61_plus_text_times_60_plus_page_times_61,function,src/python/fodg/fodg_analytics.py,utility_private,,,,medium,partial,verify,not_started,ACCEPTED_VERIFIED,
fodg,src/python/fodg/fodg_analytics.py,fodg_file_size_mod_397_times_275_plus_shape_times_16400_plus_text_times_16000_plus_page_times_14300,function,src/python/fodg/fodg_analytics.py,utility_private,,,,medium,partial,verify,not_started,ACCEPTED_VERIFIED,
fodg,src/python/fodg/fodg_analytics.py,fodg_file_size_times_145_plus_shape_times_62_plus_text_times_61_plus_page_times_62,function,src/python/fodg/fodg_analytics.py,utility_private,,,,medium,partial,verify,not_started,ACCEPTED_VERIFIED,
fodg,src/python/fodg/fodg_analytics.py,fodg_file_size_mod_401_times_280_plus_shape_times_16600_plus_text_times_16200_plus_page_times_14500,function,src/python/fodg/fodg_analytics.py,utility_private,,,,medium,partial,verify,not_started,ACCEPTED_VERIFIED,
fodg,src/python/fodg/fodg_analytics.py,fodg_file_size_times_147_plus_shape_times_63_plus_text_times_62_plus_page_times_63,function,src/python/fodg/fodg_analytics.py,utility_private,,,,medium,partial,verify,not_started,ACCEPTED_VERIFIED,
fodg,src/python/fodg/fodg_analytics.py,fodg_file_size_mod_401_times_280_plus_shape_times_16600_plus_text_times_16200_plus_page_times_14500,function,src/python/fodg/fodg_analytics.py,utility_private,,,,medium,partial,verify,not_started,ACCEPTED_VERIFIED,
fodg,src/python/fodg/fodg_analytics.py,fodg_file_size_times_147_plus_shape_times_63_plus_text_times_62_plus_page_times_63,function,src/python/fodg/fodg_analytics.py,utility_private,,,,medium,partial,verify,not_started,ACCEPTED_VERIFIED,
fodg,src/python/fodg/fodg_analytics.py,fodg_file_size_mod_409_times_285_plus_shape_times_16800_plus_text_times_16400_plus_page_times_14700,function,src/python/fodg/fodg_analytics.py,utility_private,,,,medium,partial,verify,not_started,ACCEPTED_VERIFIED,
fodg,src/python/fodg/fodg_analytics.py,fodg_file_size_times_149_plus_shape_times_64_plus_text_times_63_plus_page_times_64,function,src/python/fodg/fodg_analytics.py,utility_private,,,,medium,partial,verify,not_started,ACCEPTED_VERIFIED,
fodg,src/python/fodg/fodg_analytics.py,fodg_file_size_mod_419_times_290_plus_shape_times_17000_plus_text_times_16600_plus_page_times_14900,function,src/python/fodg/fodg_analytics.py,utility_private,,,,medium,partial,verify,not_started,ACCEPTED_VERIFIED,
fodg,src/python/fodg/fodg_analytics.py,fodg_file_size_times_151_plus_shape_times_65_plus_text_times_64_plus_page_times_65,function,src/python/fodg/fodg_analytics.py,utility_private,,,,medium,partial,verify,not_started,ACCEPTED_VERIFIED,
fodg,src/python/fodg/fodg_analytics.py,fodg_file_size_mod_503_times_3300_plus_shape_count_times_4200_plus_text_count_times_3700,function,src/python/fodg/fodg_analytics.py,utility_private,,,,medium,partial,verify,not_started,ACCEPTED_VERIFIED,
fodg,src/python/fodg/fodg_analytics.py,fodg_file_size_times_159_plus_shape_times_67_plus_text_times_66_plus_page_times_67,function,src/python/fodg/fodg_analytics.py,utility_private,,,,medium,partial,verify,not_started,ACCEPTED_VERIFIED,
fodg,src/python/fodg/fodg_analytics.py,fodg_file_size_mod_509_times_295_plus_shape_times_17200_plus_text_times_16800_plus_page_times_15100,function,src/python/fodg/fodg_analytics.py,utility_private,,,,medium,partial,verify,not_started,ACCEPTED_VERIFIED,
fodg,src/python/fodg/fodg_analytics.py,fodg_file_size_times_163_plus_shape_times_68_plus_text_times_67_plus_page_times_68,function,src/python/fodg/fodg_analytics.py,utility_private,,,,medium,partial,verify,not_started,ACCEPTED_VERIFIED,
fodg,src/python/fodg/fodg_analytics.py,fodg_file_size_mod_421_times_295_plus_shape_times_17200_plus_text_times_16800_plus_page_times_15100,function,src/python/fodg/fodg_analytics.py,utility_private,,,,medium,partial,verify,not_started,ACCEPTED_VERIFIED,
fodg,src/python/fodg/fodg_analytics.py,fodg_file_size_times_153_plus_shape_times_66_plus_text_times_65_plus_page_times_66,function,src/python/fodg/fodg_analytics.py,utility_private,,,,medium,partial,verify,not_started,ACCEPTED_VERIFIED,
fodg,src/python/fodg/fodg_analytics.py,fodg_file_size_mod_423_times_300_plus_shape_times_17400_plus_text_times_17000_plus_page_times_15300,function,src/python/fodg/fodg_analytics.py,utility_private,,,,medium,partial,verify,not_started,ACCEPTED_VERIFIED,
fodg,src/python/fodg/fodg_analytics.py,fodg_file_size_times_155_plus_shape_times_67_plus_text_times_66_plus_page_times_67,function,src/python/fodg/fodg_analytics.py,utility_private,,,,medium,partial,verify,not_started,ACCEPTED_VERIFIED,
fodg,src/python/fodg/fodg_analytics.py,fodg_file_size_mod_431_times_305_plus_shape_times_17600_plus_text_times_17200_plus_page_times_15500,function,src/python/fodg/fodg_analytics.py,utility_private,,,,medium,partial,verify,not_started,ACCEPTED_VERIFIED,
fodg,src/python/fodg/fodg_analytics.py,fodg_file_size_times_157_plus_shape_times_69_plus_text_times_68_plus_page_times_69,function,src/python/fodg/fodg_analytics.py,utility_private,,,,medium,partial,verify,not_started,ACCEPTED_VERIFIED,
fodg,src/python/fodg/fodg_analytics.py,fodg_file_size_mod_433_times_310_plus_shape_times_17600_plus_text_times_17200_plus_page_times_15500,function,src/python/fodg/fodg_analytics.py,utility_private,,,,medium,partial,verify,not_started,ACCEPTED_VERIFIED,
fodg,src/python/fodg/fodg_analytics.py,fodg_file_size_times_157_plus_shape_times_68_plus_text_times_67_plus_page_times_68,function,src/python/fodg/fodg_analytics.py,utility_private,,,,medium,partial,verify,not_started,ACCEPTED_VERIFIED,
fodg,src/python/fodg/fodg_analytics.py,fodg_file_size_mod_439_times_315_plus_shape_times_17800_plus_text_times_17400_plus_page_times_15700,function,src/python/fodg/fodg_analytics.py,utility_private,,,,medium,partial,verify,not_started,ACCEPTED_VERIFIED,
fodg,src/python/fodg/fodg_analytics.py,fodg_file_size_times_159_plus_shape_times_70_plus_text_times_69_plus_page_times_70,function,src/python/fodg/fodg_analytics.py,utility_private,,,,medium,partial,verify,not_started,ACCEPTED_VERIFIED,
fodg,src/python/fodg/fodg_analytics.py,fodg_file_size_mod_443_times_315_plus_shape_times_17800_plus_text_times_17400_plus_page_times_15700,function,src/python/fodg/fodg_analytics.py,utility_private,,,,medium,partial,verify,not_started,ACCEPTED_VERIFIED,
fodg,src/python/fodg/fodg_analytics.py,fodg_file_size_times_159_plus_shape_times_69_plus_text_times_68_plus_page_times_69,function,src/python/fodg/fodg_analytics.py,utility_private,,,,medium,partial,verify,not_started,ACCEPTED_VERIFIED,
fodg,src/python/fodg/fodg_analytics.py,fodg_file_size_mod_449_times_320_plus_shape_times_18000_plus_text_times_17600_plus_page_times_15900,function,src/python/fodg/fodg_analytics.py,utility_private,,,,medium,partial,verify,not_started,ACCEPTED_VERIFIED,
fodg,src/python/fodg/fodg_analytics.py,fodg_file_size_times_161_plus_shape_times_70_plus_text_times_69_plus_page_times_70,function,src/python/fodg/fodg_analytics.py,utility_private,,,,medium,partial,verify,not_started,ACCEPTED_VERIFIED,
fodg,src/python/fodg/fodg_analytics.py,fodg_file_size_mod_521_times_3450_plus_shape_count_times_4500_plus_text_count_times_4000,function,src/python/fodg/fodg_analytics.py,utility_private,,,,medium,partial,verify,not_started,ACCEPTED_VERIFIED,
fodg,src/python/fodg/fodg_analytics.py,fodg_file_size_times_165_plus_shape_times_71_plus_text_times_70_plus_page_times_71,function,src/python/fodg/fodg_analytics.py,utility_private,,,,medium,partial,verify,not_started,ACCEPTED_VERIFIED,
fodg,src/python/fodg/fodg_analytics.py,fodg_file_size_mod_457_times_325_plus_shape_times_18200_plus_text_times_17800_plus_page_times_16100,function,src/python/fodg/fodg_analytics.py,utility_private,,,,medium,partial,verify,not_started,ACCEPTED_VERIFIED,
fodg,src/python/fodg/fodg_analytics.py,fodg_file_size_times_163_plus_shape_times_71_plus_text_times_70_plus_page_times_71,function,src/python/fodg/fodg_analytics.py,utility_private,,,,medium,partial,verify,not_started,ACCEPTED_VERIFIED,
fodg,src/python/fodg/fodg_analytics.py,fodg_file_size_mod_461_times_330_plus_shape_times_18400_plus_text_times_18000_plus_page_times_16300,function,src/python/fodg/fodg_analytics.py,utility_private,,,,medium,partial,verify,not_started,ACCEPTED_VERIFIED,
fodg,src/python/fodg/fodg_analytics.py,fodg_file_size_times_167_plus_shape_times_72_plus_text_times_71_plus_page_times_72,function,src/python/fodg/fodg_analytics.py,utility_private,,,,medium,partial,verify,not_started,ACCEPTED_VERIFIED,
fodg,src/python/fodg/fodg_analytics.py,fodg_file_size_mod_463_times_335_plus_shape_times_18400_plus_text_times_18000_plus_page_times_16300,function,src/python/fodg/fodg_analytics.py,utility_private,,,,medium,partial,verify,not_started,ACCEPTED_VERIFIED,
fodg,src/python/fodg/fodg_analytics.py,fodg_file_size_times_165_plus_shape_times_72_plus_text_times_71_plus_page_times_72,function,src/python/fodg/fodg_analytics.py,utility_private,,,,medium,partial,verify,not_started,ACCEPTED_VERIFIED,
fodg,src/python/fodg/fodg_analytics.py,fodg_file_size_mod_467_times_340_plus_shape_times_18600_plus_text_times_18200_plus_page_times_16500,function,src/python/fodg/fodg_analytics.py,utility_private,,,,medium,partial,verify,not_started,ACCEPTED_VERIFIED,
fodg,src/python/fodg/fodg_analytics.py,fodg_file_size_times_167_plus_shape_times_73_plus_text_times_72_plus_page_times_73,function,src/python/fodg/fodg_analytics.py,utility_private,,,,medium,partial,verify,not_started,ACCEPTED_VERIFIED,
fodg,src/python/fodg/fodg_analytics.py,fodg_file_size_mod_479_times_345_plus_shape_times_18800_plus_text_times_18400_plus_page_times_16700,function,src/python/fodg/fodg_analytics.py,utility_private,,,,medium,partial,verify,not_started,ACCEPTED_VERIFIED,
fodg,src/python/fodg/fodg_analytics.py,fodg_file_size_times_169_plus_shape_times_74_plus_text_times_73_plus_page_times_74,function,src/python/fodg/fodg_analytics.py,utility_private,,,,medium,partial,verify,not_started,ACCEPTED_VERIFIED,
fodg,src/python/fodg/fodg_analytics.py,fodg_file_size_mod_487_times_350_plus_shape_times_19000_plus_text_times_18600_plus_page_times_16900,function,src/python/fodg/fodg_analytics.py,utility_private,,,,medium,partial,verify,not_started,ACCEPTED_VERIFIED,
fodg,src/python/fodg/fodg_analytics.py,fodg_file_size_times_171_plus_shape_times_75_plus_text_times_74_plus_page_times_75,function,src/python/fodg/fodg_analytics.py,utility_private,,,,medium,partial,verify,not_started,ACCEPTED_VERIFIED,
fodg,src/python/fodg/fodg_analytics.py,fodg_file_size_mod_491_times_355_plus_shape_times_19200_plus_text_times_18800_plus_page_times_17100,function,src/python/fodg/fodg_analytics.py,utility_private,,,,medium,partial,verify,not_started,ACCEPTED_VERIFIED,
fodg,src/python/fodg/fodg_analytics.py,fodg_file_size_times_173_plus_shape_times_76_plus_text_times_75_plus_page_times_76,function,src/python/fodg/fodg_analytics.py,utility_private,,,,medium,partial,verify,not_started,ACCEPTED_VERIFIED,
fodg,src/python/fodg/fodg_analytics.py,fodg_file_size_mod_499_times_360_plus_shape_times_19400_plus_text_times_19000_plus_page_times_17300,function,src/python/fodg/fodg_analytics.py,utility_private,,,,medium,partial,verify,not_started,ACCEPTED_VERIFIED,
fodg,src/python/fodg/fodg_analytics.py,fodg_file_size_times_175_plus_shape_times_77_plus_text_times_76_plus_page_times_77,function,src/python/fodg/fodg_analytics.py,utility_private,,,,medium,partial,verify,not_started,ACCEPTED_VERIFIED,
fodg,src/python/fodg/fodg_analytics.py,fodg_file_size_mod_521_times_365_plus_shape_times_19600_plus_text_times_19200_plus_page_times_17500,function,src/python/fodg/fodg_analytics.py,utility_private,,,,medium,partial,verify,not_started,ACCEPTED_VERIFIED,
fodg,src/python/fodg/fodg_analytics.py,fodg_file_size_times_177_plus_shape_times_78_plus_text_times_77_plus_page_times_78,function,src/python/fodg/fodg_analytics.py,utility_private,,,,medium,partial,verify,not_started,ACCEPTED_VERIFIED,
fodg,src/python/fodg/fodg_analytics.py,fodg_file_size_mod_541_times_3550_plus_shape_count_times_4600_plus_text_count_times_4100,function,src/python/fodg/fodg_analytics.py,utility_private,,,,medium,partial,verify,not_started,ACCEPTED_VERIFIED,
fodg,src/python/fodg/fodg_analytics.py,fodg_file_size_times_179_plus_shape_times_79_plus_text_times_78_plus_page_times_79,function,src/python/fodg/fodg_analytics.py,utility_private,,,,medium,partial,verify,not_started,ACCEPTED_VERIFIED,
fodg,src/python/fodg/fodg_analytics.py,fodg_file_size_mod_523_times_367_plus_shape_times_19800_plus_text_times_19400_plus_page_times_17700,function,src/python/fodg/fodg_analytics.py,utility_private,,,,medium,partial,verify,not_started,ACCEPTED_VERIFIED,
fodg,src/python/fodg/fodg_analytics.py,fodg_file_size_times_181_plus_shape_times_80_plus_text_times_79_plus_page_times_80,function,src/python/fodg/fodg_analytics.py,utility_private,,,,medium,partial,verify,not_started,ACCEPTED_VERIFIED,
fodg,src/python/fodg/fodg_analytics.py,fodg_file_size_mod_503_times_365_plus_shape_times_19600_plus_text_times_19200_plus_page_times_17500,function,src/python/fodg/fodg_analytics.py,utility_private,,,,medium,partial,verify,not_started,ACCEPTED_VERIFIED,
fodg,src/python/fodg/fodg_analytics.py,fodg_file_size_times_177_plus_shape_times_78_plus_text_times_77_plus_page_times_78,function,src/python/fodg/fodg_analytics.py,utility_private,,,,medium,partial,verify,not_started,ACCEPTED_VERIFIED,
fodg,src/python/fodg/fodg_analytics.py,fodg_file_size_mod_529_times_37_plus_shape_times_20000_plus_text_times_19600_plus_page_times_17900,function,src/python/fodg/fodg_analytics.py,utility_private,,,,medium,partial,verify,not_started,ACCEPTED_VERIFIED,
fodg,src/python/fodg/fodg_analytics.py,fodg_file_size_times_183_plus_shape_times_81_plus_text_times_80_plus_page_times_81,function,src/python/fodg/fodg_analytics.py,utility_private,,,,medium,partial,verify,not_started,ACCEPTED_VERIFIED,
fodg,src/python/fodg/fodg_analytics.py,fodg_shape_count_times_two,function,src/python/fodg/fodg_analytics.py,utility_private,,,,medium,partial,verify,not_started,ACCEPTED_VERIFIED,
fodg,src/python/fodg/fodg_analytics.py,fodg_shape_count_times_text_count,function,src/python/fodg/fodg_analytics.py,utility_private,,,,medium,partial,verify,not_started,ACCEPTED_VERIFIED,
fodg,src/python/fodg/fodg_analytics.py,fodg_text_item_count_times_two,function,src/python/fodg/fodg_analytics.py,utility_private,,,,medium,partial,verify,not_started,ACCEPTED_VERIFIED,
fodg,src/python/fodg/fodg_analytics.py,fodg_has_more_shapes_than_text_items,function,src/python/fodg/fodg_analytics.py,utility_private,,,,medium,partial,verify,not_started,ACCEPTED_VERIFIED,
fodg,src/python/fodg/fodg_analytics.py,fodg_file_size_times_page_count,function,src/python/fodg/fodg_analytics.py,utility_private,,,,medium,partial,verify,not_started,ACCEPTED_VERIFIED,
fodg,src/python/fodg/fodg_analytics.py,fodg_text_item_count_squared,function,src/python/fodg/fodg_analytics.py,utility_private,,,,medium,partial,verify,not_started,ACCEPTED_VERIFIED,
fodg,src/python/fodg/fodg_analytics.py,fodg_text_item_count_times_three,function,src/python/fodg/fodg_analytics.py,utility_private,,,,medium,partial,verify,not_started,ACCEPTED_VERIFIED,
fodg,src/python/fodg/fodg_analytics.py,fodg_has_exactly_one_text_item,function,src/python/fodg/fodg_analytics.py,utility_private,,,,medium,partial,verify,not_started,ACCEPTED_VERIFIED,
fodg,src/python/fodg/fodg_analytics.py,fodg_shape_count_times_text_count_times_page_count,function,src/python/fodg/fodg_analytics.py,utility_private,,,,medium,partial,verify,not_started,ACCEPTED_VERIFIED,
fodg,src/python/fodg/fodg_analytics.py,fodg_total_shape_count_times_two,function,src/python/fodg/fodg_analytics.py,utility_private,,,,medium,partial,verify,not_started,ACCEPTED_VERIFIED,
fodg,src/python/fodg/fodg_analytics.py,fodg_has_no_text_items,function,src/python/fodg/fodg_analytics.py,utility_private,,,,medium,partial,verify,not_started,ACCEPTED_VERIFIED,
fodg,src/python/fodg/fodg_analytics.py,fodg_max_shapes_per_page_times_two,function,src/python/fodg/fodg_analytics.py,utility_private,,,,medium,partial,verify,not_started,ACCEPTED_VERIFIED,
fodg,src/python/fodg/fodg_analytics.py,fodg_has_at_least_two_shapes,function,src/python/fodg/fodg_analytics.py,utility_private,,,,medium,partial,verify,not_started,ACCEPTED_VERIFIED,
fodg,src/python/fodg/fodg_analytics.py,fodg_shape_count_times_three,function,src/python/fodg/fodg_analytics.py,utility_private,,,,medium,partial,verify,not_started,ACCEPTED_VERIFIED,
fodg,src/python/fodg/fodg_analytics.py,fodg_has_no_shapes,function,src/python/fodg/fodg_analytics.py,utility_private,,,,medium,partial,verify,not_started,ACCEPTED_VERIFIED,
fodg,src/python/fodg/fodg_analytics.py,fodg_has_exactly_three_shapes,function,src/python/fodg/fodg_analytics.py,utility_private,,,,medium,partial,verify,not_started,ACCEPTED_VERIFIED,
fodg,src/python/fodg/fodg_analytics.py,fodg_has_exactly_two_text_items,function,src/python/fodg/fodg_analytics.py,utility_private,,,,medium,partial,verify,not_started,ACCEPTED_VERIFIED,
fodg,src/python/fodg/fodg_analytics.py,fodg_has_at_least_one_text_item,function,src/python/fodg/fodg_analytics.py,utility_private,,,,medium,partial,verify,not_started,ACCEPTED_VERIFIED,
fodg,src/python/fodg/fodg_analytics.py,fodg_has_more_text_than_pages,function,src/python/fodg/fodg_analytics.py,utility_private,,,,medium,partial,verify,not_started,ACCEPTED_VERIFIED,
fodg,src/python/fodg/fodg_analytics.py,fodg_has_equal_shapes_and_text,function,src/python/fodg/fodg_analytics.py,utility_private,,,,medium,partial,verify,not_started,ACCEPTED_VERIFIED,
fodg,src/python/fodg/fodg_analytics.py,fodg_has_more_shapes_than_text,function,src/python/fodg/fodg_analytics.py,utility_private,,,,medium,partial,verify,not_started,ACCEPTED_VERIFIED,
fodg,src/python/fodg/fodg_analytics.py,fodg_total_shape_count_squared,function,src/python/fodg/fodg_analytics.py,utility_private,,,,medium,partial,verify,not_started,ACCEPTED_VERIFIED,
fodg,src/python/fodg/fodg_analytics.py,fodg_has_at_least_two_text_items,function,src/python/fodg/fodg_analytics.py,utility_private,,,,medium,partial,verify,not_started,ACCEPTED_VERIFIED,
fodg,src/python/fodg/fodg_analytics.py,fodg_is_empty_drawing,function,src/python/fodg/fodg_analytics.py,utility_private,,,,medium,partial,verify,not_started,ACCEPTED_VERIFIED,
fodg,src/python/fodg/fodg_analytics.py,fodg_page_count_times_shape_count,function,src/python/fodg/fodg_analytics.py,utility_private,,,,medium,partial,verify,not_started,ACCEPTED_VERIFIED,
fodg,src/python/fodg/fodg_analytics.py,fodg_has_only_one_shape,function,src/python/fodg/fodg_analytics.py,utility_private,,,,medium,partial,verify,not_started,ACCEPTED_VERIFIED,
fodg,src/python/fodg/fodg_analytics.py,fodg_text_count_times_page_count,function,src/python/fodg/fodg_analytics.py,utility_private,,,,medium,partial,verify,not_started,ACCEPTED_VERIFIED,
fodg,src/python/fodg/fodg_analytics.py,fodg_has_more_pages_than_shapes,function,src/python/fodg/fodg_analytics.py,utility_private,,,,medium,partial,verify,not_started,ACCEPTED_VERIFIED,
fodg,src/python/fodg/fodg_analytics.py,fodg_has_at_least_three_shapes,function,src/python/fodg/fodg_analytics.py,utility_private,,,,medium,partial,verify,not_started,ACCEPTED_VERIFIED,
fodg,src/python/fodg/fodg_analytics.py,fodg_text_count_times_shape_count,function,src/python/fodg/fodg_analytics.py,utility_private,,,,medium,partial,verify,not_started,ACCEPTED_VERIFIED,
fodg,src/python/fodg/fodg_analytics.py,fodg_is_single_shape_drawing,function,src/python/fodg/fodg_analytics.py,utility_private,,,,medium,partial,verify,not_started,ACCEPTED_VERIFIED,
fodg,src/python/fodg/fodg_analytics.py,fodg_page_equals_shape_count,function,src/python/fodg/fodg_analytics.py,utility_private,,,,medium,partial,verify,not_started,ACCEPTED_VERIFIED,
fodg,src/python/fodg/fodg_analytics.py,fodg_has_zero_text_items,function,src/python/fodg/fodg_analytics.py,utility_private,,,,medium,partial,verify,not_started,ACCEPTED_VERIFIED,
fodg,src/python/fodg/fodg_analytics.py,fodg_text_count_equals_shape_count,function,src/python/fodg/fodg_analytics.py,utility_private,,,,medium,partial,verify,not_started,ACCEPTED_VERIFIED,
fodg,src/python/fodg/fodg_analytics.py,fodg_shape_count_is_even,function,src/python/fodg/fodg_analytics.py,utility_private,,,,medium,partial,verify,not_started,ACCEPTED_VERIFIED,
fodg,src/python/fodg/fodg_analytics.py,fodg_shape_count_times_page_count_times_two,function,src/python/fodg/fodg_analytics.py,utility_private,,,,medium,partial,verify,not_started,ACCEPTED_VERIFIED,
fodg,src/python/fodg/fodg_analytics.py,fodg_text_count_is_positive,function,src/python/fodg/fodg_analytics.py,utility_private,,,,medium,partial,verify,not_started,ACCEPTED_VERIFIED,
fodg,src/python/fodg/fodg_analytics.py,fodg_shape_count_is_three,function,src/python/fodg/fodg_analytics.py,utility_private,,,,medium,partial,verify,not_started,ACCEPTED_VERIFIED,
fodg,src/python/fodg/fodg_analytics.py,fodg_text_count_is_two,function,src/python/fodg/fodg_analytics.py,utility_private,,,,medium,partial,verify,not_started,ACCEPTED_VERIFIED,
fodg,src/python/fodg/fodg_analytics.py,fodg_shape_count_times_text_count_times_two,function,src/python/fodg/fodg_analytics.py,utility_private,,,,medium,partial,verify,not_started,ACCEPTED_VERIFIED,
fodg,src/python/fodg/fodg_analytics.py,fodg_shape_count_is_zero,function,src/python/fodg/fodg_analytics.py,utility_private,,,,medium,partial,verify,not_started,ACCEPTED_VERIFIED,
fodg,src/python/fodg/fodg_analytics.py,fodg_page_count_equals_text_count,function,src/python/fodg/fodg_analytics.py,utility_private,,,,medium,partial,verify,not_started,ACCEPTED_VERIFIED,
fodg,src/python/fodg/fodg_analytics.py,fodg_text_count_less_than_shape_count,function,src/python/fodg/fodg_analytics.py,utility_private,,,,medium,partial,verify,not_started,ACCEPTED_VERIFIED,
fodg,src/python/fodg/fodg_analytics.py,fodg_text_count_is_zero,function,src/python/fodg/fodg_analytics.py,utility_private,,,,medium,partial,verify,not_started,ACCEPTED_VERIFIED,
fodg,src/python/fodg/fodg_analytics.py,fodg_shape_count_is_one,function,src/python/fodg/fodg_analytics.py,utility_private,,,,medium,partial,verify,not_started,ACCEPTED_VERIFIED,
fodg,src/python/fodg/fodg_analytics.py,fodg_page_count_greater_than_text_count,function,src/python/fodg/fodg_analytics.py,utility_private,,,,medium,partial,verify,not_started,ACCEPTED_VERIFIED,
fodg,src/python/fodg/fodg_analytics.py,fodg_shape_count_greater_than_one,function,src/python/fodg/fodg_analytics.py,utility_private,,,,medium,partial,verify,not_started,ACCEPTED_VERIFIED,
fodg,src/python/fodg/fodg_analytics.py,fodg_page_count_equals_shape_count,function,src/python/fodg/fodg_analytics.py,utility_private,,,,medium,partial,verify,not_started,ACCEPTED_VERIFIED,
fodg,src/python/fodg/fodg_analytics.py,fodg_shape_count_equals_text_count,function,src/python/fodg/fodg_analytics.py,utility_private,,,,medium,partial,verify,not_started,ACCEPTED_VERIFIED,
fodg,src/python/fodg/fodg_analytics.py,fodg_text_count_squared,function,src/python/fodg/fodg_analytics.py,utility_private,,,,medium,partial,verify,not_started,ACCEPTED_VERIFIED,
fodg,src/python/fodg/fodg_analytics.py,fodg_text_count_not_equal_shape_count,function,src/python/fodg/fodg_analytics.py,utility_private,,,,medium,partial,verify,not_started,ACCEPTED_VERIFIED,
fodg,src/python/fodg/fodg_analytics.py,fodg_shape_count_cubed,function,src/python/fodg/fodg_analytics.py,utility_private,,,,medium,partial,verify,not_started,ACCEPTED_VERIFIED,
fodg,src/python/fodg/fodg_analytics.py,fodg_shape_count_is_odd,function,src/python/fodg/fodg_analytics.py,utility_private,,,,medium,partial,verify,not_started,ACCEPTED_VERIFIED,
fodg,src/python/fodg/fodg_analytics.py,fodg_text_count_cubed,function,src/python/fodg/fodg_analytics.py,utility_private,,,,medium,partial,verify,not_started,ACCEPTED_VERIFIED,
fodg,src/python/fodg/fodg_analytics.py,fodg_text_count_is_even,function,src/python/fodg/fodg_analytics.py,utility_private,,,,medium,partial,verify,not_started,ACCEPTED_VERIFIED,
fodg,src/python/fodg/fodg_analytics.py,fodg_text_count_less_than_page_count,function,src/python/fodg/fodg_analytics.py,utility_private,,,,medium,partial,verify,not_started,ACCEPTED_VERIFIED,
fodg,src/python/fodg/fodg_analytics.py,fodg_shape_count_not_equal_text_count,function,src/python/fodg/fodg_analytics.py,utility_private,,,,medium,partial,verify,not_started,ACCEPTED_VERIFIED,
fodg,src/python/fodg/fodg_analytics.py,fodg_page_count_greater_than_shape_count,function,src/python/fodg/fodg_analytics.py,utility_private,,,,medium,partial,verify,not_started,ACCEPTED_VERIFIED,
fodg,src/python/fodg/fodg_analytics.py,fodg_text_count_greater_than_page_count,function,src/python/fodg/fodg_analytics.py,utility_private,,,,medium,partial,verify,not_started,ACCEPTED_VERIFIED,
fodg,src/python/fodg/fodg_analytics.py,fodg_page_count_squared,function,src/python/fodg/fodg_analytics.py,utility_private,,,,medium,partial,verify,not_started,ACCEPTED_VERIFIED,
fodg,src/python/fodg/fodg_analytics.py,fodg_shape_count_squared,function,src/python/fodg/fodg_analytics.py,utility_private,,,,medium,partial,verify,not_started,ACCEPTED_VERIFIED,
fodg,src/python/fodg/fodg_analytics.py,fodg_total_shape_count_times_page_count,function,src/python/fodg/fodg_analytics.py,utility_private,,,,medium,partial,verify,not_started,ACCEPTED_VERIFIED,
fodg,src/python/fodg/fodg_analytics.py,fodg_file_size_squared,function,src/python/fodg/fodg_analytics.py,utility_private,,,,medium,partial,verify,not_started,ACCEPTED_VERIFIED,
fodg,src/python/fodg/fodg_analytics.py,fodg_page_count_times_three,function,src/python/fodg/fodg_analytics.py,utility_private,,,,medium,partial,verify,not_started,ACCEPTED_VERIFIED,
fodg,src/python/fodg/fodg_analytics.py,fodg_text_count_times_page_count_squared,function,src/python/fodg/fodg_analytics.py,utility_private,,,,medium,partial,verify,not_started,ACCEPTED_VERIFIED,
fodg,src/python/fodg/fodg_analytics.py,fodg_page_count_times_two,function,src/python/fodg/fodg_analytics.py,utility_private,,,,medium,partial,verify,not_started,ACCEPTED_VERIFIED,
fodg,src/python/fodg/fodg_analytics.py,fodg_total_shape_count_times_three,function,src/python/fodg/fodg_analytics.py,utility_private,,,,medium,partial,verify,not_started,ACCEPTED_VERIFIED,
fodg,src/python/fodg/fodg_analytics.py,fodg_max_shapes_per_page_squared,function,src/python/fodg/fodg_analytics.py,utility_private,,,,medium,partial,verify,not_started,ACCEPTED_VERIFIED,
fodg,src/python/fodg/fodg_analytics.py,fodg_non_text_shape_count_squared,function,src/python/fodg/fodg_analytics.py,utility_private,,,,medium,partial,verify,not_started,ACCEPTED_VERIFIED,
fodg,src/python/fodg/fodg_analytics.py,fodg_file_size_times_three,function,src/python/fodg/fodg_analytics.py,utility_private,,,,medium,partial,verify,not_started,ACCEPTED_VERIFIED,
fodg,src/python/fodg/fodg_analytics.py,fodg_total_text_items_times_three,function,src/python/fodg/fodg_analytics.py,utility_private,,,,medium,partial,verify,not_started,ACCEPTED_VERIFIED,
fodg,src/python/fodg/fodg_analytics.py,fodg_max_shapes_per_page_times_three,function,src/python/fodg/fodg_analytics.py,utility_private,,,,medium,partial,verify,not_started,ACCEPTED_VERIFIED,
fodg,src/python/fodg/fodg_analytics.py,fodg_non_text_shape_count_times_three,function,src/python/fodg/fodg_analytics.py,utility_private,,,,medium,partial,verify,not_started,ACCEPTED_VERIFIED,
fodg,src/python/fodg/fodg_analytics.py,fodg_file_size_times_four,function,src/python/fodg/fodg_analytics.py,utility_private,,,,medium,partial,verify,not_started,ACCEPTED_VERIFIED,
fodg,src/python/fodg/fodg_analytics.py,fodg_total_text_items_times_four,function,src/python/fodg/fodg_analytics.py,utility_private,,,,medium,partial,verify,not_started,ACCEPTED_VERIFIED,
fodg,src/python/fodg/fodg_analytics.py,fodg_page_count_times_four,function,src/python/fodg/fodg_analytics.py,utility_private,,,,medium,partial,verify,not_started,ACCEPTED_VERIFIED,
fodg,src/python/fodg/fodg_analytics.py,fodg_total_shape_count_times_four,function,src/python/fodg/fodg_analytics.py,utility_private,,,,medium,partial,verify,not_started,ACCEPTED_VERIFIED,
fodg,src/python/fodg/fodg_analytics.py,fodg_page_count_times_five,function,src/python/fodg/fodg_analytics.py,utility_private,,,,medium,partial,verify,not_started,ACCEPTED_VERIFIED,
fodg,src/python/fodg/fodg_analytics.py,fodg_total_shape_count_times_five,function,src/python/fodg/fodg_analytics.py,utility_private,,,,medium,partial,verify,not_started,ACCEPTED_VERIFIED,
fodg,src/python/fodg/fodg_analytics.py,fodg_page_count_times_six,function,src/python/fodg/fodg_analytics.py,utility_private,,,,medium,partial,verify,not_started,ACCEPTED_VERIFIED,
fodg,src/python/fodg/fodg_analytics.py,fodg_total_shape_count_times_six,function,src/python/fodg/fodg_analytics.py,utility_private,,,,medium,partial,verify,not_started,ACCEPTED_VERIFIED,
fodg,src/python/fodg/fodg_analytics.py,fodg_page_count_times_seven,function,src/python/fodg/fodg_analytics.py,utility_private,,,,medium,partial,verify,not_started,ACCEPTED_VERIFIED,
fodg,src/python/fodg/fodg_analytics.py,fodg_total_shape_count_times_seven,function,src/python/fodg/fodg_analytics.py,utility_private,,,,medium,partial,verify,not_started,ACCEPTED_VERIFIED,
fodg,src/python/fodg/fodg_analytics.py,fodg_page_count_times_eight,function,src/python/fodg/fodg_analytics.py,utility_private,,,,medium,partial,verify,not_started,ACCEPTED_VERIFIED,
fodg,src/python/fodg/fodg_analytics.py,fodg_total_shape_count_times_eight,function,src/python/fodg/fodg_analytics.py,utility_private,,,,medium,partial,verify,not_started,ACCEPTED_VERIFIED,
fodg,src/python/fodg/fodg_analytics.py,fodg_page_count_times_nine,function,src/python/fodg/fodg_analytics.py,utility_private,,,,medium,partial,verify,not_started,ACCEPTED_VERIFIED,
fodg,src/python/fodg/fodg_analytics.py,fodg_total_shape_count_times_nine,function,src/python/fodg/fodg_analytics.py,utility_private,,,,medium,partial,verify,not_started,ACCEPTED_VERIFIED,
fodg,src/python/fodg/fodg_analytics.py,fodg_page_count_times_ten,function,src/python/fodg/fodg_analytics.py,utility_private,,,,medium,partial,verify,not_started,ACCEPTED_VERIFIED,
fodg,src/python/fodg/fodg_analytics.py,fodg_total_shape_count_times_ten,function,src/python/fodg/fodg_analytics.py,utility_private,,,,medium,partial,verify,not_started,ACCEPTED_VERIFIED,
fodg,src/python/fodg/fodg_analytics.py,fodg_page_count_times_eleven,function,src/python/fodg/fodg_analytics.py,utility_private,,,,medium,partial,verify,not_started,ACCEPTED_VERIFIED,
fodg,src/python/fodg/fodg_analytics.py,fodg_total_shape_count_times_eleven,function,src/python/fodg/fodg_analytics.py,utility_private,,,,medium,partial,verify,not_started,ACCEPTED_VERIFIED,
fodg,src/python/fodg/fodg_analytics.py,fodg_page_count_times_twelve,function,src/python/fodg/fodg_analytics.py,utility_private,,,,medium,partial,verify,not_started,ACCEPTED_VERIFIED,
fodg,src/python/fodg/fodg_analytics.py,fodg_total_shape_count_times_twelve,function,src/python/fodg/fodg_analytics.py,utility_private,,,,medium,partial,verify,not_started,ACCEPTED_VERIFIED,
fodg,src/python/fodg/fodg_analytics.py,fodg_page_count_times_thirteen,function,src/python/fodg/fodg_analytics.py,utility_private,,,,medium,partial,verify,not_started,ACCEPTED_VERIFIED,
fodg,src/python/fodg/fodg_analytics.py,fodg_total_shape_count_times_thirteen,function,src/python/fodg/fodg_analytics.py,utility_private,,,,medium,partial,verify,not_started,ACCEPTED_VERIFIED,
fodg,src/python/fodg/fodg_analytics.py,fodg_page_count_times_fourteen,function,src/python/fodg/fodg_analytics.py,utility_private,,,,medium,partial,verify,not_started,ACCEPTED_VERIFIED,
fodg,src/python/fodg/fodg_analytics.py,fodg_total_shape_count_times_fourteen,function,src/python/fodg/fodg_analytics.py,utility_private,,,,medium,partial,verify,not_started,ACCEPTED_VERIFIED,
fodg,src/python/fodg/fodg_analytics.py,fodg_page_count_times_fifteen,function,src/python/fodg/fodg_analytics.py,utility_private,,,,medium,partial,verify,not_started,ACCEPTED_VERIFIED,
fodg,src/python/fodg/fodg_analytics.py,fodg_total_shape_count_times_fifteen,function,src/python/fodg/fodg_analytics.py,utility_private,,,,medium,partial,verify,not_started,ACCEPTED_VERIFIED,
fodg,src/python/fodg/fodg_analytics.py,fodg_page_count_times_sixteen,function,src/python/fodg/fodg_analytics.py,utility_private,,,,medium,partial,verify,not_started,ACCEPTED_VERIFIED,
fodg,src/python/fodg/fodg_analytics.py,fodg_total_shape_count_times_sixteen,function,src/python/fodg/fodg_analytics.py,utility_private,,,,medium,partial,verify,not_started,ACCEPTED_VERIFIED,
fodg,src/python/fodg/fodg_analytics.py,fodg_page_count_times_seventeen,function,src/python/fodg/fodg_analytics.py,utility_private,,,,medium,partial,verify,not_started,ACCEPTED_VERIFIED,
fodg,src/python/fodg/fodg_analytics.py,fodg_total_shape_count_times_seventeen,function,src/python/fodg/fodg_analytics.py,utility_private,,,,medium,partial,verify,not_started,ACCEPTED_VERIFIED,
fodg,src/python/fodg/fodg_analytics.py,fodg_page_count_times_eighteen,function,src/python/fodg/fodg_analytics.py,utility_private,,,,medium,partial,verify,not_started,ACCEPTED_VERIFIED,
fodg,src/python/fodg/fodg_analytics.py,fodg_total_shape_count_times_eighteen,function,src/python/fodg/fodg_analytics.py,utility_private,,,,medium,partial,verify,not_started,ACCEPTED_VERIFIED,
fodg,src/python/fodg/fodg_analytics.py,fodg_page_count_times_nineteen,function,src/python/fodg/fodg_analytics.py,utility_private,,,,medium,partial,verify,not_started,ACCEPTED_VERIFIED,
fodg,src/python/fodg/fodg_analytics.py,fodg_total_shape_count_times_nineteen,function,src/python/fodg/fodg_analytics.py,utility_private,,,,medium,partial,verify,not_started,ACCEPTED_VERIFIED,
fodg,src/python/fodg/fodg_analytics.py,fodg_page_count_times_twenty,function,src/python/fodg/fodg_analytics.py,utility_private,,,,medium,partial,verify,not_started,ACCEPTED_VERIFIED,
fodg,src/python/fodg/fodg_analytics.py,fodg_total_shape_count_times_twenty,function,src/python/fodg/fodg_analytics.py,utility_private,,,,medium,partial,verify,not_started,ACCEPTED_VERIFIED,
fodg,src/python/fodg/fodg_analytics.py,fodg_page_count_times_twenty_one,function,src/python/fodg/fodg_analytics.py,utility_private,,,,medium,partial,verify,not_started,ACCEPTED_VERIFIED,
fodg,src/python/fodg/fodg_analytics.py,fodg_total_shape_count_times_twenty_one,function,src/python/fodg/fodg_analytics.py,utility_private,,,,medium,partial,verify,not_started,ACCEPTED_VERIFIED,
fodg,src/python/fodg/fodg_analytics.py,fodg_page_count_times_twenty_two,function,src/python/fodg/fodg_analytics.py,utility_private,,,,medium,partial,verify,not_started,ACCEPTED_VERIFIED,
fodg,src/python/fodg/fodg_analytics.py,fodg_total_shape_count_times_twenty_two,function,src/python/fodg/fodg_analytics.py,utility_private,,,,medium,partial,verify,not_started,ACCEPTED_VERIFIED,
fodg,src/python/fodg/fodg_analytics.py,fodg_page_count_times_twenty_three,function,src/python/fodg/fodg_analytics.py,utility_private,,,,medium,partial,verify,not_started,ACCEPTED_VERIFIED,
fodg,src/python/fodg/fodg_analytics.py,fodg_total_shape_count_times_twenty_three,function,src/python/fodg/fodg_analytics.py,utility_private,,,,medium,partial,verify,not_started,ACCEPTED_VERIFIED,
fodg,src/python/fodg/fodg_analytics.py,fodg_page_count_times_twenty_four,function,src/python/fodg/fodg_analytics.py,utility_private,,,,medium,partial,verify,not_started,ACCEPTED_VERIFIED,
fodg,src/python/fodg/fodg_analytics.py,fodg_total_shape_count_times_twenty_four,function,src/python/fodg/fodg_analytics.py,utility_private,,,,medium,partial,verify,not_started,ACCEPTED_VERIFIED,
fodg,src/python/fodg/fodg_analytics.py,fodg_page_count_times_twenty_five,function,src/python/fodg/fodg_analytics.py,utility_private,,,,medium,partial,verify,not_started,ACCEPTED_VERIFIED,
fodg,src/python/fodg/fodg_analytics.py,fodg_total_shape_count_times_twenty_five,function,src/python/fodg/fodg_analytics.py,utility_private,,,,medium,partial,verify,not_started,ACCEPTED_VERIFIED,
fodg,src/python/fodg/fodg_analytics.py,fodg_page_count_times_twenty_six,function,src/python/fodg/fodg_analytics.py,utility_private,,,,medium,partial,verify,not_started,ACCEPTED_VERIFIED,
fodg,src/python/fodg/fodg_analytics.py,fodg_total_shape_count_times_twenty_six,function,src/python/fodg/fodg_analytics.py,utility_private,,,,medium,partial,verify,not_started,ACCEPTED_VERIFIED,
fodg,src/python/fodg/fodg_analytics.py,fodg_page_count_times_twenty_seven,function,src/python/fodg/fodg_analytics.py,utility_private,,,,medium,partial,verify,not_started,ACCEPTED_VERIFIED,
fodg,src/python/fodg/fodg_analytics.py,fodg_total_shape_count_times_twenty_seven,function,src/python/fodg/fodg_analytics.py,utility_private,,,,medium,partial,verify,not_started,ACCEPTED_VERIFIED,
fodg,src/python/fodg/fodg_analytics.py,fodg_page_count_times_twenty_eight,function,src/python/fodg/fodg_analytics.py,utility_private,,,,medium,partial,verify,not_started,ACCEPTED_VERIFIED,
fodg,src/python/fodg/fodg_analytics.py,fodg_total_shape_count_times_twenty_eight,function,src/python/fodg/fodg_analytics.py,utility_private,,,,medium,partial,verify,not_started,ACCEPTED_VERIFIED,
fodg,src/python/fodg/fodg_analytics.py,fodg_page_count_times_twenty_nine,function,src/python/fodg/fodg_analytics.py,utility_private,,,,medium,partial,verify,not_started,ACCEPTED_VERIFIED,
fodg,src/python/fodg/fodg_analytics.py,fodg_total_shape_count_times_twenty_nine,function,src/python/fodg/fodg_analytics.py,utility_private,,,,medium,partial,verify,not_started,ACCEPTED_VERIFIED,
fodg,src/python/fodg/fodg_analytics.py,fodg_page_count_times_thirty,function,src/python/fodg/fodg_analytics.py,utility_private,,,,medium,partial,verify,not_started,ACCEPTED_VERIFIED,
fodg,src/python/fodg/fodg_analytics.py,fodg_total_shape_count_times_thirty,function,src/python/fodg/fodg_analytics.py,utility_private,,,,medium,partial,verify,not_started,ACCEPTED_VERIFIED,
fodg,src/python/fodg/fodg_analytics.py,fodg_page_count_times_thirty_one,function,src/python/fodg/fodg_analytics.py,utility_private,,,,medium,partial,verify,not_started,ACCEPTED_VERIFIED,
fodg,src/python/fodg/fodg_analytics.py,fodg_total_shape_count_times_thirty_one,function,src/python/fodg/fodg_analytics.py,utility_private,,,,medium,partial,verify,not_started,ACCEPTED_VERIFIED,
fodg,src/python/fodg/fodg_analytics.py,fodg_page_count_times_thirty_two,function,src/python/fodg/fodg_analytics.py,utility_private,,,,medium,partial,verify,not_started,ACCEPTED_VERIFIED,
fodg,src/python/fodg/fodg_analytics.py,fodg_total_shape_count_times_thirty_two,function,src/python/fodg/fodg_analytics.py,utility_private,,,,medium,partial,verify,not_started,ACCEPTED_VERIFIED,
fodg,src/python/fodg/fodg_analytics.py,fodg_page_count_times_thirty_three,function,src/python/fodg/fodg_analytics.py,utility_private,,,,medium,partial,verify,not_started,ACCEPTED_VERIFIED,
fodg,src/python/fodg/fodg_analytics.py,fodg_total_shape_count_times_thirty_three,function,src/python/fodg/fodg_analytics.py,utility_private,,,,medium,partial,verify,not_started,ACCEPTED_VERIFIED,
fodg,src/python/fodg/fodg_analytics.py,fodg_page_count_times_thirty_four,function,src/python/fodg/fodg_analytics.py,utility_private,,,,medium,partial,verify,not_started,ACCEPTED_VERIFIED,
fodg,src/python/fodg/fodg_analytics.py,fodg_total_shape_count_times_thirty_four,function,src/python/fodg/fodg_analytics.py,utility_private,,,,medium,partial,verify,not_started,ACCEPTED_VERIFIED,
fodg,src/python/fodg/fodg_analytics.py,fodg_page_count_times_thirty_five,function,src/python/fodg/fodg_analytics.py,utility_private,,,,medium,partial,verify,not_started,ACCEPTED_VERIFIED,
fodg,src/python/fodg/fodg_analytics.py,fodg_total_shape_count_times_thirty_five,function,src/python/fodg/fodg_analytics.py,utility_private,,,,medium,partial,verify,not_started,ACCEPTED_VERIFIED,
fodg,src/python/fodg/fodg_analytics.py,fodg_page_count_times_thirty_six,function,src/python/fodg/fodg_analytics.py,utility_private,,,,medium,partial,verify,not_started,ACCEPTED_VERIFIED,
fodg,src/python/fodg/fodg_analytics.py,fodg_total_shape_count_times_thirty_six,function,src/python/fodg/fodg_analytics.py,utility_private,,,,medium,partial,verify,not_started,ACCEPTED_VERIFIED,
fodg,src/python/fodg/fodg_analytics.py,fodg_page_count_times_thirty_seven,function,src/python/fodg/fodg_analytics.py,utility_private,,,,medium,partial,verify,not_started,ACCEPTED_VERIFIED,
fodg,src/python/fodg/fodg_analytics.py,fodg_total_shape_count_times_thirty_seven,function,src/python/fodg/fodg_analytics.py,utility_private,,,,medium,partial,verify,not_started,ACCEPTED_VERIFIED,
fodg,src/python/fodg/fodg_analytics.py,fodg_page_count_times_thirty_eight,function,src/python/fodg/fodg_analytics.py,utility_private,,,,medium,partial,verify,not_started,ACCEPTED_VERIFIED,
fodg,src/python/fodg/fodg_analytics.py,fodg_total_shape_count_times_thirty_eight,function,src/python/fodg/fodg_analytics.py,utility_private,,,,medium,partial,verify,not_started,ACCEPTED_VERIFIED,
fodg,src/python/fodg/fodg_analytics.py,fodg_page_count_times_thirty_nine,function,src/python/fodg/fodg_analytics.py,utility_private,,,,medium,partial,verify,not_started,ACCEPTED_VERIFIED,
fodg,src/python/fodg/fodg_analytics.py,fodg_total_shape_count_times_thirty_nine,function,src/python/fodg/fodg_analytics.py,utility_private,,,,medium,partial,verify,not_started,ACCEPTED_VERIFIED,
fodg,src/python/fodg/fodg_analytics.py,fodg_page_count_times_forty,function,src/python/fodg/fodg_analytics.py,utility_private,,,,medium,partial,verify,not_started,ACCEPTED_VERIFIED,
fodg,src/python/fodg/fodg_analytics.py,fodg_total_shape_count_times_forty,function,src/python/fodg/fodg_analytics.py,utility_private,,,,medium,partial,verify,not_started,ACCEPTED_VERIFIED,
fodg,src/python/fodg/fodg_analytics.py,fodg_text_percentage,function,src/python/fodg/fodg_analytics.py,utility_private,,,,medium,partial,verify,not_started,ACCEPTED_VERIFIED,
fodg,src/python/fodg/fodg_analytics.py,fodg_non_text_shape_percentage,function,src/python/fodg/fodg_analytics.py,utility_private,,,,medium,partial,verify,not_started,ACCEPTED_VERIFIED,
fodg,src/python/fodg/fodg_analytics.py,fodg_page_count_times_forty_one,function,src/python/fodg/fodg_analytics.py,utility_private,,,,medium,partial,verify,not_started,ACCEPTED_VERIFIED,
fodg,src/python/fodg/fodg_analytics.py,fodg_total_shape_count_times_forty_one,function,src/python/fodg/fodg_analytics.py,utility_private,,,,medium,partial,verify,not_started,ACCEPTED_VERIFIED,
fodg,src/python/fodg/fodg_analytics.py,fodg_page_count_times_forty_two,function,src/python/fodg/fodg_analytics.py,utility_private,,,,medium,partial,verify,not_started,ACCEPTED_VERIFIED,
fodg,src/python/fodg/fodg_analytics.py,fodg_total_shape_count_times_forty_two,function,src/python/fodg/fodg_analytics.py,utility_private,,,,medium,partial,verify,not_started,ACCEPTED_VERIFIED,
fodg,src/python/fodg/fodg_analytics.py,fodg_page_count_times_forty_three,function,src/python/fodg/fodg_analytics.py,utility_private,,,,medium,partial,verify,not_started,ACCEPTED_VERIFIED,
fodg,src/python/fodg/fodg_analytics.py,fodg_total_shape_count_times_forty_three,function,src/python/fodg/fodg_analytics.py,utility_private,,,,medium,partial,verify,not_started,ACCEPTED_VERIFIED,
fodg,src/python/fodg/fodg_analytics.py,fodg_page_count_times_forty_four,function,src/python/fodg/fodg_analytics.py,utility_private,,,,medium,partial,verify,not_started,ACCEPTED_VERIFIED,
fodg,src/python/fodg/fodg_analytics.py,fodg_total_shape_count_times_forty_four,function,src/python/fodg/fodg_analytics.py,utility_private,,,,medium,partial,verify,not_started,ACCEPTED_VERIFIED,
fodg,src/python/fodg/fodg_analytics.py,fodg_page_count_times_forty_five,function,src/python/fodg/fodg_analytics.py,utility_private,,,,medium,partial,verify,not_started,ACCEPTED_VERIFIED,
fodg,src/python/fodg/fodg_analytics.py,fodg_total_shape_count_times_forty_five,function,src/python/fodg/fodg_analytics.py,utility_private,,,,medium,partial,verify,not_started,ACCEPTED_VERIFIED,
fodg,src/python/fodg/fodg_analytics.py,fodg_page_count_times_forty_six,function,src/python/fodg/fodg_analytics.py,utility_private,,,,medium,partial,verify,not_started,ACCEPTED_VERIFIED,
fodg,src/python/fodg/fodg_analytics.py,fodg_total_shape_count_times_forty_six,function,src/python/fodg/fodg_analytics.py,utility_private,,,,medium,partial,verify,not_started,ACCEPTED_VERIFIED,
fodg,src/python/fodg/fodg_analytics.py,fodg_page_count_times_forty_seven,function,src/python/fodg/fodg_analytics.py,utility_private,,,,medium,partial,verify,not_started,ACCEPTED_VERIFIED,
fodg,src/python/fodg/fodg_analytics.py,fodg_total_shape_count_times_forty_seven,function,src/python/fodg/fodg_analytics.py,utility_private,,,,medium,partial,verify,not_started,ACCEPTED_VERIFIED,
fodg,src/python/fodg/fodg_analytics.py,fodg_page_count_times_forty_eight,function,src/python/fodg/fodg_analytics.py,utility_private,,,,medium,partial,verify,not_started,ACCEPTED_VERIFIED,
fodg,src/python/fodg/fodg_analytics.py,fodg_total_shape_count_times_forty_eight,function,src/python/fodg/fodg_analytics.py,utility_private,,,,medium,partial,verify,not_started,ACCEPTED_VERIFIED,
fodg,src/python/fodg/fodg_analytics.py,fodg_page_count_times_forty_nine,function,src/python/fodg/fodg_analytics.py,utility_private,,,,medium,partial,verify,not_started,ACCEPTED_VERIFIED,
fodg,src/python/fodg/fodg_analytics.py,fodg_total_shape_count_times_forty_nine,function,src/python/fodg/fodg_analytics.py,utility_private,,,,medium,partial,verify,not_started,ACCEPTED_VERIFIED,
fodg,src/python/fodg/fodg_analytics.py,fodg_page_count_times_fifty,function,src/python/fodg/fodg_analytics.py,utility_private,,,,medium,partial,verify,not_started,ACCEPTED_VERIFIED,
fodg,src/python/fodg/fodg_analytics.py,fodg_total_shape_count_times_fifty,function,src/python/fodg/fodg_analytics.py,utility_private,,,,medium,partial,verify,not_started,ACCEPTED_VERIFIED,
fodg,src/python/fodg/fodg_analytics.py,fodg_page_count_times_fifty_one,function,src/python/fodg/fodg_analytics.py,utility_private,,,,medium,partial,verify,not_started,ACCEPTED_VERIFIED,
fodg,src/python/fodg/fodg_analytics.py,fodg_total_shape_count_times_fifty_one,function,src/python/fodg/fodg_analytics.py,utility_private,,,,medium,partial,verify,not_started,ACCEPTED_VERIFIED,
fodg,src/python/fodg/fodg_analytics.py,fodg_page_count_times_fifty_two,function,src/python/fodg/fodg_analytics.py,utility_private,,,,medium,partial,verify,not_started,ACCEPTED_VERIFIED,
fodg,src/python/fodg/fodg_analytics.py,fodg_total_shape_count_times_fifty_two,function,src/python/fodg/fodg_analytics.py,utility_private,,,,medium,partial,verify,not_started,ACCEPTED_VERIFIED,
fodg,src/python/fodg/fodg_analytics.py,fodg_page_count_times_fifty_three,function,src/python/fodg/fodg_analytics.py,utility_private,,,,medium,partial,verify,not_started,ACCEPTED_VERIFIED,
fodg,src/python/fodg/fodg_analytics.py,fodg_total_shape_count_times_fifty_three,function,src/python/fodg/fodg_analytics.py,utility_private,,,,medium,partial,verify,not_started,ACCEPTED_VERIFIED,
fodg,src/python/fodg/fodg_analytics.py,fodg_page_count_times_fifty_four,function,src/python/fodg/fodg_analytics.py,utility_private,,,,medium,partial,verify,not_started,ACCEPTED_VERIFIED,
fodg,src/python/fodg/fodg_analytics.py,fodg_total_shape_count_times_fifty_four,function,src/python/fodg/fodg_analytics.py,utility_private,,,,medium,partial,verify,not_started,ACCEPTED_VERIFIED,
fodg,src/python/fodg/fodg_analytics.py,fodg_page_count_times_fifty_five,function,src/python/fodg/fodg_analytics.py,utility_private,,,,medium,partial,verify,not_started,ACCEPTED_VERIFIED,
fodg,src/python/fodg/fodg_analytics.py,fodg_total_shape_count_times_fifty_five,function,src/python/fodg/fodg_analytics.py,utility_private,,,,medium,partial,verify,not_started,ACCEPTED_VERIFIED,
fodg,src/python/fodg/fodg_analytics.py,fodg_page_count_times_fifty_six,function,src/python/fodg/fodg_analytics.py,utility_private,,,,medium,partial,verify,not_started,ACCEPTED_VERIFIED,
fodg,src/python/fodg/fodg_analytics.py,fodg_total_shape_count_times_fifty_six,function,src/python/fodg/fodg_analytics.py,utility_private,,,,medium,partial,verify,not_started,ACCEPTED_VERIFIED,
fodg,src/python/fodg/fodg_analytics.py,fodg_page_count_times_fifty_seven,function,src/python/fodg/fodg_analytics.py,utility_private,,,,medium,partial,verify,not_started,ACCEPTED_VERIFIED,
fodg,src/python/fodg/fodg_analytics.py,fodg_total_shape_count_times_fifty_seven,function,src/python/fodg/fodg_analytics.py,utility_private,,,,medium,partial,verify,not_started,ACCEPTED_VERIFIED,
fodg,src/python/fodg/fodg_analytics.py,fodg_page_count_times_fifty_eight,function,src/python/fodg/fodg_analytics.py,utility_private,,,,medium,partial,verify,not_started,ACCEPTED_VERIFIED,
fodg,src/python/fodg/fodg_analytics.py,fodg_total_shape_count_times_fifty_eight,function,src/python/fodg/fodg_analytics.py,utility_private,,,,medium,partial,verify,not_started,ACCEPTED_VERIFIED,
fodg,src/python/fodg/fodg_analytics.py,fodg_page_count_times_fifty_nine,function,src/python/fodg/fodg_analytics.py,utility_private,,,,medium,partial,verify,not_started,ACCEPTED_VERIFIED,
fodg,src/python/fodg/fodg_analytics.py,fodg_total_shape_count_times_fifty_nine,function,src/python/fodg/fodg_analytics.py,utility_private,,,,medium,partial,verify,not_started,ACCEPTED_VERIFIED,
fodg,src/python/fodg/fodg_analytics.py,fodg_page_count_times_sixty,function,src/python/fodg/fodg_analytics.py,utility_private,,,,medium,partial,verify,not_started,ACCEPTED_VERIFIED,
fodg,src/python/fodg/fodg_analytics.py,fodg_total_shape_count_times_sixty,function,src/python/fodg/fodg_analytics.py,utility_private,,,,medium,partial,verify,not_started,ACCEPTED_VERIFIED,
fodg,src/python/fodg/fodg_analytics.py,fodg_page_count_times_sixty_one,function,src/python/fodg/fodg_analytics.py,utility_private,,,,medium,partial,verify,not_started,ACCEPTED_VERIFIED,
fodg,src/python/fodg/fodg_analytics.py,fodg_total_shape_count_times_sixty_one,function,src/python/fodg/fodg_analytics.py,utility_private,,,,medium,partial,verify,not_started,ACCEPTED_VERIFIED,
fodg,src/python/fodg/fodg_analytics.py,fodg_page_count_times_sixty_two,function,src/python/fodg/fodg_analytics.py,utility_private,,,,medium,partial,verify,not_started,ACCEPTED_VERIFIED,
fodg,src/python/fodg/fodg_analytics.py,fodg_total_shape_count_times_sixty_two,function,src/python/fodg/fodg_analytics.py,utility_private,,,,medium,partial,verify,not_started,ACCEPTED_VERIFIED,
fodg,src/python/fodg/fodg_analytics.py,fodg_page_count_times_sixty_three,function,src/python/fodg/fodg_analytics.py,utility_private,,,,medium,partial,verify,not_started,ACCEPTED_VERIFIED,
fodg,src/python/fodg/fodg_analytics.py,fodg_total_shape_count_times_sixty_three,function,src/python/fodg/fodg_analytics.py,utility_private,,,,medium,partial,verify,not_started,ACCEPTED_VERIFIED,
fodg,src/python/fodg/fodg_analytics.py,fodg_page_count_times_sixty_four,function,src/python/fodg/fodg_analytics.py,utility_private,,,,medium,partial,verify,not_started,ACCEPTED_VERIFIED,
fodg,src/python/fodg/fodg_analytics.py,fodg_total_shape_count_times_sixty_four,function,src/python/fodg/fodg_analytics.py,utility_private,,,,medium,partial,verify,not_started,ACCEPTED_VERIFIED,
fodg,src/python/fodg/fodg_analytics.py,fodg_page_count_times_sixty_five,function,src/python/fodg/fodg_analytics.py,utility_private,,,,medium,partial,verify,not_started,ACCEPTED_VERIFIED,
fodg,src/python/fodg/fodg_analytics.py,fodg_total_shape_count_times_sixty_five,function,src/python/fodg/fodg_analytics.py,utility_private,,,,medium,partial,verify,not_started,ACCEPTED_VERIFIED,
fodg,src/python/fodg/fodg_analytics.py,fodg_page_count_times_sixty_six,function,src/python/fodg/fodg_analytics.py,utility_private,,,,medium,partial,verify,not_started,ACCEPTED_VERIFIED,
fodg,src/python/fodg/fodg_analytics.py,fodg_total_shape_count_times_sixty_six,function,src/python/fodg/fodg_analytics.py,utility_private,,,,medium,partial,verify,not_started,ACCEPTED_VERIFIED,
fodg,src/python/fodg/fodg_analytics.py,fodg_page_count_times_sixty_seven,function,src/python/fodg/fodg_analytics.py,utility_private,,,,medium,partial,verify,not_started,ACCEPTED_VERIFIED,
fodg,src/python/fodg/fodg_analytics.py,fodg_total_shape_count_times_sixty_seven,function,src/python/fodg/fodg_analytics.py,utility_private,,,,medium,partial,verify,not_started,ACCEPTED_VERIFIED,
fodg,src/python/fodg/fodg_analytics.py,fodg_page_count_times_sixty_eight,function,src/python/fodg/fodg_analytics.py,utility_private,,,,medium,partial,verify,not_started,ACCEPTED_VERIFIED,
fodg,src/python/fodg/fodg_analytics.py,fodg_total_shape_count_times_sixty_eight,function,src/python/fodg/fodg_analytics.py,utility_private,,,,medium,partial,verify,not_started,ACCEPTED_VERIFIED,
fodg,src/python/fodg/fodg_analytics.py,fodg_page_count_times_sixty_nine,function,src/python/fodg/fodg_analytics.py,utility_private,,,,medium,partial,verify,not_started,ACCEPTED_VERIFIED,
fodg,src/python/fodg/fodg_analytics.py,fodg_total_shape_count_times_sixty_nine,function,src/python/fodg/fodg_analytics.py,utility_private,,,,medium,partial,verify,not_started,ACCEPTED_VERIFIED,
fodg,src/python/fodg/fodg_analytics.py,fodg_page_count_times_seventy,function,src/python/fodg/fodg_analytics.py,utility_private,,,,medium,partial,verify,not_started,ACCEPTED_VERIFIED,
fodg,src/python/fodg/fodg_analytics.py,fodg_total_shape_count_times_seventy,function,src/python/fodg/fodg_analytics.py,utility_private,,,,medium,partial,verify,not_started,ACCEPTED_VERIFIED,
fodg,src/python/fodg/fodg_analytics.py,fodg_page_count_times_seventy_one,function,src/python/fodg/fodg_analytics.py,utility_private,,,,medium,partial,verify,not_started,ACCEPTED_VERIFIED,
fodg,src/python/fodg/fodg_analytics.py,fodg_total_shape_count_times_seventy_one,function,src/python/fodg/fodg_analytics.py,utility_private,,,,medium,partial,verify,not_started,ACCEPTED_VERIFIED,
fodg,src/python/fodg/fodg_analytics.py,fodg_page_count_times_seventy_two,function,src/python/fodg/fodg_analytics.py,utility_private,,,,medium,partial,verify,not_started,ACCEPTED_VERIFIED,
fodg,src/python/fodg/fodg_analytics.py,fodg_total_shape_count_times_seventy_two,function,src/python/fodg/fodg_analytics.py,utility_private,,,,medium,partial,verify,not_started,ACCEPTED_VERIFIED,
fodg,src/python/fodg/fodg_analytics.py,fodg_page_count_times_seventy_three,function,src/python/fodg/fodg_analytics.py,utility_private,,,,medium,partial,verify,not_started,ACCEPTED_VERIFIED,
fodg,src/python/fodg/fodg_analytics.py,fodg_total_shape_count_times_seventy_three,function,src/python/fodg/fodg_analytics.py,utility_private,,,,medium,partial,verify,not_started,ACCEPTED_VERIFIED,
fodg,src/python/fodg/fodg_analytics.py,fodg_page_count_times_seventy_four,function,src/python/fodg/fodg_analytics.py,utility_private,,,,medium,partial,verify,not_started,ACCEPTED_VERIFIED,
fodg,src/python/fodg/fodg_analytics.py,fodg_total_shape_count_times_seventy_four,function,src/python/fodg/fodg_analytics.py,utility_private,,,,medium,partial,verify,not_started,ACCEPTED_VERIFIED,
fodg,src/python/fodg/fodg_analytics.py,fodg_page_count_times_seventy_five,function,src/python/fodg/fodg_analytics.py,utility_private,,,,medium,partial,verify,not_started,ACCEPTED_VERIFIED,
fodg,src/python/fodg/fodg_analytics.py,fodg_total_shape_count_times_seventy_five,function,src/python/fodg/fodg_analytics.py,utility_private,,,,medium,partial,verify,not_started,ACCEPTED_VERIFIED,
fodg,src/python/fodg/fodg_analytics.py,fodg_bytes_per_shape,function,src/python/fodg/fodg_analytics.py,utility_private,,,,medium,partial,verify,not_started,ACCEPTED_VERIFIED,
fodg,src/python/fodg/fodg_analytics.py,fodg_text_to_shape_ratio,function,src/python/fodg/fodg_analytics.py,utility_private,,,,medium,partial,verify,not_started,ACCEPTED_VERIFIED,
fodg,src/python/fodg/fodg_analytics.py,fodg_page_count_times_seventy_six,function,src/python/fodg/fodg_analytics.py,utility_private,,,,medium,partial,verify,not_started,ACCEPTED_VERIFIED,
fodg,src/python/fodg/fodg_analytics.py,fodg_total_shape_count_times_seventy_six,function,src/python/fodg/fodg_analytics.py,utility_private,,,,medium,partial,verify,not_started,ACCEPTED_VERIFIED,
fodg,src/python/fodg/fodg_analytics.py,fodg_page_count_times_seventy_seven,function,src/python/fodg/fodg_analytics.py,utility_private,,,,medium,partial,verify,not_started,ACCEPTED_VERIFIED,
fodg,src/python/fodg/fodg_analytics.py,fodg_total_shape_count_times_seventy_seven,function,src/python/fodg/fodg_analytics.py,utility_private,,,,medium,partial,verify,not_started,ACCEPTED_VERIFIED,
fodg,src/python/fodg/fodg_analytics.py,fodg_page_count_times_seventy_eight,function,src/python/fodg/fodg_analytics.py,utility_private,,,,medium,partial,verify,not_started,ACCEPTED_VERIFIED,
fodg,src/python/fodg/fodg_analytics.py,fodg_total_shape_count_times_seventy_eight,function,src/python/fodg/fodg_analytics.py,utility_private,,,,medium,partial,verify,not_started,ACCEPTED_VERIFIED,
fodg,src/python/fodg/fodg_analytics.py,fodg_page_count_times_seventy_nine,function,src/python/fodg/fodg_analytics.py,utility_private,,,,medium,partial,verify,not_started,ACCEPTED_VERIFIED,
fodg,src/python/fodg/fodg_analytics.py,fodg_total_shape_count_times_seventy_nine,function,src/python/fodg/fodg_analytics.py,utility_private,,,,medium,partial,verify,not_started,ACCEPTED_VERIFIED,
fodg,src/python/fodg/fodg_analytics.py,fodg_page_count_times_eighty,function,src/python/fodg/fodg_analytics.py,utility_private,,,,medium,partial,verify,not_started,ACCEPTED_VERIFIED,
fodg,src/python/fodg/fodg_analytics.py,fodg_total_shape_count_times_eighty,function,src/python/fodg/fodg_analytics.py,utility_private,,,,medium,partial,verify,not_started,ACCEPTED_VERIFIED,
fodg,src/python/fodg/fodg_analytics.py,fodg_page_count_times_eighty_one,function,src/python/fodg/fodg_analytics.py,utility_private,,,,medium,partial,verify,not_started,ACCEPTED_VERIFIED,
fodg,src/python/fodg/fodg_analytics.py,fodg_total_shape_count_times_eighty_one,function,src/python/fodg/fodg_analytics.py,utility_private,,,,medium,partial,verify,not_started,ACCEPTED_VERIFIED,
fodg,src/python/fodg/fodg_analytics.py,fodg_page_count_times_eighty_two,function,src/python/fodg/fodg_analytics.py,utility_private,,,,medium,partial,verify,not_started,ACCEPTED_VERIFIED,
fodg,src/python/fodg/fodg_analytics.py,fodg_total_shape_count_times_eighty_two,function,src/python/fodg/fodg_analytics.py,utility_private,,,,medium,partial,verify,not_started,ACCEPTED_VERIFIED,
fodg,src/python/fodg/fodg_analytics.py,fodg_page_count_times_eighty_three,function,src/python/fodg/fodg_analytics.py,utility_private,,,,medium,partial,verify,not_started,ACCEPTED_VERIFIED,
fodg,src/python/fodg/fodg_analytics.py,fodg_total_shape_count_times_eighty_three,function,src/python/fodg/fodg_analytics.py,utility_private,,,,medium,partial,verify,not_started,ACCEPTED_VERIFIED,
fodg,src/python/fodg/fodg_analytics.py,fodg_page_count_times_eighty_four,function,src/python/fodg/fodg_analytics.py,utility_private,,,,medium,partial,verify,not_started,ACCEPTED_VERIFIED,
fodg,src/python/fodg/fodg_analytics.py,fodg_total_shape_count_times_eighty_four,function,src/python/fodg/fodg_analytics.py,utility_private,,,,medium,partial,verify,not_started,ACCEPTED_VERIFIED,
fodg,src/python/fodg/fodg_analytics.py,fodg_page_count_times_eighty_five,function,src/python/fodg/fodg_analytics.py,utility_private,,,,medium,partial,verify,not_started,ACCEPTED_VERIFIED,
fodg,src/python/fodg/fodg_analytics.py,fodg_total_shape_count_times_eighty_five,function,src/python/fodg/fodg_analytics.py,utility_private,,,,medium,partial,verify,not_started,ACCEPTED_VERIFIED,
fodg,src/python/fodg/fodg_analytics.py,fodg_page_count_times_eighty_six,function,src/python/fodg/fodg_analytics.py,utility_private,,,,medium,partial,verify,not_started,ACCEPTED_VERIFIED,
fodg,src/python/fodg/fodg_analytics.py,fodg_total_shape_count_times_eighty_six,function,src/python/fodg/fodg_analytics.py,utility_private,,,,medium,partial,verify,not_started,ACCEPTED_VERIFIED,
fodg,src/python/fodg/fodg_analytics.py,fodg_text_per_page,function,src/python/fodg/fodg_analytics.py,utility_private,,,,medium,partial,verify,not_started,ACCEPTED_VERIFIED,
fodg,src/python/fodg/fodg_analytics.py,fodg_is_text_heavy,function,src/python/fodg/fodg_analytics.py,utility_private,,,,medium,partial,verify,not_started,ACCEPTED_VERIFIED,
fodg,src/python/fodg/fodg_analytics.py,fodg_page_count_times_eighty_seven,function,src/python/fodg/fodg_analytics.py,utility_private,,,,medium,partial,verify,not_started,ACCEPTED_VERIFIED,
fodg,src/python/fodg/fodg_analytics.py,fodg_total_shape_count_times_eighty_seven,function,src/python/fodg/fodg_analytics.py,utility_private,,,,medium,partial,verify,not_started,ACCEPTED_VERIFIED,
fodg,src/python/fodg/fodg_analytics.py,fodg_shape_count_times_eighty_nine,function,src/python/fodg/fodg_analytics.py,utility_private,,,,medium,partial,verify,not_started,ACCEPTED_VERIFIED,
fodg,src/python/fodg/fodg_analytics.py,fodg_text_count_times_eighty_nine,function,src/python/fodg/fodg_analytics.py,utility_private,,,,medium,partial,verify,not_started,ACCEPTED_VERIFIED,
fodg,src/python/fodg/fodg_analytics.py,fodg_shape_count_times_ninety,function,src/python/fodg/fodg_analytics.py,utility_private,,,,medium,partial,verify,not_started,ACCEPTED_VERIFIED,
fodg,src/python/fodg/fodg_analytics.py,fodg_text_count_times_ninety,function,src/python/fodg/fodg_analytics.py,utility_private,,,,medium,partial,verify,not_started,ACCEPTED_VERIFIED,
fodg,src/python/fodg/fodg_analytics.py,fodg_shape_count_times_ninety_one,function,src/python/fodg/fodg_analytics.py,utility_private,,,,medium,partial,verify,not_started,ACCEPTED_VERIFIED,
fodg,src/python/fodg/fodg_analytics.py,fodg_text_count_times_ninety_one,function,src/python/fodg/fodg_analytics.py,utility_private,,,,medium,partial,verify,not_started,ACCEPTED_VERIFIED,
fodg,src/python/fodg/fodg_analytics.py,fodg_shape_count_times_ninety_two,function,src/python/fodg/fodg_analytics.py,utility_private,,,,medium,partial,verify,not_started,ACCEPTED_VERIFIED,
fodg,src/python/fodg/fodg_analytics.py,fodg_text_count_times_ninety_two,function,src/python/fodg/fodg_analytics.py,utility_private,,,,medium,partial,verify,not_started,ACCEPTED_VERIFIED,
fodg,src/python/fodg/fodg_analytics.py,fodg_shape_count_times_ninety_three,function,src/python/fodg/fodg_analytics.py,utility_private,,,,medium,partial,verify,not_started,ACCEPTED_VERIFIED,
fodg,src/python/fodg/fodg_analytics.py,fodg_text_count_times_ninety_three,function,src/python/fodg/fodg_analytics.py,utility_private,,,,medium,partial,verify,not_started,ACCEPTED_VERIFIED,
fodg,src/python/fodg/fodg_analytics.py,fodg_shape_count_times_ninety_four,function,src/python/fodg/fodg_analytics.py,utility_private,,,,medium,partial,verify,not_started,ACCEPTED_VERIFIED,
fodg,src/python/fodg/fodg_analytics.py,fodg_text_count_times_ninety_four,function,src/python/fodg/fodg_analytics.py,utility_private,,,,medium,partial,verify,not_started,ACCEPTED_VERIFIED,
fodg,src/python/fodg/fodg_analytics.py,fodg_shape_count_times_ninety_five,function,src/python/fodg/fodg_analytics.py,utility_private,,,,medium,partial,verify,not_started,ACCEPTED_VERIFIED,
fodg,src/python/fodg/fodg_analytics.py,fodg_text_count_times_ninety_five,function,src/python/fodg/fodg_analytics.py,utility_private,,,,medium,partial,verify,not_started,ACCEPTED_VERIFIED,
fodg,src/python/fodg/fodg_analytics.py,fodg_shape_count_times_ninety_six,function,src/python/fodg/fodg_analytics.py,utility_private,,,,medium,partial,verify,not_started,ACCEPTED_VERIFIED,
fodg,src/python/fodg/fodg_analytics.py,fodg_text_count_times_ninety_six,function,src/python/fodg/fodg_analytics.py,utility_private,,,,medium,partial,verify,not_started,ACCEPTED_VERIFIED,
fodg,src/python/fodg/fodg_analytics.py,fodg_shape_count_times_ninety_seven,function,src/python/fodg/fodg_analytics.py,utility_private,,,,medium,partial,verify,not_started,ACCEPTED_VERIFIED,
fodg,src/python/fodg/fodg_analytics.py,fodg_text_count_times_ninety_seven,function,src/python/fodg/fodg_analytics.py,utility_private,,,,medium,partial,verify,not_started,ACCEPTED_VERIFIED,
fodg,src/python/fodg/fodg_analytics.py,fodg_shape_count_times_ninety_eight,function,src/python/fodg/fodg_analytics.py,utility_private,,,,medium,partial,verify,not_started,ACCEPTED_VERIFIED,
fodg,src/python/fodg/fodg_analytics.py,fodg_text_count_times_ninety_eight,function,src/python/fodg/fodg_analytics.py,utility_private,,,,medium,partial,verify,not_started,ACCEPTED_VERIFIED,
fodg,src/python/fodg/fodg_analytics.py,fodg_shape_count_times_ninety_nine,function,src/python/fodg/fodg_analytics.py,utility_private,,,,medium,partial,verify,not_started,ACCEPTED_VERIFIED,
fodg,src/python/fodg/fodg_analytics.py,fodg_text_count_times_ninety_nine,function,src/python/fodg/fodg_analytics.py,utility_private,,,,medium,partial,verify,not_started,ACCEPTED_VERIFIED,
fodg,src/python/fodg/fodg_analytics.py,fodg_shape_count_times_one_hundred,function,src/python/fodg/fodg_analytics.py,utility_private,,,,medium,partial,verify,not_started,ACCEPTED_VERIFIED,
fodg,src/python/fodg/fodg_analytics.py,fodg_text_count_times_one_hundred,function,src/python/fodg/fodg_analytics.py,utility_private,,,,medium,partial,verify,not_started,ACCEPTED_VERIFIED,
fodg,src/python/fodg/fodg_analytics.py,fodg_shape_count_times_one_hundred_and_one,function,src/python/fodg/fodg_analytics.py,utility_private,,,,medium,partial,verify,not_started,ACCEPTED_VERIFIED,
fodg,src/python/fodg/fodg_analytics.py,fodg_text_count_times_one_hundred_and_one,function,src/python/fodg/fodg_analytics.py,utility_private,,,,medium,partial,verify,not_started,ACCEPTED_VERIFIED,
fodg,src/python/fodg/fodg_analytics.py,fodg_shape_count_times_one_hundred_and_two,function,src/python/fodg/fodg_analytics.py,utility_private,,,,medium,partial,verify,not_started,ACCEPTED_VERIFIED,
fodg,src/python/fodg/fodg_analytics.py,fodg_text_count_times_one_hundred_and_two,function,src/python/fodg/fodg_analytics.py,utility_private,,,,medium,partial,verify,not_started,ACCEPTED_VERIFIED,
fodg,src/python/fodg/fodg_analytics.py,fodg_shape_count_times_one_hundred_and_three,function,src/python/fodg/fodg_analytics.py,utility_private,,,,medium,partial,verify,not_started,ACCEPTED_VERIFIED,
fodg,src/python/fodg/fodg_analytics.py,fodg_text_count_times_one_hundred_and_three,function,src/python/fodg/fodg_analytics.py,utility_private,,,,medium,partial,verify,not_started,ACCEPTED_VERIFIED,
fodg,src/python/fodg/fodg_analytics_extra.py,fodg_total_shape_count,function,src/python/fodg/fodg_analytics_extra.py,utility_private,,,,medium,partial,verify,not_started,ACCEPTED_VERIFIED,
fodg,src/python/fodg/fodg_analytics_extra.py,fodg_text_shape_count,function,src/python/fodg/fodg_analytics_extra.py,utility_private,,,,medium,partial,verify,not_started,ACCEPTED_VERIFIED,
fodg,src/python/fodg/fodg_analytics_extra.py,fodg_page_shape_count,function,src/python/fodg/fodg_analytics_extra.py,utility_private,,,,medium,partial,verify,not_started,ACCEPTED_VERIFIED,
fodg,src/python/fodg/fodg_analytics_extra.py,fodg_avg_shapes_per_page,function,src/python/fodg/fodg_analytics_extra.py,utility_private,,,,medium,partial,verify,not_started,ACCEPTED_VERIFIED,
fodg,src/python/fodg/fodg_analytics_extra.py,fodg_has_empty_pages,function,src/python/fodg/fodg_analytics_extra.py,utility_private,,,,medium,partial,verify,not_started,ACCEPTED_VERIFIED,
fodg,src/python/fodg/fodg_analytics_extra.py,fodg_page_count,function,src/python/fodg/fodg_analytics_extra.py,utility_private,,,,medium,partial,verify,not_started,ACCEPTED_VERIFIED,
fodg,src/python/fodg/fodg_analytics_extra.py,fodg_all_pages_have_shapes,function,src/python/fodg/fodg_analytics_extra.py,utility_private,,,,medium,partial,verify,not_started,ACCEPTED_VERIFIED,
fodg,src/python/fodg/fodg_analytics_extra.py,fodg_text_to_shape_ratio,function,src/python/fodg/fodg_analytics_extra.py,utility_private,,,,medium,partial,verify,not_started,ACCEPTED_VERIFIED,
fodg,src/python/fodg/fodg_analytics_extra.py,fodg_max_shapes_per_page,function,src/python/fodg/fodg_analytics_extra.py,utility_private,,,,medium,partial,verify,not_started,ACCEPTED_VERIFIED,
fodg,src/python/fodg/fodg_analytics_extra.py,fodg_min_shapes_per_page,function,src/python/fodg/fodg_analytics_extra.py,utility_private,,,,medium,partial,verify,not_started,ACCEPTED_VERIFIED,
fodg,src/python/fodg/fodg_analytics_extra.py,fodg_shape_density,function,src/python/fodg/fodg_analytics_extra.py,utility_private,,,,medium,partial,verify,not_started,ACCEPTED_VERIFIED,
fodg,src/python/fodg/fodg_analytics_extra.py,fodg_empty_page_count,function,src/python/fodg/fodg_analytics_extra.py,utility_private,,,,medium,partial,verify,not_started,ACCEPTED_VERIFIED,
fodg,src/python/fodg/fodg_analytics_extra.py,fodg_is_single_page,function,src/python/fodg/fodg_analytics_extra.py,utility_private,,,,medium,partial,verify,not_started,ACCEPTED_VERIFIED,
fodg,src/python/fodg/fodg_analytics_extra.py,fodg_total_text_length,function,src/python/fodg/fodg_analytics_extra.py,utility_private,,,,medium,partial,verify,not_started,ACCEPTED_VERIFIED,
fodg,src/python/fodg/fodg_analytics_extra.py,fodg_has_text,function,src/python/fodg/fodg_analytics_extra.py,utility_private,,,,medium,partial,verify,not_started,ACCEPTED_VERIFIED,
fodg,src/python/fodg/fodg_analytics_extra.py,fodg_is_empty_document,function,src/python/fodg/fodg_analytics_extra.py,utility_private,,,,medium,partial,verify,not_started,ACCEPTED_VERIFIED,
fodg,src/python/fodg/fodg_analytics_extra.py,fodg_non_text_shape_count,function,src/python/fodg/fodg_analytics_extra.py,utility_private,,,,medium,partial,verify,not_started,ACCEPTED_VERIFIED,
fodg,src/python/fodg/fodg_analytics_extra.py,fodg_avg_text_per_page,function,src/python/fodg/fodg_analytics_extra.py,utility_private,,,,medium,partial,verify,not_started,ACCEPTED_VERIFIED,
fodg,src/python/fodg/fodg_analytics_extra.py,fodg_has_multiple_pages,function,src/python/fodg/fodg_analytics_extra.py,utility_private,,,,medium,partial,verify,not_started,ACCEPTED_VERIFIED,
fodg,src/python/fodg/fodg_analytics_extra.py,fodg_shape_to_page_variance,function,src/python/fodg/fodg_analytics_extra.py,utility_private,,,,medium,partial,verify,not_started,ACCEPTED_VERIFIED,
fodg,src/python/fodg/fodg_analytics_extra.py,fodg_max_text_per_page,function,src/python/fodg/fodg_analytics_extra.py,utility_private,,,,medium,partial,verify,not_started,ACCEPTED_VERIFIED,
fodg,src/python/fodg/fodg_analytics_extra.py,fodg_text_per_shape,function,src/python/fodg/fodg_analytics_extra.py,utility_private,,,,medium,partial,verify,not_started,ACCEPTED_VERIFIED,
fodg,src/python/fodg/fodg_analytics_extra.py,fodg_nonempty_page_count,function,src/python/fodg/fodg_analytics_extra.py,utility_private,,,,medium,partial,verify,not_started,ACCEPTED_VERIFIED,
fodg,src/python/fodg/fodg_analytics_extra.py,fodg_text_density,function,src/python/fodg/fodg_analytics_extra.py,utility_private,,,,medium,partial,verify,not_started,ACCEPTED_VERIFIED,
fodg,src/python/fodg/fodg_analytics_extra.py,fodg_is_multi_page,function,src/python/fodg/fodg_analytics_extra.py,utility_private,,,,medium,partial,verify,not_started,ACCEPTED_VERIFIED,
fodg,src/python/fodg/fodg_analytics_extra.py,fodg_shape_count_variance,function,src/python/fodg/fodg_analytics_extra.py,utility_private,,,,medium,partial,verify,not_started,ACCEPTED_VERIFIED,
fodg,src/python/fodg/fodg_analytics_extra.py,fodg_is_text_only,function,src/python/fodg/fodg_analytics_extra.py,utility_private,,,,medium,partial,verify,not_started,ACCEPTED_VERIFIED,
fodg,src/python/fodg/fodg_analytics_extra.py,fodg_avg_shapes_per_nonempty_page,function,src/python/fodg/fodg_analytics_extra.py,utility_private,,,,medium,partial,verify,not_started,ACCEPTED_VERIFIED,
fodg,src/python/fodg/fodg_analytics_extra.py,fodg_has_single_shape,function,src/python/fodg/fodg_analytics_extra.py,utility_private,,,,medium,partial,verify,not_started,ACCEPTED_VERIFIED,
fodg,src/python/fodg/fodg_analytics_extra.py,fodg_page_text_variance,function,src/python/fodg/fodg_analytics_extra.py,utility_private,,,,medium,partial,verify,not_started,ACCEPTED_VERIFIED,
fodg,src/python/fodg/fodg_analytics_extra.py,fodg_total_text_chars,function,src/python/fodg/fodg_analytics_extra.py,utility_private,,,,medium,partial,verify,not_started,ACCEPTED_VERIFIED,
fodg,src/python/fodg/fodg_analytics_extra.py,fodg_avg_text_per_shape,function,src/python/fodg/fodg_analytics_extra.py,utility_private,,,,medium,partial,verify,not_started,ACCEPTED_VERIFIED,
fodg,src/python/fodg/fodg_analytics_extra.py,fodg_min_text_per_page,function,src/python/fodg/fodg_analytics_extra.py,utility_private,,,,medium,partial,verify,not_started,ACCEPTED_VERIFIED,
fodg,src/python/fodg/fodg_analytics_extra.py,fodg_total_text_items,function,src/python/fodg/fodg_analytics_extra.py,utility_private,,,,medium,partial,verify,not_started,ACCEPTED_VERIFIED,
fodg,src/python/fodg/fodg_analytics_extra.py,fodg_nonempty_shape_ratio,function,src/python/fodg/fodg_analytics_extra.py,utility_private,,,,medium,partial,verify,not_started,ACCEPTED_VERIFIED,
fodg,src/python/fodg/fodg_analytics_extra.py,fodg_max_shape_text_length,function,src/python/fodg/fodg_analytics_extra.py,utility_private,,,,medium,partial,verify,not_started,ACCEPTED_VERIFIED,
fodg,src/python/fodg/fodg_analytics_extra.py,fodg_shapes_with_text_count,function,src/python/fodg/fodg_analytics_extra.py,utility_private,,,,medium,partial,verify,not_started,ACCEPTED_VERIFIED,
fodg,src/python/fodg/fodg_analytics_extra.py,fodg_nonempty_page_ratio,function,src/python/fodg/fodg_analytics_extra.py,utility_private,,,,medium,partial,verify,not_started,ACCEPTED_VERIFIED,
fodg,src/python/fodg/fodg_analytics_extra.py,fodg_total_shapes_and_pages,function,src/python/fodg/fodg_analytics_extra.py,utility_private,,,,medium,partial,verify,not_started,ACCEPTED_VERIFIED,
fodg,src/python/fodg/fodg_analytics_extra.py,fodg_has_non_text_shapes,function,src/python/fodg/fodg_analytics_extra.py,utility_private,,,,medium,partial,verify,not_started,ACCEPTED_VERIFIED,
fodg,src/python/fodg/fodg_analytics_extra.py,fodg_has_no_shapes,function,src/python/fodg/fodg_analytics_extra.py,utility_private,,,,medium,partial,verify,not_started,ACCEPTED_VERIFIED,
fodg,src/python/fodg/fodg_analytics_extra.py,fodg_all_pages_have_text,function,src/python/fodg/fodg_analytics_extra.py,utility_private,,,,medium,partial,verify,not_started,ACCEPTED_VERIFIED,
fodg,src/python/fodg/fodg_analytics_extra.py,fodg_max_text_item_length,function,src/python/fodg/fodg_analytics_extra.py,utility_private,,,,medium,partial,verify,not_started,ACCEPTED_VERIFIED,
fodg,src/python/fodg/fodg_analytics_extra.py,fodg_file_size_bytes,function,src/python/fodg/fodg_analytics_extra.py,utility_private,,,,medium,partial,verify,not_started,ACCEPTED_VERIFIED,
fodg,src/python/fodg/fodg_analytics_extra.py,fodg_min_text_item_length,function,src/python/fodg/fodg_analytics_extra.py,utility_private,,,,medium,partial,verify,not_started,ACCEPTED_VERIFIED,
fodg,src/python/fodg/fodg_analytics_extra.py,fodg_avg_text_item_length,function,src/python/fodg/fodg_analytics_extra.py,utility_private,,,,medium,partial,verify,not_started,ACCEPTED_VERIFIED,
fodg,src/python/fodg/fodg_analytics_extra.py,fodg_unique_text_item_count,function,src/python/fodg/fodg_analytics_extra.py,utility_private,,,,medium,partial,verify,not_started,ACCEPTED_VERIFIED,
fodg,src/python/fodg/fodg_analytics_extra.py,fodg_text_item_count,function,src/python/fodg/fodg_analytics_extra.py,utility_private,,,,medium,partial,verify,not_started,ACCEPTED_VERIFIED,
fodg,src/python/fodg/fodg_analytics_extra.py,fodg_has_text_content,function,src/python/fodg/fodg_analytics_extra.py,utility_private,,,,medium,partial,verify,not_started,ACCEPTED_VERIFIED,
fodg,src/python/fodg/fodg_analytics_extra.py,fodg_max_shape_count,function,src/python/fodg/fodg_analytics_extra.py,utility_private,,,,medium,partial,verify,not_started,ACCEPTED_VERIFIED,
fodg,src/python/fodg/fodg_analytics_extra.py,fodg_min_shape_count,function,src/python/fodg/fodg_analytics_extra.py,utility_private,,,,medium,partial,verify,not_started,ACCEPTED_VERIFIED,
fodg,src/python/fodg/fodg_analytics_extra.py,fodg_is_empty_drawing,function,src/python/fodg/fodg_analytics_extra.py,utility_private,,,,medium,partial,verify,not_started,ACCEPTED_VERIFIED,
fodg,src/python/fodg/fodg_analytics_extra.py,fodg_has_multiple_shapes,function,src/python/fodg/fodg_analytics_extra.py,utility_private,,,,medium,partial,verify,not_started,ACCEPTED_VERIFIED,
fodg,src/python/fodg/fodg_analytics_extra.py,fodg_shapes_exceed_pages,function,src/python/fodg/fodg_analytics_extra.py,utility_private,,,,medium,partial,verify,not_started,ACCEPTED_VERIFIED,
fodg,src/python/fodg/fodg_analytics_extra.py,fodg_word_count,function,src/python/fodg/fodg_analytics_extra.py,utility_private,,,,medium,partial,verify,not_started,ACCEPTED_VERIFIED,
fodg,src/python/fodg/fodg_analytics_extra.py,fodg_shape_text_ratio,function,src/python/fodg/fodg_analytics_extra.py,utility_private,,,,medium,partial,verify,not_started,ACCEPTED_VERIFIED,
fodg,src/python/fodg/fodg_analytics_extra.py,fodg_unique_word_count,function,src/python/fodg/fodg_analytics_extra.py,utility_private,,,,medium,partial,verify,not_started,ACCEPTED_VERIFIED,
fodg,src/python/fodg/fodg_analytics_extra.py,fodg_text_and_shape_sum,function,src/python/fodg/fodg_analytics_extra.py,utility_private,,,,medium,partial,verify,not_started,ACCEPTED_VERIFIED,
fodg,src/python/fodg/fodg_analytics_extra.py,fodg_text_items_exceed_pages,function,src/python/fodg/fodg_analytics_extra.py,utility_private,,,,medium,partial,verify,not_started,ACCEPTED_VERIFIED,
fodg,src/python/fodg/fodg_analytics_extra.py,fodg_text_item_length_range,function,src/python/fodg/fodg_analytics_extra.py,utility_private,,,,medium,partial,verify,not_started,ACCEPTED_VERIFIED,
fodg,src/python/fodg/fodg_analytics_extra.py,fodg_text_items_per_shape,function,src/python/fodg/fodg_analytics_extra.py,utility_private,,,,medium,partial,verify,not_started,ACCEPTED_VERIFIED,
fodg,src/python/fodg/fodg_analytics_extra.py,fodg_shape_count_exceeds_text_count,function,src/python/fodg/fodg_analytics_extra.py,utility_private,,,,medium,partial,verify,not_started,ACCEPTED_VERIFIED,
fodg,src/python/fodg/fodg_analytics_extra.py,fodg_has_equal_shapes_and_text,function,src/python/fodg/fodg_analytics_extra.py,utility_private,,,,medium,partial,verify,not_started,ACCEPTED_VERIFIED,
fodg,src/python/fodg/fodg_analytics_extra.py,fodg_shape_count_equals_page_count,function,src/python/fodg/fodg_analytics_extra.py,utility_private,,,,medium,partial,verify,not_started,ACCEPTED_VERIFIED,
fodg,src/python/fodg/fodg_analytics_extra.py,fodg_non_text_shape_count_exceeds_page_count,function,src/python/fodg/fodg_analytics_extra.py,utility_private,,,,medium,partial,verify,not_started,ACCEPTED_VERIFIED,
fodg,src/python/fodg/fodg_analytics_extra.py,fodg_text_item_length_sum,function,src/python/fodg/fodg_analytics_extra.py,utility_private,,,,medium,partial,verify,not_started,ACCEPTED_VERIFIED,
fodg,src/python/fodg/fodg_codec.py,FodgError,class,src/python/fodg/fodg_codec.py,codec_io,,,,high,partial,verify,not_started,ACCEPTED_VERIFIED,
fodg,src/python/fodg/fodg_codec.py,FodgParseError,class,src/python/fodg/fodg_codec.py,codec_io,,,,high,partial,verify,not_started,ACCEPTED_VERIFIED,
fodg,src/python/fodg/fodg_codec.py,load,function,src/python/fodg/fodg_codec.py,codec_io,,,,medium,partial,verify,not_started,ACCEPTED_VERIFIED,
fodg,src/python/fodg/fodg_codec.py,get_shape_count,function,src/python/fodg/fodg_codec.py,codec_io,,,,medium,partial,verify,not_started,ACCEPTED_VERIFIED,
fodg,src/python/fodg/fodg_codec.py,extract_text,function,src/python/fodg/fodg_codec.py,codec_io,,,,medium,partial,verify,not_started,ACCEPTED_VERIFIED,
fodg,src/python/fodg/fodg_codec.py,get_page_metadata,function,src/python/fodg/fodg_codec.py,codec_io,,,,medium,partial,verify,not_started,ACCEPTED_VERIFIED,
fodg,src/python/fodg/fodg_codec.py,_read_source,function,src/python/fodg/fodg_codec.py,codec_io,,,,low,partial,verify,not_started,ACCEPTED_VERIFIED,
fodg,src/python/fodg/fodg_codec.py,_check_size,function,src/python/fodg/fodg_codec.py,codec_io,,,,low,partial,verify,not_started,ACCEPTED_VERIFIED,
fodg,src/python/fodg/fodg_codec.py,_parse_xml,function,src/python/fodg/fodg_codec.py,codec_io,,,,low,partial,verify,not_started,ACCEPTED_VERIFIED,
fodg,src/python/fodg/fodg_codec.py,_build_model,function,src/python/fodg/fodg_codec.py,codec_io,,,,low,partial,verify,not_started,ACCEPTED_VERIFIED,
fodg,src/python/fodg/fodg_codec.py,_extract_pages,function,src/python/fodg/fodg_codec.py,codec_io,,,,low,partial,verify,not_started,ACCEPTED_VERIFIED,
fodg,src/python/fodg/fodg_codec.py,create_fodg,function,src/python/fodg/fodg_codec.py,codec_io,,,,medium,partial,verify,not_started,ACCEPTED_VERIFIED,
fodg,src/python/fodg/fodg_codec.py,write_fodg,function,src/python/fodg/fodg_codec.py,codec_io,,,,medium,partial,verify,not_started,ACCEPTED_VERIFIED,
fodg,src/python/fodg/fodg_codec.py,get_shapes,function,src/python/fodg/fodg_codec.py,codec_io,,,,medium,partial,verify,not_started,ACCEPTED_VERIFIED,
fodg,src/python/fodg/fodg_codec.py,get_page_by_name,function,src/python/fodg/fodg_codec.py,codec_io,,,,medium,partial,verify,not_started,ACCEPTED_VERIFIED,
fodg,src/python/fodg/fodg_codec.py,add_page,function,src/python/fodg/fodg_codec.py,codec_io,,,,medium,partial,verify,not_started,ACCEPTED_VERIFIED,
fodg,src/python/fodg/fodg_codec.py,get_text_shapes,function,src/python/fodg/fodg_codec.py,codec_io,,,,medium,partial,verify,not_started,ACCEPTED_VERIFIED,
fodg,src/python/fodg/fodg_codec.py,remove_page,function,src/python/fodg/fodg_codec.py,codec_io,,,,medium,partial,verify,not_started,ACCEPTED_VERIFIED,
fodg,src/python/fodg/fodg_codec.py,rename_page,function,src/python/fodg/fodg_codec.py,codec_io,,,,medium,partial,verify,not_started,ACCEPTED_VERIFIED,
fodg,src/python/fodg/fodg_codec.py,get_all_text,function,src/python/fodg/fodg_codec.py,codec_io,,,,medium,partial,verify,not_started,ACCEPTED_VERIFIED,
fodg,src/python/fodg/fodg_codec.py,get_page_text,function,src/python/fodg/fodg_codec.py,codec_io,,,,medium,partial,verify,not_started,ACCEPTED_VERIFIED,
fodg,src/python/fodg/fodg_codec.py,count_shapes,function,src/python/fodg/fodg_codec.py,codec_io,,,,medium,partial,verify,not_started,ACCEPTED_VERIFIED,
fodg,src/python/fodg/fodg_codec.py,export_to_json,function,src/python/fodg/fodg_codec.py,codec_io,,,,medium,partial,verify,not_started,ACCEPTED_VERIFIED,
fodg,src/python/fodg/fodg_codec.py,duplicate_page,function,src/python/fodg/fodg_codec.py,codec_io,,,,medium,partial,verify,not_started,ACCEPTED_VERIFIED,
fodg,src/python/fodg/fodg_codec.py,get_page_index,function,src/python/fodg/fodg_codec.py,codec_io,,,,medium,partial,verify,not_started,ACCEPTED_VERIFIED,
fodg,src/python/fodg/fodg_codec.py,clear_page,function,src/python/fodg/fodg_codec.py,codec_io,,,,medium,partial,verify,not_started,ACCEPTED_VERIFIED,
fodg,src/python/fodg/fodg_codec.py,swap_pages,function,src/python/fodg/fodg_codec.py,codec_io,,,,medium,partial,verify,not_started,ACCEPTED_VERIFIED,
fodg,src/python/fodg/fodg_codec.py,page_names,function,src/python/fodg/fodg_codec.py,codec_io,,,,medium,partial,verify,not_started,ACCEPTED_VERIFIED,
fodg,src/python/fodg/fodg_codec.py,has_page,function,src/python/fodg/fodg_codec.py,codec_io,,,,medium,partial,verify,not_started,ACCEPTED_VERIFIED,
fodg,src/python/fodg/fodg_codec.py,get_page_count,function,src/python/fodg/fodg_codec.py,codec_io,,,,medium,partial,verify,not_started,ACCEPTED_VERIFIED,
fodg,src/python/fodg/fodg_codec.py,find_text,function,src/python/fodg/fodg_codec.py,codec_io,,,,medium,partial,verify,not_started,ACCEPTED_VERIFIED,
fodg,src/python/fodg/fodg_codec.py,export_to_txt,function,src/python/fodg/fodg_codec.py,codec_io,,,,medium,partial,verify,not_started,ACCEPTED_VERIFIED,
fodg,src/python/fodg/fodg_codec.py,probe_fodg,function,src/python/fodg/fodg_codec.py,codec_io,,,,medium,partial,verify,not_started,ACCEPTED_VERIFIED,
fodg,src/python/fodg/fodg_codec.py,export_to_csv,function,src/python/fodg/fodg_codec.py,codec_io,,,,medium,partial,verify,not_started,ACCEPTED_VERIFIED,
fodg,src/python/fodg/fodg_codec.py,roundtrip,function,src/python/fodg/fodg_codec.py,codec_io,,,,medium,partial,verify,not_started,ACCEPTED_VERIFIED,
fodg,src/python/fodg/fodg_codec.py,total_text_length,function,src/python/fodg/fodg_codec.py,codec_io,,,,medium,partial,verify,not_started,ACCEPTED_VERIFIED,
fodg,src/python/fodg/fodg_codec.py,find_shapes_by_text_pattern,function,src/python/fodg/fodg_codec.py,codec_io,,,,medium,partial,verify,not_started,ACCEPTED_VERIFIED,
fodg,src/python/fodg/fodg_codec.py,export_page_to_json,function,src/python/fodg/fodg_codec.py,codec_io,,,,medium,partial,verify,not_started,ACCEPTED_VERIFIED,
fodg,src/python/fodg/fodg_codec.py,__getattr__,function,src/python/fodg/fodg_codec.py,codec_io,,,,medium,partial,verify,not_started,ACCEPTED_VERIFIED,
fodg,src/python/fodg/spec/__init__.py,,,src/python/fodg/spec/__init__.py,spec_element_behavior,,,,low,unknown,no,complete,ACCEPTED_VERIFIED,TC-PH-012: spec class has behavioral methods (migrated 2026-06-22)
fodg,src/python/fodg/spec/draw/__init__.py,,,src/python/fodg/spec/draw/__init__.py,spec_element_behavior,,,,low,unknown,no,complete,ACCEPTED_VERIFIED,TC-PH-012: spec class has behavioral methods (migrated 2026-06-22)
fodg,src/python/fodg/spec/draw/page.py,Page,class,src/python/fodg/spec/draw/page.py,spec_element_behavior,,,,high,yes,no,complete,ACCEPTED_VERIFIED,
fodg,src/python/fodg/spec/office/__init__.py,,,src/python/fodg/spec/office/__init__.py,spec_element_behavior,,,,low,unknown,no,complete,ACCEPTED_VERIFIED,TC-PH-012: spec class has behavioral methods (migrated 2026-06-22)
fodg,src/python/fodg/spec/office/document.py,Document,class,src/python/fodg/spec/office/document.py,spec_element_behavior,,,,high,yes,no,complete,ACCEPTED_VERIFIED,
fodp,src/python/fodp/__init__.py,,,src/python/fodp/__init__.py,codec_io,,,,low,unknown,no,not_needed,ACCEPTED_VERIFIED,
fodp,src/python/fodp/Compat/__init__.py,,,src/python/fodp/Compat/__init__.py,facade_behavior,,,,low,unknown,no,not_needed,ACCEPTED_VERIFIED,
fodp,src/python/fodp/Compat/fodp_document.py,FodpDocument,class,src/python/fodp/Compat/fodp_document.py,facade_behavior,,,,high,yes,no,complete,ACCEPTED_VERIFIED,
fodp,src/python/fodp/Compat/fodp_page.py,FodpPage,class,src/python/fodp/Compat/fodp_page.py,facade_behavior,,,,high,yes,no,complete,ACCEPTED_VERIFIED,
fodp,src/python/fodp/fodp_codec.py,FodpError,class,src/python/fodp/fodp_codec.py,codec_io,,,,high,partial,verify,not_started,ACCEPTED_VERIFIED,
fodp,src/python/fodp/fodp_codec.py,FodpParseError,class,src/python/fodp/fodp_codec.py,codec_io,,,,high,partial,verify,not_started,ACCEPTED_VERIFIED,
fodp,src/python/fodp/fodp_codec.py,load,function,src/python/fodp/fodp_codec.py,codec_io,,,,medium,partial,verify,not_started,ACCEPTED_VERIFIED,
fodp,src/python/fodp/fodp_codec.py,get_page_count,function,src/python/fodp/fodp_codec.py,codec_io,,,,medium,partial,verify,not_started,ACCEPTED_VERIFIED,
fodp,src/python/fodp/fodp_codec.py,extract_text,function,src/python/fodp/fodp_codec.py,codec_io,,,,medium,partial,verify,not_started,ACCEPTED_VERIFIED,
fodp,src/python/fodp/fodp_codec.py,get_page_metadata,function,src/python/fodp/fodp_codec.py,codec_io,,,,medium,partial,verify,not_started,ACCEPTED_VERIFIED,
fodp,src/python/fodp/fodp_codec.py,_read_source,function,src/python/fodp/fodp_codec.py,codec_io,,,,low,partial,verify,not_started,ACCEPTED_VERIFIED,
fodp,src/python/fodp/fodp_codec.py,_check_size,function,src/python/fodp/fodp_codec.py,codec_io,,,,low,partial,verify,not_started,ACCEPTED_VERIFIED,
fodp,src/python/fodp/fodp_codec.py,_parse_xml,function,src/python/fodp/fodp_codec.py,codec_io,,,,low,partial,verify,not_started,ACCEPTED_VERIFIED,
fodp,src/python/fodp/fodp_codec.py,_build_model,function,src/python/fodp/fodp_codec.py,codec_io,,,,low,partial,verify,not_started,ACCEPTED_VERIFIED,
fodp,src/python/fodp/fodp_codec.py,_extract_pages,function,src/python/fodp/fodp_codec.py,codec_io,,,,low,partial,verify,not_started,ACCEPTED_VERIFIED,
fodp,src/python/fodp/fodp_codec.py,fodp_total_text_length,function,src/python/fodp/fodp_codec.py,codec_io,,,,medium,partial,verify,not_started,ACCEPTED_VERIFIED,
fodp,src/python/fodp/fodp_codec.py,fodp_slide_count,function,src/python/fodp/fodp_codec.py,codec_io,,,,medium,partial,verify,not_started,ACCEPTED_VERIFIED,
fodp,src/python/fodp/fodp_codec.py,fodp_slide_shape_counts,function,src/python/fodp/fodp_codec.py,codec_io,,,,medium,partial,verify,not_started,ACCEPTED_VERIFIED,
fodp,src/python/fodp/fodp_codec.py,fodp_total_shape_count,function,src/python/fodp/fodp_codec.py,codec_io,,,,medium,partial,verify,not_started,ACCEPTED_VERIFIED,
fodp,src/python/fodp/fodp_codec.py,fodp_notes_text,function,src/python/fodp/fodp_codec.py,codec_io,,,,medium,partial,verify,not_started,ACCEPTED_VERIFIED,
fodp,src/python/fodp/fodp_codec.py,fodp_has_notes,function,src/python/fodp/fodp_codec.py,codec_io,,,,medium,partial,verify,not_started,ACCEPTED_VERIFIED,
fodp,src/python/fodp/fodp_codec.py,fodp_slide_titles,function,src/python/fodp/fodp_codec.py,codec_io,,,,medium,partial,verify,not_started,ACCEPTED_VERIFIED,
fodp,src/python/fodp/fodp_codec.py,fodp_image_count,function,src/python/fodp/fodp_codec.py,codec_io,,,,medium,partial,verify,not_started,ACCEPTED_VERIFIED,
fodp,src/python/fodp/fodp_codec.py,fodp_empty_slide_count,function,src/python/fodp/fodp_codec.py,codec_io,,,,medium,partial,verify,not_started,ACCEPTED_VERIFIED,
fodp,src/python/fodp/fodp_codec.py,fodp_master_page_count,function,src/python/fodp/fodp_codec.py,codec_io,,,,medium,partial,verify,not_started,ACCEPTED_VERIFIED,
fodp,src/python/fodp/fodp_codec.py,fodp_text_per_slide,function,src/python/fodp/fodp_codec.py,codec_io,,,,medium,partial,verify,not_started,ACCEPTED_VERIFIED,
fodp,src/python/fodp/fodp_codec.py,fodp_average_shapes_per_slide,function,src/python/fodp/fodp_codec.py,codec_io,,,,medium,partial,verify,not_started,ACCEPTED_VERIFIED,
fodp,src/python/fodp/fodp_codec.py,fodp_max_text_per_slide,function,src/python/fodp/fodp_codec.py,codec_io,,,,medium,partial,verify,not_started,ACCEPTED_VERIFIED,
fodp,src/python/fodp/fodp_codec.py,fodp_has_images,function,src/python/fodp/fodp_codec.py,codec_io,,,,medium,partial,verify,not_started,ACCEPTED_VERIFIED,
fodp,src/python/fodp/fodp_codec.py,fodp_min_text_per_slide,function,src/python/fodp/fodp_codec.py,codec_io,,,,medium,partial,verify,not_started,ACCEPTED_VERIFIED,
fodp,src/python/fodp/fodp_codec.py,fodp_total_notes_length,function,src/python/fodp/fodp_codec.py,codec_io,,,,medium,partial,verify,not_started,ACCEPTED_VERIFIED,
fodp,src/python/fodp/fodp_codec.py,fodp_slide_text_density,function,src/python/fodp/fodp_codec.py,codec_io,,,,medium,partial,verify,not_started,ACCEPTED_VERIFIED,
fodp,src/python/fodp/fodp_codec.py,fodp_nonempty_slide_count,function,src/python/fodp/fodp_codec.py,codec_io,,,,medium,partial,verify,not_started,ACCEPTED_VERIFIED,
fodp,src/python/fodp/fodp_codec.py,fodp_text_to_slide_ratio,function,src/python/fodp/fodp_codec.py,codec_io,,,,medium,partial,verify,not_started,ACCEPTED_VERIFIED,
fodp,src/python/fodp/fodp_codec.py,fodp_all_slides_have_text,function,src/python/fodp/fodp_codec.py,codec_io,,,,medium,partial,verify,not_started,ACCEPTED_VERIFIED,
fodp,src/python/fodp/fodp_codec.py,fodp_max_title_length,function,src/python/fodp/fodp_codec.py,codec_io,,,,medium,partial,verify,not_started,ACCEPTED_VERIFIED,
fodp,src/python/fodp/fodp_codec.py,fodp_average_text_per_slide,function,src/python/fodp/fodp_codec.py,codec_io,,,,medium,partial,verify,not_started,ACCEPTED_VERIFIED,
fodp,src/python/fodp/fodp_codec.py,fodp_shape_to_slide_ratio,function,src/python/fodp/fodp_codec.py,codec_io,,,,medium,partial,verify,not_started,ACCEPTED_VERIFIED,
fodp,src/python/fodp/fodp_codec.py,fodp_notes_to_slide_ratio,function,src/python/fodp/fodp_codec.py,codec_io,,,,medium,partial,verify,not_started,ACCEPTED_VERIFIED,
fodp,src/python/fodp/fodp_codec.py,fodp_image_to_slide_ratio,function,src/python/fodp/fodp_codec.py,codec_io,,,,medium,partial,verify,not_started,ACCEPTED_VERIFIED,
fodp,src/python/fodp/fodp_codec.py,fodp_has_empty_slides,function,src/python/fodp/fodp_codec.py,codec_io,,,,medium,partial,verify,not_started,ACCEPTED_VERIFIED,
fodp,src/python/fodp/fodp_codec.py,fodp_title_coverage,function,src/python/fodp/fodp_codec.py,codec_io,,,,medium,partial,verify,not_started,ACCEPTED_VERIFIED,
fodp,src/python/fodp/fodp_codec.py,fodp_is_single_slide,function,src/python/fodp/fodp_codec.py,codec_io,,,,medium,partial,verify,not_started,ACCEPTED_VERIFIED,
fodp,src/python/fodp/fodp_codec.py,fodp_notes_density,function,src/python/fodp/fodp_codec.py,codec_io,,,,medium,partial,verify,not_started,ACCEPTED_VERIFIED,
fodp,src/python/fodp/fodp_codec.py,fodp_has_titles,function,src/python/fodp/fodp_codec.py,codec_io,,,,medium,partial,verify,not_started,ACCEPTED_VERIFIED,
fodp,src/python/fodp/fodp_codec.py,fodp_min_shapes_per_slide,function,src/python/fodp/fodp_codec.py,codec_io,,,,medium,partial,verify,not_started,ACCEPTED_VERIFIED,
fodp,src/python/fodp/fodp_codec.py,fodp_has_multi_slide,function,src/python/fodp/fodp_codec.py,codec_io,,,,medium,partial,verify,not_started,ACCEPTED_VERIFIED,
fodp,src/python/fodp/fodp_codec.py,fodp_max_shapes_per_slide,function,src/python/fodp/fodp_codec.py,codec_io,,,,medium,partial,verify,not_started,ACCEPTED_VERIFIED,
fodp,src/python/fodp/fodp_codec.py,fodp_avg_notes_length,function,src/python/fodp/fodp_codec.py,codec_io,,,,medium,partial,verify,not_started,ACCEPTED_VERIFIED,
fodp,src/python/fodp/fodp_codec.py,fodp_shape_variance,function,src/python/fodp/fodp_codec.py,codec_io,,,,medium,partial,verify,not_started,ACCEPTED_VERIFIED,
fodp,src/python/fodp/fodp_codec.py,fodp_total_shape_count,function,src/python/fodp/fodp_codec.py,codec_io,,,,medium,partial,verify,not_started,ACCEPTED_VERIFIED,
fodp,src/python/fodp/fodp_codec.py,fodp_avg_shapes_per_slide,function,src/python/fodp/fodp_codec.py,codec_io,,,,medium,partial,verify,not_started,ACCEPTED_VERIFIED,
fodp,src/python/fodp/fodp_codec.py,fodp_empty_slide_count,function,src/python/fodp/fodp_codec.py,codec_io,,,,medium,partial,verify,not_started,ACCEPTED_VERIFIED,
fodp,src/python/fodp/fodp_codec.py,fodp_max_text_length,function,src/python/fodp/fodp_codec.py,codec_io,,,,medium,partial,verify,not_started,ACCEPTED_VERIFIED,
fodp,src/python/fodp/fodp_codec.py,fodp_text_length_variance,function,src/python/fodp/fodp_codec.py,codec_io,,,,medium,partial,verify,not_started,ACCEPTED_VERIFIED,
fodp,src/python/fodp/fodp_codec.py,fodp_slide_text_lengths,function,src/python/fodp/fodp_codec.py,codec_io,,,,medium,partial,verify,not_started,ACCEPTED_VERIFIED,
fodp,src/python/fodp/fodp_codec.py,fodp_avg_title_length,function,src/python/fodp/fodp_codec.py,codec_io,,,,medium,partial,verify,not_started,ACCEPTED_VERIFIED,
fodp,src/python/fodp/fodp_codec.py,fodp_is_text_heavy,function,src/python/fodp/fodp_codec.py,codec_io,,,,medium,partial,verify,not_started,ACCEPTED_VERIFIED,
fodp,src/python/fodp/fodp_codec.py,fodp_max_notes_length,function,src/python/fodp/fodp_codec.py,codec_io,,,,medium,partial,verify,not_started,ACCEPTED_VERIFIED,
fodp,src/python/fodp/fodp_codec.py,fodp_slide_count_is_one,function,src/python/fodp/fodp_codec.py,codec_io,,,,medium,partial,verify,not_started,ACCEPTED_VERIFIED,
fodp,src/python/fodp/fodp_codec.py,fodp_is_shape_heavy,function,src/python/fodp/fodp_codec.py,codec_io,,,,medium,partial,verify,not_started,ACCEPTED_VERIFIED,
fodp,src/python/fodp/fodp_codec.py,fodp_has_zero_shapes,function,src/python/fodp/fodp_codec.py,codec_io,,,,medium,partial,verify,not_started,ACCEPTED_VERIFIED,
fodp,src/python/fodp/fodp_codec.py,fodp_min_title_length,function,src/python/fodp/fodp_codec.py,codec_io,,,,medium,partial,verify,not_started,ACCEPTED_VERIFIED,
fodp,src/python/fodp/fodp_codec.py,fodp_image_density,function,src/python/fodp/fodp_codec.py,codec_io,,,,medium,partial,verify,not_started,ACCEPTED_VERIFIED,
fodp,src/python/fodp/fodp_codec.py,fodp_total_text_chars,function,src/python/fodp/fodp_codec.py,codec_io,,,,medium,partial,verify,not_started,ACCEPTED_VERIFIED,
fodp,src/python/fodp/fodp_codec.py,fodp_avg_title_words,function,src/python/fodp/fodp_codec.py,codec_io,,,,medium,partial,verify,not_started,ACCEPTED_VERIFIED,
fodp,src/python/fodp/fodp_codec.py,fodp_max_title_length,function,src/python/fodp/fodp_codec.py,codec_io,,,,medium,partial,verify,not_started,ACCEPTED_VERIFIED,
fodp,src/python/fodp/fodp_codec.py,fodp_avg_text_length,function,src/python/fodp/fodp_codec.py,codec_io,,,,medium,partial,verify,not_started,ACCEPTED_VERIFIED,
fodp,src/python/fodp/fodp_codec.py,fodp_total_text_length,function,src/python/fodp/fodp_codec.py,codec_io,,,,medium,partial,verify,not_started,ACCEPTED_VERIFIED,
fodp,src/python/fodp/fodp_codec.py,fodp_nonempty_slide_ratio,function,src/python/fodp/fodp_codec.py,codec_io,,,,medium,partial,verify,not_started,ACCEPTED_VERIFIED,
fodp,src/python/fodp/fodp_codec.py,fodp_has_numeric_content,function,src/python/fodp/fodp_codec.py,codec_io,,,,medium,partial,verify,not_started,ACCEPTED_VERIFIED,
fodp,src/python/fodp/fodp_codec.py,fodp_longest_slide_index,function,src/python/fodp/fodp_codec.py,codec_io,,,,medium,partial,verify,not_started,ACCEPTED_VERIFIED,
fodp,src/python/fodp/fodp_codec.py,fodp_avg_sentence_length,function,src/python/fodp/fodp_codec.py,codec_io,,,,medium,partial,verify,not_started,ACCEPTED_VERIFIED,
fodp,src/python/fodp/fodp_codec.py,fodp_slide_text_variance,function,src/python/fodp/fodp_codec.py,codec_io,,,,medium,partial,verify,not_started,ACCEPTED_VERIFIED,
fodp,src/python/fodp/fodp_codec.py,fodp_total_images,function,src/python/fodp/fodp_codec.py,codec_io,,,,medium,partial,verify,not_started,ACCEPTED_VERIFIED,
fodp,src/python/fodp/fodp_codec.py,fodp_shortest_slide_index,function,src/python/fodp/fodp_codec.py,codec_io,,,,medium,partial,verify,not_started,ACCEPTED_VERIFIED,
fodp,src/python/fodp/fodp_codec.py,fodp_shape_count_variance,function,src/python/fodp/fodp_codec.py,codec_io,,,,medium,partial,verify,not_started,ACCEPTED_VERIFIED,
fodp,src/python/fodp/spec/__init__.py,,,src/python/fodp/spec/__init__.py,spec_element_behavior,,,,low,unknown,no,complete,ACCEPTED_VERIFIED,TC-PH-012: spec class has behavioral methods (migrated 2026-06-22)
fodp,src/python/fodp/spec/draw/__init__.py,,,src/python/fodp/spec/draw/__init__.py,spec_element_behavior,,,,low,unknown,no,complete,ACCEPTED_VERIFIED,TC-PH-012: spec class has behavioral methods (migrated 2026-06-22)
fodp,src/python/fodp/spec/draw/page.py,Page,class,src/python/fodp/spec/draw/page.py,spec_element_behavior,,,,high,yes,no,complete,ACCEPTED_VERIFIED,
fodp,src/python/fodp/spec/office/__init__.py,,,src/python/fodp/spec/office/__init__.py,spec_element_behavior,,,,low,unknown,no,complete,ACCEPTED_VERIFIED,TC-PH-012: spec class has behavioral methods (migrated 2026-06-22)
fodp,src/python/fodp/spec/office/document.py,Document,class,src/python/fodp/spec/office/document.py,spec_element_behavior,,,,high,yes,no,complete,ACCEPTED_VERIFIED,
fods,src/python/fods/__init__.py,,,src/python/fods/__init__.py,codec_io,,,,low,unknown,no,not_needed,ACCEPTED_VERIFIED,
fods,src/python/fods/Compat/__init__.py,,,src/python/fods/Compat/__init__.py,facade_behavior,,,,low,unknown,no,not_needed,ACCEPTED_VERIFIED,
fods,src/python/fods/Compat/fods_cell.py,FodsCell,class,src/python/fods/Compat/fods_cell.py,facade_behavior,,,,high,yes,no,complete,ACCEPTED_VERIFIED,
fods,src/python/fods/Compat/fods_document.py,FodsDocument,class,src/python/fods/Compat/fods_document.py,facade_behavior,,,,high,yes,no,complete,ACCEPTED_VERIFIED,
fods,src/python/fods/Compat/fods_sheet.py,FodsSheet,class,src/python/fods/Compat/fods_sheet.py,facade_behavior,,,,high,yes,no,complete,ACCEPTED_VERIFIED,
fods,src/python/fods/constants.py,,,src/python/fods/constants.py,utility_private,,,,low,unknown,no,not_needed,ACCEPTED_VERIFIED,
fods,src/python/fods/csv_exporter.py,_rfc4180_field,function,src/python/fods/csv_exporter.py,codec_io,,,,low,partial,verify,not_started,ACCEPTED_VERIFIED,
fods,src/python/fods/csv_exporter.py,FodsCsvExportError,class,src/python/fods/csv_exporter.py,codec_io,,,,high,partial,verify,not_started,ACCEPTED_VERIFIED,
fods,src/python/fods/csv_exporter.py,_cell_to_text,function,src/python/fods/csv_exporter.py,codec_io,,,,low,partial,verify,not_started,ACCEPTED_VERIFIED,
fods,src/python/fods/csv_exporter.py,export_fods_to_csv,function,src/python/fods/csv_exporter.py,codec_io,,,,medium,partial,verify,not_started,ACCEPTED_VERIFIED,
fods,src/python/fods/csv_exporter.py,export_fods_to_csv_file,function,src/python/fods/csv_exporter.py,codec_io,,,,medium,partial,verify,not_started,ACCEPTED_VERIFIED,
fods,src/python/fods/exceptions.py,FodsError,class,src/python/fods/exceptions.py,utility_private,,,,high,partial,verify,not_started,ACCEPTED_VERIFIED,
fods,src/python/fods/exceptions.py,FodsInputError,class,src/python/fods/exceptions.py,utility_private,,,,high,partial,verify,not_started,ACCEPTED_VERIFIED,
fods,src/python/fods/exceptions.py,FodsSizeError,class,src/python/fods/exceptions.py,utility_private,,,,high,partial,verify,not_started,ACCEPTED_VERIFIED,
fods,src/python/fods/exceptions.py,FodsParseError,class,src/python/fods/exceptions.py,utility_private,,,,high,partial,verify,not_started,ACCEPTED_VERIFIED,
fods,src/python/fods/fods_analytics.py,workbook_stats,function,src/python/fods/fods_analytics.py,utility_private,,,,medium,partial,verify,not_started,ACCEPTED_VERIFIED,
fods,src/python/fods/fods_analytics.py,workbook_type_distribution,function,src/python/fods/fods_analytics.py,utility_private,,,,medium,partial,verify,not_started,ACCEPTED_VERIFIED,
fods,src/python/fods/fods_analytics.py,workbook_sheet_summary,function,src/python/fods/fods_analytics.py,utility_private,,,,medium,partial,verify,not_started,ACCEPTED_VERIFIED,
fods,src/python/fods/fods_analytics.py,workbook_empty_rows,function,src/python/fods/fods_analytics.py,utility_private,,,,medium,partial,verify,not_started,ACCEPTED_VERIFIED,
fods,src/python/fods/fods_analytics.py,workbook_formula_list,function,src/python/fods/fods_analytics.py,utility_private,,,,medium,partial,verify,not_started,ACCEPTED_VERIFIED,
fods,src/python/fods/fods_analytics.py,workbook_cell_range,function,src/python/fods/fods_analytics.py,utility_private,,,,medium,partial,verify,not_started,ACCEPTED_VERIFIED,
fods,src/python/fods/fods_analytics.py,workbook_merged_cell_summary,function,src/python/fods/fods_analytics.py,utility_private,,,,medium,partial,verify,not_started,ACCEPTED_VERIFIED,
fods,src/python/fods/fods_analytics.py,workbook_sheet_order,function,src/python/fods/fods_analytics.py,utility_private,,,,medium,partial,verify,not_started,ACCEPTED_VERIFIED,
fods,src/python/fods/fods_analytics.py,workbook_numeric_summary,function,src/python/fods/fods_analytics.py,utility_private,,,,medium,partial,verify,not_started,ACCEPTED_VERIFIED,
fods,src/python/fods/fods_analytics.py,workbook_column_count,function,src/python/fods/fods_analytics.py,utility_private,,,,medium,partial,verify,not_started,ACCEPTED_VERIFIED,
fods,src/python/fods/fods_analytics.py,workbook_row_style_summary,function,src/python/fods/fods_analytics.py,utility_private,,,,medium,partial,verify,not_started,ACCEPTED_VERIFIED,
fods,src/python/fods/fods_analytics.py,workbook_formula_edit_policy,function,src/python/fods/fods_analytics.py,utility_private,,,,medium,partial,verify,not_started,ACCEPTED_VERIFIED,
fods,src/python/fods/fods_analytics.py,workbook_named_range_list,function,src/python/fods/fods_analytics.py,utility_private,,,,medium,partial,verify,not_started,ACCEPTED_VERIFIED,
fods,src/python/fods/fods_analytics.py,workbook_column_style_summary,function,src/python/fods/fods_analytics.py,utility_private,,,,medium,partial,verify,not_started,ACCEPTED_VERIFIED,
fods,src/python/fods/fods_analytics.py,workbook_style_family_list,function,src/python/fods/fods_analytics.py,utility_private,,,,medium,partial,verify,not_started,ACCEPTED_VERIFIED,
fods,src/python/fods/fods_analytics.py,workbook_data_validation_summary,function,src/python/fods/fods_analytics.py,utility_private,,,,medium,partial,verify,not_started,ACCEPTED_VERIFIED,
fods,src/python/fods/fods_analytics.py,workbook_column_width_summary,function,src/python/fods/fods_analytics.py,utility_private,,,,medium,partial,verify,not_started,ACCEPTED_VERIFIED,
fods,src/python/fods/fods_analytics.py,workbook_cell_type_matrix,function,src/python/fods/fods_analytics.py,utility_private,,,,medium,partial,verify,not_started,ACCEPTED_VERIFIED,
fods,src/python/fods/fods_analytics.py,workbook_numeric_density,function,src/python/fods/fods_analytics.py,utility_private,,,,medium,partial,verify,not_started,ACCEPTED_VERIFIED,
fods,src/python/fods/fods_analytics.py,workbook_count_nonempty_cells,function,src/python/fods/fods_analytics.py,utility_private,,,,medium,partial,verify,not_started,ACCEPTED_VERIFIED,
fods,src/python/fods/fods_analytics.py,workbook_total_numeric_value,function,src/python/fods/fods_analytics.py,utility_private,,,,medium,partial,verify,not_started,ACCEPTED_VERIFIED,
fods,src/python/fods/fods_analytics.py,fods_sheet_count,function,src/python/fods/fods_analytics.py,utility_private,,,,medium,partial,verify,not_started,ACCEPTED_VERIFIED,
fods,src/python/fods/fods_analytics.py,workbook_row_count,function,src/python/fods/fods_analytics.py,utility_private,,,,medium,partial,verify,not_started,ACCEPTED_VERIFIED,
fods,src/python/fods/fods_analytics.py,workbook_cell_text_at,function,src/python/fods/fods_analytics.py,utility_private,,,,medium,partial,verify,not_started,ACCEPTED_VERIFIED,
fods,src/python/fods/fods_to_tsv.py,fods_to_tsv,function,src/python/fods/fods_to_tsv.py,codec_io,,,,medium,partial,verify,not_started,ACCEPTED_VERIFIED,
fods,src/python/fods/models.py,FodsCell,class,src/python/fods/models.py,codec_io,,,,high,partial,verify,not_started,ACCEPTED_VERIFIED,
fods,src/python/fods/models.py,FodsSheet,class,src/python/fods/models.py,codec_io,,,,high,partial,verify,not_started,ACCEPTED_VERIFIED,
fods,src/python/fods/models.py,FodsDocument,class,src/python/fods/models.py,codec_io,,,,high,partial,verify,not_started,ACCEPTED_VERIFIED,
fods,src/python/fods/neutral_model.py,make_warning,function,src/python/fods/neutral_model.py,neutral_model_behavior,,,,medium,partial,verify,not_started,ACCEPTED_VERIFIED,
fods,src/python/fods/neutral_model.py,build_workbook,function,src/python/fods/neutral_model.py,neutral_model_behavior,,,,medium,partial,verify,not_started,ACCEPTED_VERIFIED,
fods,src/python/fods/neutral_model.py,validate_workbook,function,src/python/fods/neutral_model.py,neutral_model_behavior,,,,medium,partial,verify,not_started,ACCEPTED_VERIFIED,
fods,src/python/fods/neutral_model.py,_validate_sheet,function,src/python/fods/neutral_model.py,neutral_model_behavior,,,,low,partial,verify,not_started,ACCEPTED_VERIFIED,
fods,src/python/fods/neutral_model.py,_validate_row,function,src/python/fods/neutral_model.py,neutral_model_behavior,,,,low,partial,verify,not_started,ACCEPTED_VERIFIED,
fods,src/python/fods/neutral_model.py,find_sheet_by_name,function,src/python/fods/neutral_model.py,neutral_model_behavior,,,,medium,partial,verify,not_started,ACCEPTED_VERIFIED,
fods,src/python/fods/neutral_model.py,workbook_set_cell_value,function,src/python/fods/neutral_model.py,neutral_model_behavior,,,,medium,partial,verify,not_started,ACCEPTED_VERIFIED,
fods,src/python/fods/neutral_model.py,workbook_warnings_for_unsupported_edit,function,src/python/fods/neutral_model.py,neutral_model_behavior,,,,medium,partial,verify,not_started,ACCEPTED_VERIFIED,
fods,src/python/fods/neutral_model.py,workbook_add_sheet,function,src/python/fods/neutral_model.py,neutral_model_behavior,,,,medium,partial,verify,not_started,ACCEPTED_VERIFIED,
fods,src/python/fods/neutral_model.py,workbook_rename_sheet,function,src/python/fods/neutral_model.py,neutral_model_behavior,,,,medium,partial,verify,not_started,ACCEPTED_VERIFIED,
fods,src/python/fods/neutral_model.py,workbook_remove_sheet,function,src/python/fods/neutral_model.py,neutral_model_behavior,,,,medium,partial,verify,not_started,ACCEPTED_VERIFIED,
fods,src/python/fods/neutral_model.py,workbook_to_csv,function,src/python/fods/neutral_model.py,neutral_model_behavior,,,,medium,partial,verify,not_started,ACCEPTED_VERIFIED,
fods,src/python/fods/neutral_model.py,workbook_get_cell_value,function,src/python/fods/neutral_model.py,neutral_model_behavior,,,,medium,partial,verify,not_started,ACCEPTED_VERIFIED,
fods,src/python/fods/neutral_model.py,workbook_find_cells,function,src/python/fods/neutral_model.py,neutral_model_behavior,,,,medium,partial,verify,not_started,ACCEPTED_VERIFIED,
fods,src/python/fods/neutral_model.py,workbook_count_matching_cells,function,src/python/fods/neutral_model.py,neutral_model_behavior,,,,medium,partial,verify,not_started,ACCEPTED_VERIFIED,
fods,src/python/fods/neutral_model.py,workbook_to_html,function,src/python/fods/neutral_model.py,neutral_model_behavior,,,,medium,partial,verify,not_started,ACCEPTED_VERIFIED,
fods,src/python/fods/neutral_model.py,workbook_get_column_values,function,src/python/fods/neutral_model.py,neutral_model_behavior,,,,medium,partial,verify,not_started,ACCEPTED_VERIFIED,
fods,src/python/fods/neutral_model.py,workbook_max_column_count,function,src/python/fods/neutral_model.py,neutral_model_behavior,,,,medium,partial,verify,not_started,ACCEPTED_VERIFIED,
fods,src/python/fods/neutral_model.py,fods_formula_count,function,src/python/fods/neutral_model.py,neutral_model_behavior,,,,medium,partial,verify,not_started,ACCEPTED_VERIFIED,
fods,src/python/fods/neutral_model.py,fods_total_cell_count,function,src/python/fods/neutral_model.py,neutral_model_behavior,,,,medium,partial,verify,not_started,ACCEPTED_VERIFIED,
fods,src/python/fods/neutral_model.py,fods_empty_cell_count,function,src/python/fods/neutral_model.py,neutral_model_behavior,,,,medium,partial,verify,not_started,ACCEPTED_VERIFIED,
fods,src/python/fods/neutral_model.py,fods_has_formulas,function,src/python/fods/neutral_model.py,neutral_model_behavior,,,,medium,partial,verify,not_started,ACCEPTED_VERIFIED,
fods,src/python/fods/neutral_model.py,fods_sheet_names,function,src/python/fods/neutral_model.py,neutral_model_behavior,,,,medium,partial,verify,not_started,ACCEPTED_VERIFIED,
fods,src/python/fods/neutral_model.py,fods_string_cell_count,function,src/python/fods/neutral_model.py,neutral_model_behavior,,,,medium,partial,verify,not_started,ACCEPTED_VERIFIED,
fods,src/python/fods/neutral_model.py,fods_numeric_cell_count,function,src/python/fods/neutral_model.py,neutral_model_behavior,,,,medium,partial,verify,not_started,ACCEPTED_VERIFIED,
fods,src/python/fods/neutral_model.py,fods_max_row_count,function,src/python/fods/neutral_model.py,neutral_model_behavior,,,,medium,partial,verify,not_started,ACCEPTED_VERIFIED,
fods,src/python/fods/neutral_model.py,fods_avg_cells_per_sheet,function,src/python/fods/neutral_model.py,neutral_model_behavior,,,,medium,partial,verify,not_started,ACCEPTED_VERIFIED,
fods,src/python/fods/neutral_model.py,fods_has_empty_sheets,function,src/python/fods/neutral_model.py,neutral_model_behavior,,,,medium,partial,verify,not_started,ACCEPTED_VERIFIED,
fods,src/python/fods/neutral_model.py,fods_all_sheets_have_data,function,src/python/fods/neutral_model.py,neutral_model_behavior,,,,medium,partial,verify,not_started,ACCEPTED_VERIFIED,
fods,src/python/fods/neutral_model.py,fods_max_string_length,function,src/python/fods/neutral_model.py,neutral_model_behavior,,,,medium,partial,verify,not_started,ACCEPTED_VERIFIED,
fods,src/python/fods/neutral_model.py,fods_numeric_density,function,src/python/fods/neutral_model.py,neutral_model_behavior,,,,medium,partial,verify,not_started,ACCEPTED_VERIFIED,
fods,src/python/fods/neutral_model.py,fods_data_density,function,src/python/fods/neutral_model.py,neutral_model_behavior,,,,medium,partial,verify,not_started,ACCEPTED_VERIFIED,
fods,src/python/fods/neutral_model.py,fods_string_density,function,src/python/fods/neutral_model.py,neutral_model_behavior,,,,medium,partial,verify,not_started,ACCEPTED_VERIFIED,
fods,src/python/fods/neutral_model.py,fods_is_single_sheet,function,src/python/fods/neutral_model.py,neutral_model_behavior,,,,medium,partial,verify,not_started,ACCEPTED_VERIFIED,
fods,src/python/fods/neutral_model.py,fods_is_multi_sheet,function,src/python/fods/neutral_model.py,neutral_model_behavior,,,,medium,partial,verify,not_started,ACCEPTED_VERIFIED,
fods,src/python/fods/neutral_model.py,fods_min_row_count,function,src/python/fods/neutral_model.py,neutral_model_behavior,,,,medium,partial,verify,not_started,ACCEPTED_VERIFIED,
fods,src/python/fods/neutral_model.py,fods_max_col_count,function,src/python/fods/neutral_model.py,neutral_model_behavior,,,,medium,partial,verify,not_started,ACCEPTED_VERIFIED,
fods,src/python/fods/neutral_model.py,fods_empty_sheet_count,function,src/python/fods/neutral_model.py,neutral_model_behavior,,,,medium,partial,verify,not_started,ACCEPTED_VERIFIED,
fods,src/python/fods/neutral_model.py,fods_total_row_count,function,src/python/fods/neutral_model.py,neutral_model_behavior,,,,medium,partial,verify,not_started,ACCEPTED_VERIFIED,
fods,src/python/fods/neutral_model.py,fods_avg_col_count,function,src/python/fods/neutral_model.py,neutral_model_behavior,,,,medium,partial,verify,not_started,ACCEPTED_VERIFIED,
fods,src/python/fods/neutral_model.py,fods_is_single_cell,function,src/python/fods/neutral_model.py,neutral_model_behavior,,,,medium,partial,verify,not_started,ACCEPTED_VERIFIED,
fods,src/python/fods/neutral_model.py,fods_nonempty_sheet_count,function,src/python/fods/neutral_model.py,neutral_model_behavior,,,,medium,partial,verify,not_started,ACCEPTED_VERIFIED,
fods,src/python/fods/neutral_model.py,fods_has_string_cells,function,src/python/fods/neutral_model.py,neutral_model_behavior,,,,medium,partial,verify,not_started,ACCEPTED_VERIFIED,
fods,src/python/fods/neutral_model.py,fods_row_count_variance,function,src/python/fods/neutral_model.py,neutral_model_behavior,,,,medium,partial,verify,not_started,ACCEPTED_VERIFIED,
fods,src/python/fods/neutral_model.py,fods_avg_string_length,function,src/python/fods/neutral_model.py,neutral_model_behavior,,,,medium,partial,verify,not_started,ACCEPTED_VERIFIED,
fods,src/python/fods/neutral_model.py,fods_col_count_variance,function,src/python/fods/neutral_model.py,neutral_model_behavior,,,,medium,partial,verify,not_started,ACCEPTED_VERIFIED,
fods,src/python/fods/neutral_model.py,fods_cell_to_sheet_ratio,function,src/python/fods/neutral_model.py,neutral_model_behavior,,,,medium,partial,verify,not_started,ACCEPTED_VERIFIED,
fods,src/python/fods/neutral_model.py,fods_avg_numeric_value,function,src/python/fods/neutral_model.py,neutral_model_behavior,,,,medium,partial,verify,not_started,ACCEPTED_VERIFIED,
fods,src/python/fods/neutral_model.py,fods_nonempty_row_ratio,function,src/python/fods/neutral_model.py,neutral_model_behavior,,,,medium,partial,verify,not_started,ACCEPTED_VERIFIED,
fods,src/python/fods/neutral_model.py,fods_longest_row_index,function,src/python/fods/neutral_model.py,neutral_model_behavior,,,,medium,partial,verify,not_started,ACCEPTED_VERIFIED,
fods,src/python/fods/neutral_model.py,fods_numeric_sum_all,function,src/python/fods/neutral_model.py,neutral_model_behavior,,,,medium,partial,verify,not_started,ACCEPTED_VERIFIED,
fods,src/python/fods/neutral_model.py,fods_empty_column_count,function,src/python/fods/neutral_model.py,neutral_model_behavior,,,,medium,partial,verify,not_started,ACCEPTED_VERIFIED,
fods,src/python/fods/neutral_model.py,fods_numeric_cell_ratio,function,src/python/fods/neutral_model.py,neutral_model_behavior,,,,medium,partial,verify,not_started,ACCEPTED_VERIFIED,
fods,src/python/fods/neutral_model.py,fods_max_row_cell_count,function,src/python/fods/neutral_model.py,neutral_model_behavior,,,,medium,partial,verify,not_started,ACCEPTED_VERIFIED,
fods,src/python/fods/neutral_model.py,fods_formula_cell_count,function,src/python/fods/neutral_model.py,neutral_model_behavior,,,,medium,partial,verify,not_started,ACCEPTED_VERIFIED,
fods,src/python/fods/neutral_model.py,fods_sheet_row_variance,function,src/python/fods/neutral_model.py,neutral_model_behavior,,,,medium,partial,verify,not_started,ACCEPTED_VERIFIED,
fods,src/python/fods/parser.py,parse_fods,function,src/python/fods/parser.py,codec_io,,,,medium,partial,verify,not_started,ACCEPTED_VERIFIED,
fods,src/python/fods/parser.py,parse_fods_strict,function,src/python/fods/parser.py,codec_io,,,,medium,partial,verify,not_started,ACCEPTED_VERIFIED,
fods,src/python/fods/parser.py,_parse_streaming,function,src/python/fods/parser.py,codec_io,,,,low,partial,verify,not_started,ACCEPTED_VERIFIED,
fods,src/python/fods/parser.py,_process_row_elem,function,src/python/fods/parser.py,codec_io,,,,low,partial,verify,not_started,ACCEPTED_VERIFIED,
fods,src/python/fods/parser.py,_extract_value,function,src/python/fods/parser.py,codec_io,,,,low,partial,verify,not_started,ACCEPTED_VERIFIED,
fods,src/python/fods/parser.py,_extract_string_value,function,src/python/fods/parser.py,codec_io,,,,low,partial,verify,not_started,ACCEPTED_VERIFIED,
fods,src/python/fods/parser.py,_extract_text,function,src/python/fods/parser.py,codec_io,,,,low,partial,verify,not_started,ACCEPTED_VERIFIED,
fods,src/python/fods/parser.py,_collect_text,function,src/python/fods/parser.py,codec_io,,,,low,partial,verify,not_started,ACCEPTED_VERIFIED,
fods,src/python/fods/parser.py,_safe_int,function,src/python/fods/parser.py,codec_io,,,,low,partial,verify,not_started,ACCEPTED_VERIFIED,
fods,src/python/fods/spec/__init__.py,,,src/python/fods/spec/__init__.py,spec_element_behavior,,,,low,unknown,no,complete,ACCEPTED_VERIFIED,TC-PH-012: spec class has behavioral methods (migrated 2026-06-22)
fods,src/python/fods/spec/number/__init__.py,,,src/python/fods/spec/number/__init__.py,spec_element_behavior,,,,low,unknown,no,complete,ACCEPTED_VERIFIED,TC-PH-012: spec class has behavioral methods (migrated 2026-06-22)
fods,src/python/fods/spec/number/date_style.py,DateStyle,class,src/python/fods/spec/number/date_style.py,spec_element_behavior,,,,high,yes,no,complete,ACCEPTED_VERIFIED,
fods,src/python/fods/spec/office/__init__.py,,,src/python/fods/spec/office/__init__.py,spec_element_behavior,,,,low,unknown,no,complete,ACCEPTED_VERIFIED,TC-PH-012: spec class has behavioral methods (migrated 2026-06-22)
fods,src/python/fods/spec/office/annotation.py,Annotation,class,src/python/fods/spec/office/annotation.py,spec_element_behavior,,,,high,yes,no,complete,ACCEPTED_VERIFIED,
fods,src/python/fods/spec/office/automatic_styles.py,AutomaticStyles,class,src/python/fods/spec/office/automatic_styles.py,spec_element_behavior,,,,high,yes,no,complete,ACCEPTED_VERIFIED,
fods,src/python/fods/spec/office/body.py,Body,class,src/python/fods/spec/office/body.py,spec_element_behavior,,,,high,yes,no,complete,ACCEPTED_VERIFIED,
fods,src/python/fods/spec/office/document.py,Document,class,src/python/fods/spec/office/document.py,spec_element_behavior,,,,high,yes,no,complete,ACCEPTED_VERIFIED,
fods,src/python/fods/spec/office/spreadsheet.py,Spreadsheet,class,src/python/fods/spec/office/spreadsheet.py,spec_element_behavior,,,,high,yes,no,complete,ACCEPTED_VERIFIED,
fods,src/python/fods/spec/style/__init__.py,,,src/python/fods/spec/style/__init__.py,spec_element_behavior,,,,low,unknown,no,complete,ACCEPTED_VERIFIED,TC-PH-012: spec class has behavioral methods (migrated 2026-06-22)
fods,src/python/fods/spec/style/style.py,Style,class,src/python/fods/spec/style/style.py,spec_element_behavior,,,,high,yes,no,complete,ACCEPTED_VERIFIED,
fods,src/python/fods/spec/table/__init__.py,,,src/python/fods/spec/table/__init__.py,spec_element_behavior,,,,low,unknown,no,complete,ACCEPTED_VERIFIED,TC-PH-012: spec class has behavioral methods (migrated 2026-06-22)
fods,src/python/fods/spec/table/covered_table_cell.py,CoveredTableCell,class,src/python/fods/spec/table/covered_table_cell.py,spec_element_behavior,,,,high,yes,no,complete,ACCEPTED_VERIFIED,
fods,src/python/fods/spec/table/table.py,Table,class,src/python/fods/spec/table/table.py,spec_element_behavior,,,,high,yes,no,complete,ACCEPTED_VERIFIED,
fods,src/python/fods/spec/table/table_cell.py,TableCell,class,src/python/fods/spec/table/table_cell.py,spec_element_behavior,,,,high,yes,no,complete,ACCEPTED_VERIFIED,
fods,src/python/fods/spec/table/table_column.py,TableColumn,class,src/python/fods/spec/table/table_column.py,spec_element_behavior,,,,high,yes,no,complete,ACCEPTED_VERIFIED,
fods,src/python/fods/spec/table/table_header_rows.py,TableHeaderRows,class,src/python/fods/spec/table/table_header_rows.py,spec_element_behavior,,,,high,yes,no,complete,ACCEPTED_VERIFIED,
fods,src/python/fods/spec/table/table_row.py,TableRow,class,src/python/fods/spec/table/table_row.py,spec_element_behavior,,,,high,yes,no,complete,ACCEPTED_VERIFIED,
fods,src/python/fods/spec/text/__init__.py,,,src/python/fods/spec/text/__init__.py,spec_element_behavior,,,,low,unknown,no,complete,ACCEPTED_VERIFIED,TC-PH-012: spec class has behavioral methods (migrated 2026-06-22)
fods,src/python/fods/spec/text/paragraph.py,Paragraph,class,src/python/fods/spec/text/paragraph.py,spec_element_behavior,,,,high,yes,no,complete,ACCEPTED_VERIFIED,
fods,src/python/fods/spec/text/span.py,Span,class,src/python/fods/spec/text/span.py,spec_element_behavior,,,,high,yes,no,complete,ACCEPTED_VERIFIED,
fods,src/python/fods/writer.py,_qn,function,src/python/fods/writer.py,codec_io,,,,low,partial,verify,not_started,ACCEPTED_VERIFIED,
fods,src/python/fods/writer.py,_write_cell,function,src/python/fods/writer.py,codec_io,,,,low,partial,verify,not_started,ACCEPTED_VERIFIED,
fods,src/python/fods/writer.py,_write_sheet,function,src/python/fods/writer.py,codec_io,,,,low,partial,verify,not_started,ACCEPTED_VERIFIED,
fods,src/python/fods/writer.py,workbook_to_xml,function,src/python/fods/writer.py,codec_io,,,,medium,partial,verify,not_started,ACCEPTED_VERIFIED,
fods,src/python/fods/writer.py,write_fods,function,src/python/fods/writer.py,codec_io,,,,medium,partial,verify,not_started,ACCEPTED_VERIFIED,
fodt,src/python/fodt/__init__.py,,,src/python/fodt/__init__.py,codec_io,,,,low,unknown,no,not_needed,ACCEPTED_VERIFIED,
fodt,src/python/fodt/Compat/__init__.py,,,src/python/fodt/Compat/__init__.py,facade_behavior,,,,low,unknown,no,not_needed,ACCEPTED_VERIFIED,
fodt,src/python/fodt/Compat/fodt_document.py,FodtDocument,class,src/python/fodt/Compat/fodt_document.py,facade_behavior,,,,high,yes,no,complete,ACCEPTED_VERIFIED,
fodt,src/python/fodt/Compat/fodt_heading.py,FodtHeading,class,src/python/fodt/Compat/fodt_heading.py,facade_behavior,,,,high,yes,no,complete,ACCEPTED_VERIFIED,
fodt,src/python/fodt/Compat/fodt_paragraph.py,FodtParagraph,class,src/python/fodt/Compat/fodt_paragraph.py,facade_behavior,,,,high,yes,no,complete,ACCEPTED_VERIFIED,
fodt,src/python/fodt/Compat/fodt_span.py,FodtSpan,class,src/python/fodt/Compat/fodt_span.py,facade_behavior,,,,high,yes,no,complete,ACCEPTED_VERIFIED,
fodt,src/python/fodt/Compat/fodt_table_cell.py,FodtTableCell,class,src/python/fodt/Compat/fodt_table_cell.py,facade_behavior,,,,high,yes,no,complete,ACCEPTED_VERIFIED,
fodt,src/python/fodt/compat.py,,,src/python/fodt/compat.py,codec_io,,,,low,unknown,no,not_needed,ACCEPTED_VERIFIED,
fodt,src/python/fodt/constants.py,,,src/python/fodt/constants.py,utility_private,,,,low,unknown,no,not_needed,ACCEPTED_VERIFIED,
fodt,src/python/fodt/exceptions.py,FodtError,class,src/python/fodt/exceptions.py,utility_private,,,,high,partial,verify,not_started,ACCEPTED_VERIFIED,
fodt,src/python/fodt/exceptions.py,FodtInputError,class,src/python/fodt/exceptions.py,utility_private,,,,high,partial,verify,not_started,ACCEPTED_VERIFIED,
fodt,src/python/fodt/exceptions.py,FodtSizeError,class,src/python/fodt/exceptions.py,utility_private,,,,high,partial,verify,not_started,ACCEPTED_VERIFIED,
fodt,src/python/fodt/exceptions.py,FodtParseError,class,src/python/fodt/exceptions.py,utility_private,,,,high,partial,verify,not_started,ACCEPTED_VERIFIED,
fodt,src/python/fodt/fodt_analytics.py,fodt_paragraph_count,function,src/python/fodt/fodt_analytics.py,utility_private,,,,medium,partial,verify,not_started,ACCEPTED_VERIFIED,
fodt,src/python/fodt/fodt_analytics.py,fodt_word_count,function,src/python/fodt/fodt_analytics.py,utility_private,,,,medium,partial,verify,not_started,ACCEPTED_VERIFIED,
fodt,src/python/fodt/fodt_analytics.py,fodt_heading_count,function,src/python/fodt/fodt_analytics.py,utility_private,,,,medium,partial,verify,not_started,ACCEPTED_VERIFIED,
fodt,src/python/fodt/fodt_analytics.py,fodt_has_tables,function,src/python/fodt/fodt_analytics.py,utility_private,,,,medium,partial,verify,not_started,ACCEPTED_VERIFIED,
fodt,src/python/fodt/fodt_analytics.py,fodt_average_paragraph_length,function,src/python/fodt/fodt_analytics.py,utility_private,,,,medium,partial,verify,not_started,ACCEPTED_VERIFIED,
fodt,src/python/fodt/fodt_analytics.py,fodt_max_paragraph_length,function,src/python/fodt/fodt_analytics.py,utility_private,,,,medium,partial,verify,not_started,ACCEPTED_VERIFIED,
fodt,src/python/fodt/fodt_analytics.py,fodt_list_count,function,src/python/fodt/fodt_analytics.py,utility_private,,,,medium,partial,verify,not_started,ACCEPTED_VERIFIED,
fodt,src/python/fodt/fodt_analytics.py,fodt_empty_paragraph_count,function,src/python/fodt/fodt_analytics.py,utility_private,,,,medium,partial,verify,not_started,ACCEPTED_VERIFIED,
fodt,src/python/fodt/fodt_analytics.py,fodt_table_count,function,src/python/fodt/fodt_analytics.py,utility_private,,,,medium,partial,verify,not_started,ACCEPTED_VERIFIED,
fodt,src/python/fodt/fodt_analytics.py,fodt_min_paragraph_length,function,src/python/fodt/fodt_analytics.py,utility_private,,,,medium,partial,verify,not_started,ACCEPTED_VERIFIED,
fodt,src/python/fodt/fodt_analytics.py,fodt_has_lists,function,src/python/fodt/fodt_analytics.py,utility_private,,,,medium,partial,verify,not_started,ACCEPTED_VERIFIED,
fodt,src/python/fodt/fodt_analytics.py,fodt_char_count,function,src/python/fodt/fodt_analytics.py,utility_private,,,,medium,partial,verify,not_started,ACCEPTED_VERIFIED,
fodt,src/python/fodt/fodt_analytics.py,fodt_vocabulary_richness,function,src/python/fodt/fodt_analytics.py,utility_private,,,,medium,partial,verify,not_started,ACCEPTED_VERIFIED,
fodt,src/python/fodt/fodt_analytics.py,fodt_is_empty,function,src/python/fodt/fodt_analytics.py,utility_private,,,,medium,partial,verify,not_started,ACCEPTED_VERIFIED,
fodt,src/python/fodt/fodt_analytics.py,fodt_has_headings,function,src/python/fodt/fodt_analytics.py,utility_private,,,,medium,partial,verify,not_started,ACCEPTED_VERIFIED,
fodt,src/python/fodt/fodt_analytics.py,fodt_is_single_paragraph,function,src/python/fodt/fodt_analytics.py,utility_private,,,,medium,partial,verify,not_started,ACCEPTED_VERIFIED,
fodt,src/python/fodt/fodt_analytics.py,fodt_avg_words_per_paragraph,function,src/python/fodt/fodt_analytics.py,utility_private,,,,medium,partial,verify,not_started,ACCEPTED_VERIFIED,
fodt,src/python/fodt/fodt_analytics.py,fodt_nonempty_paragraph_count,function,src/python/fodt/fodt_analytics.py,utility_private,,,,medium,partial,verify,not_started,ACCEPTED_VERIFIED,
fodt,src/python/fodt/fodt_analytics.py,fodt_char_density,function,src/python/fodt/fodt_analytics.py,utility_private,,,,medium,partial,verify,not_started,ACCEPTED_VERIFIED,
fodt,src/python/fodt/fodt_analytics.py,fodt_sentence_count,function,src/python/fodt/fodt_analytics.py,utility_private,,,,medium,partial,verify,not_started,ACCEPTED_VERIFIED,
fodt,src/python/fodt/fodt_analytics.py,fodt_words_per_sentence,function,src/python/fodt/fodt_analytics.py,utility_private,,,,medium,partial,verify,not_started,ACCEPTED_VERIFIED,
fodt,src/python/fodt/fodt_analytics.py,fodt_unique_word_count,function,src/python/fodt/fodt_analytics.py,utility_private,,,,medium,partial,verify,not_started,ACCEPTED_VERIFIED,
fodt,src/python/fodt/fodt_analytics.py,fodt_avg_chars_per_word,function,src/python/fodt/fodt_analytics.py,utility_private,,,,medium,partial,verify,not_started,ACCEPTED_VERIFIED,
fodt,src/python/fodt/fodt_analytics.py,fodt_heading_ratio,function,src/python/fodt/fodt_analytics.py,utility_private,,,,medium,partial,verify,not_started,ACCEPTED_VERIFIED,
fodt,src/python/fodt/fodt_analytics.py,fodt_is_multi_paragraph,function,src/python/fodt/fodt_analytics.py,utility_private,,,,medium,partial,verify,not_started,ACCEPTED_VERIFIED,
fodt,src/python/fodt/fodt_analytics.py,fodt_whitespace_ratio,function,src/python/fodt/fodt_analytics.py,utility_private,,,,medium,partial,verify,not_started,ACCEPTED_VERIFIED,
fodt,src/python/fodt/fodt_analytics.py,fodt_longest_word,function,src/python/fodt/fodt_analytics.py,utility_private,,,,medium,partial,verify,not_started,ACCEPTED_VERIFIED,
fodt,src/python/fodt/fodt_analytics.py,fodt_avg_heading_length,function,src/python/fodt/fodt_analytics.py,utility_private,,,,medium,partial,verify,not_started,ACCEPTED_VERIFIED,
fodt,src/python/fodt/fodt_analytics.py,fodt_table_density,function,src/python/fodt/fodt_analytics.py,utility_private,,,,medium,partial,verify,not_started,ACCEPTED_VERIFIED,
fodt,src/python/fodt/fodt_analytics.py,fodt_heading_to_paragraph_ratio,function,src/python/fodt/fodt_analytics.py,utility_private,,,,medium,partial,verify,not_started,ACCEPTED_VERIFIED,
fodt,src/python/fodt/fodt_analytics.py,fodt_total_table_cells,function,src/python/fodt/fodt_analytics.py,utility_private,,,,medium,partial,verify,not_started,ACCEPTED_VERIFIED,
fodt,src/python/fodt/fodt_analytics.py,fodt_total_text_length,function,src/python/fodt/fodt_analytics.py,utility_private,,,,medium,partial,verify,not_started,ACCEPTED_VERIFIED,
fodt,src/python/fodt/fodt_analytics.py,fodt_nonempty_paragraph_ratio,function,src/python/fodt/fodt_analytics.py,utility_private,,,,medium,partial,verify,not_started,ACCEPTED_VERIFIED,
fodt,src/python/fodt/fodt_analytics.py,fodt_has_numeric_content,function,src/python/fodt/fodt_analytics.py,utility_private,,,,medium,partial,verify,not_started,ACCEPTED_VERIFIED,
fodt,src/python/fodt/fodt_analytics.py,fodt_avg_sentence_length,function,src/python/fodt/fodt_analytics.py,utility_private,,,,medium,partial,verify,not_started,ACCEPTED_VERIFIED,
fodt,src/python/fodt/fodt_analytics.py,fodt_longest_paragraph_index,function,src/python/fodt/fodt_analytics.py,utility_private,,,,medium,partial,verify,not_started,ACCEPTED_VERIFIED,
fodt,src/python/fodt/fodt_analytics.py,fodt_paragraph_length_range,function,src/python/fodt/fodt_analytics.py,utility_private,,,,medium,partial,verify,not_started,ACCEPTED_VERIFIED,
fodt,src/python/fodt/fodt_analytics.py,fodt_max_heading_depth,function,src/python/fodt/fodt_analytics.py,utility_private,,,,medium,partial,verify,not_started,ACCEPTED_VERIFIED,
fodt,src/python/fodt/fodt_analytics.py,fodt_total_char_count,function,src/python/fodt/fodt_analytics.py,utility_private,,,,medium,partial,verify,not_started,ACCEPTED_VERIFIED,
fodt,src/python/fodt/fodt_analytics.py,fodt_heading_to_para_ratio,function,src/python/fodt/fodt_analytics.py,utility_private,,,,medium,partial,verify,not_started,ACCEPTED_VERIFIED,
fodt,src/python/fodt/fodt_analytics.py,fodt_words_per_paragraph,function,src/python/fodt/fodt_analytics.py,utility_private,,,,medium,partial,verify,not_started,ACCEPTED_VERIFIED,
fodt,src/python/fodt/fodt_analytics.py,fodt_is_text_heavy,function,src/python/fodt/fodt_analytics.py,utility_private,,,,medium,partial,verify,not_started,ACCEPTED_VERIFIED,
fodt,src/python/fodt/fodt_analytics.py,fodt_lowercase_ratio,function,src/python/fodt/fodt_analytics.py,utility_private,,,,medium,partial,verify,not_started,ACCEPTED_VERIFIED,
fodt,src/python/fodt/fodt_analytics.py,fodt_word_count_variance,function,src/python/fodt/fodt_analytics.py,utility_private,,,,medium,partial,verify,not_started,ACCEPTED_VERIFIED,
fodt,src/python/fodt/fodt_analytics.py,fodt_paragraph_to_heading_ratio,function,src/python/fodt/fodt_analytics.py,utility_private,,,,medium,partial,verify,not_started,ACCEPTED_VERIFIED,
fodt,src/python/fodt/fodt_analytics.py,fodt_digit_count,function,src/python/fodt/fodt_analytics.py,utility_private,,,,medium,partial,verify,not_started,ACCEPTED_VERIFIED,
fodt,src/python/fodt/fodt_analytics.py,fodt_max_run_count,function,src/python/fodt/fodt_analytics.py,utility_private,,,,medium,partial,verify,not_started,ACCEPTED_VERIFIED,
fodt,src/python/fodt/fodt_analytics.py,fodt_numeric_word_count,function,src/python/fodt/fodt_analytics.py,utility_private,,,,medium,partial,verify,not_started,ACCEPTED_VERIFIED,
fodt,src/python/fodt/fodt_analytics.py,fodt_heading_char_sum,function,src/python/fodt/fodt_analytics.py,utility_private,,,,medium,partial,verify,not_started,ACCEPTED_VERIFIED,
fodt,src/python/fodt/fodt_analytics.py,fodt_paragraph_char_sum,function,src/python/fodt/fodt_analytics.py,utility_private,,,,medium,partial,verify,not_started,ACCEPTED_VERIFIED,
fodt,src/python/fodt/fodt_analytics.py,fodt_max_words_in_heading,function,src/python/fodt/fodt_analytics.py,utility_private,,,,medium,partial,verify,not_started,ACCEPTED_VERIFIED,
fodt,src/python/fodt/fodt_analytics.py,fodt_short_paragraph_count,function,src/python/fodt/fodt_analytics.py,utility_private,,,,medium,partial,verify,not_started,ACCEPTED_VERIFIED,
fodt,src/python/fodt/fodt_analytics.py,fodt_paragraph_count_times_eighty_nine,function,src/python/fodt/fodt_analytics.py,utility_private,,,,medium,partial,verify,not_started,ACCEPTED_VERIFIED,
fodt,src/python/fodt/fodt_analytics.py,fodt_word_count_times_eighty_nine,function,src/python/fodt/fodt_analytics.py,utility_private,,,,medium,partial,verify,not_started,ACCEPTED_VERIFIED,
fodt,src/python/fodt/fodt_analytics.py,_fodt_all_text,function,src/python/fodt/fodt_analytics.py,utility_private,,,,low,partial,verify,not_started,ACCEPTED_VERIFIED,
fodt,src/python/fodt/fodt_analytics.py,_fodt_block_text,function,src/python/fodt/fodt_analytics.py,utility_private,,,,low,partial,verify,not_started,ACCEPTED_VERIFIED,
fodt,src/python/fodt/fodt_analytics.py,fodt_vowel_count,function,src/python/fodt/fodt_analytics.py,utility_private,,,,medium,partial,verify,not_started,ACCEPTED_VERIFIED,
fodt,src/python/fodt/fodt_analytics.py,fodt_space_count,function,src/python/fodt/fodt_analytics.py,utility_private,,,,medium,partial,verify,not_started,ACCEPTED_VERIFIED,
fodt,src/python/fodt/fodt_analytics.py,fodt_inline_count,function,src/python/fodt/fodt_analytics.py,utility_private,,,,medium,partial,verify,not_started,ACCEPTED_VERIFIED,
fodt,src/python/fodt/fodt_analytics.py,fodt_max_block_word_count,function,src/python/fodt/fodt_analytics.py,utility_private,,,,medium,partial,verify,not_started,ACCEPTED_VERIFIED,
fodt,src/python/fodt/fodt_analytics.py,fodt_punctuation_count,function,src/python/fodt/fodt_analytics.py,utility_private,,,,medium,partial,verify,not_started,ACCEPTED_VERIFIED,
fodt,src/python/fodt/fodt_analytics.py,fodt_list_block_count,function,src/python/fodt/fodt_analytics.py,utility_private,,,,medium,partial,verify,not_started,ACCEPTED_VERIFIED,
fodt,src/python/fodt/fodt_analytics.py,fodt_file_size_bytes,function,src/python/fodt/fodt_analytics.py,utility_private,,,,medium,partial,verify,not_started,ACCEPTED_VERIFIED,
fodt,src/python/fodt/fodt_analytics.py,fodt_has_more_words_than_unique,function,src/python/fodt/fodt_analytics.py,utility_private,,,,medium,partial,verify,not_started,ACCEPTED_VERIFIED,
fodt,src/python/fodt/fodt_analytics.py,fodt_all_words_unique,function,src/python/fodt/fodt_analytics.py,utility_private,,,,medium,partial,verify,not_started,ACCEPTED_VERIFIED,
fodt,src/python/fodt/fodt_analytics.py,fodt_uppercase_char_count,function,src/python/fodt/fodt_analytics.py,utility_private,,,,medium,partial,verify,not_started,ACCEPTED_VERIFIED,
fodt,src/python/fodt/fodt_analytics.py,fodt_lowercase_char_count,function,src/python/fodt/fodt_analytics.py,utility_private,,,,medium,partial,verify,not_started,ACCEPTED_VERIFIED,
fodt,src/python/fodt/fodt_analytics.py,fodt_uppercase_ratio,function,src/python/fodt/fodt_analytics.py,utility_private,,,,medium,partial,verify,not_started,ACCEPTED_VERIFIED,
fodt,src/python/fodt/fodt_analytics.py,fodt_min_heading_length,function,src/python/fodt/fodt_analytics.py,utility_private,,,,medium,partial,verify,not_started,ACCEPTED_VERIFIED,
fodt,src/python/fodt/fodt_analytics.py,fodt_char_per_word,function,src/python/fodt/fodt_analytics.py,utility_private,,,,medium,partial,verify,not_started,ACCEPTED_VERIFIED,
fodt,src/python/fodt/fodt_analytics.py,fodt_avg_block_length,function,src/python/fodt/fodt_analytics.py,utility_private,,,,medium,partial,verify,not_started,ACCEPTED_VERIFIED,
fodt,src/python/fodt/fodt_analytics.py,fodt_max_block_text_length,function,src/python/fodt/fodt_analytics.py,utility_private,,,,medium,partial,verify,not_started,ACCEPTED_VERIFIED,
fodt,src/python/fodt/fodt_analytics.py,fodt_min_block_text_length,function,src/python/fodt/fodt_analytics.py,utility_private,,,,medium,partial,verify,not_started,ACCEPTED_VERIFIED,
fodt,src/python/fodt/fodt_analytics.py,fodt_word_per_heading,function,src/python/fodt/fodt_analytics.py,utility_private,,,,medium,partial,verify,not_started,ACCEPTED_VERIFIED,
fodt,src/python/fodt/fodt_analytics.py,fodt_block_text_sum,function,src/python/fodt/fodt_analytics.py,utility_private,,,,medium,partial,verify,not_started,ACCEPTED_VERIFIED,
fodt,src/python/fodt/fodt_analytics.py,fodt_consonant_ratio,function,src/python/fodt/fodt_analytics.py,utility_private,,,,medium,partial,verify,not_started,ACCEPTED_VERIFIED,
fodt,src/python/fodt/fodt_analytics.py,fodt_avg_run_count,function,src/python/fodt/fodt_analytics.py,utility_private,,,,medium,partial,verify,not_started,ACCEPTED_VERIFIED,
fodt,src/python/fodt/fodt_analytics.py,fodt_empty_block_count,function,src/python/fodt/fodt_analytics.py,utility_private,,,,medium,partial,verify,not_started,ACCEPTED_VERIFIED,
fodt,src/python/fodt/fodt_analytics.py,fodt_has_multiple_block_types,function,src/python/fodt/fodt_analytics.py,utility_private,,,,medium,partial,verify,not_started,ACCEPTED_VERIFIED,
fodt,src/python/fodt/fodt_analytics.py,fodt_punctuation_density,function,src/python/fodt/fodt_analytics.py,utility_private,,,,medium,partial,verify,not_started,ACCEPTED_VERIFIED,
fodt,src/python/fodt/fodt_analytics.py,fodt_total_character_count,function,src/python/fodt/fodt_analytics.py,utility_private,,,,medium,partial,verify,not_started,ACCEPTED_VERIFIED,
fodt,src/python/fodt/fodt_analytics.py,fodt_avg_word_length,function,src/python/fodt/fodt_analytics.py,utility_private,,,,medium,partial,verify,not_started,ACCEPTED_VERIFIED,
fodt,src/python/fodt/fodt_analytics.py,fodt_block_type_count,function,src/python/fodt/fodt_analytics.py,utility_private,,,,medium,partial,verify,not_started,ACCEPTED_VERIFIED,
fodt,src/python/fodt/fodt_analytics.py,fodt_nonempty_block_count,function,src/python/fodt/fodt_analytics.py,utility_private,,,,medium,partial,verify,not_started,ACCEPTED_VERIFIED,
fodt,src/python/fodt/fodt_analytics.py,fodt_is_text_only,function,src/python/fodt/fodt_analytics.py,utility_private,,,,medium,partial,verify,not_started,ACCEPTED_VERIFIED,
fodt,src/python/fodt/fodt_analytics.py,fodt_total_content_blocks,function,src/python/fodt/fodt_analytics.py,utility_private,,,,medium,partial,verify,not_started,ACCEPTED_VERIFIED,
fodt,src/python/fodt/fodt_analytics.py,fodt_avg_word_count_per_paragraph,function,src/python/fodt/fodt_analytics.py,utility_private,,,,medium,partial,verify,not_started,ACCEPTED_VERIFIED,
fodt,src/python/fodt/fodt_analytics.py,fodt_word_density,function,src/python/fodt/fodt_analytics.py,utility_private,,,,medium,partial,verify,not_started,ACCEPTED_VERIFIED,
fodt,src/python/fodt/fodt_analytics.py,fodt_avg_paragraph_length,function,src/python/fodt/fodt_analytics.py,utility_private,,,,medium,partial,verify,not_started,ACCEPTED_VERIFIED,
fodt,src/python/fodt/fodt_analytics.py,fodt_unique_block_type_count,function,src/python/fodt/fodt_analytics.py,utility_private,,,,medium,partial,verify,not_started,ACCEPTED_VERIFIED,
fodt,src/python/fodt/fodt_analytics.py,fodt_section_depth_max,function,src/python/fodt/fodt_analytics.py,utility_private,,,,medium,partial,verify,not_started,ACCEPTED_VERIFIED,
fodt,src/python/fodt/fodt_analytics.py,fodt_text_block_ratio,function,src/python/fodt/fodt_analytics.py,utility_private,,,,medium,partial,verify,not_started,ACCEPTED_VERIFIED,
fodt,src/python/fodt/fodt_to_ndjson.py,fodt_to_ndjson,function,src/python/fodt/fodt_to_ndjson.py,codec_io,,,,medium,partial,verify,not_started,ACCEPTED_VERIFIED,
fodt,src/python/fodt/list_traversal.py,collect_list_items,function,src/python/fodt/list_traversal.py,codec_io,,,,medium,partial,verify,not_started,ACCEPTED_VERIFIED,
fodt,src/python/fodt/list_traversal.py,_collect_text,function,src/python/fodt/list_traversal.py,codec_io,,,,low,partial,verify,not_started,ACCEPTED_VERIFIED,
fodt,src/python/fodt/models.py,FodtSpan,class,src/python/fodt/models.py,codec_io,,,,high,partial,verify,not_started,ACCEPTED_VERIFIED,
fodt,src/python/fodt/models.py,FodtParagraph,class,src/python/fodt/models.py,codec_io,,,,high,partial,verify,not_started,ACCEPTED_VERIFIED,
fodt,src/python/fodt/models.py,FodtDocument,class,src/python/fodt/models.py,codec_io,,,,high,partial,verify,not_started,ACCEPTED_VERIFIED,
fodt,src/python/fodt/neutral_model.py,make_warning,function,src/python/fodt/neutral_model.py,neutral_model_behavior,,,,medium,partial,verify,not_started,ACCEPTED_VERIFIED,
fodt,src/python/fodt/neutral_model.py,build_document,function,src/python/fodt/neutral_model.py,neutral_model_behavior,,,,medium,partial,verify,not_started,ACCEPTED_VERIFIED,
fodt,src/python/fodt/neutral_model.py,validate_document,function,src/python/fodt/neutral_model.py,neutral_model_behavior,,,,medium,partial,verify,not_started,ACCEPTED_VERIFIED,
fodt,src/python/fodt/neutral_model.py,_validate_block,function,src/python/fodt/neutral_model.py,neutral_model_behavior,,,,low,partial,verify,not_started,ACCEPTED_VERIFIED,
fodt,src/python/fodt/neutral_model.py,_validate_list,function,src/python/fodt/neutral_model.py,neutral_model_behavior,,,,low,partial,verify,not_started,ACCEPTED_VERIFIED,
fodt,src/python/fodt/neutral_model.py,_validate_list_item,function,src/python/fodt/neutral_model.py,neutral_model_behavior,,,,low,partial,verify,not_started,ACCEPTED_VERIFIED,
fodt,src/python/fodt/neutral_model.py,_validate_table,function,src/python/fodt/neutral_model.py,neutral_model_behavior,,,,low,partial,verify,not_started,ACCEPTED_VERIFIED,
fodt,src/python/fodt/neutral_model.py,_validate_table_row,function,src/python/fodt/neutral_model.py,neutral_model_behavior,,,,low,partial,verify,not_started,ACCEPTED_VERIFIED,
fodt,src/python/fodt/neutral_model.py,document_stats,function,src/python/fodt/neutral_model.py,neutral_model_behavior,,,,medium,partial,verify,not_started,ACCEPTED_VERIFIED,
fodt,src/python/fodt/neutral_model.py,document_heading_outline,function,src/python/fodt/neutral_model.py,neutral_model_behavior,,,,medium,partial,verify,not_started,ACCEPTED_VERIFIED,
fodt,src/python/fodt/neutral_model.py,document_word_count,function,src/python/fodt/neutral_model.py,neutral_model_behavior,,,,medium,partial,verify,not_started,ACCEPTED_VERIFIED,
fodt,src/python/fodt/neutral_model.py,document_table_summary,function,src/python/fodt/neutral_model.py,neutral_model_behavior,,,,medium,partial,verify,not_started,ACCEPTED_VERIFIED,
fodt,src/python/fodt/neutral_model.py,document_text_content,function,src/python/fodt/neutral_model.py,neutral_model_behavior,,,,medium,partial,verify,not_started,ACCEPTED_VERIFIED,
fodt,src/python/fodt/neutral_model.py,document_list_stats,function,src/python/fodt/neutral_model.py,neutral_model_behavior,,,,medium,partial,verify,not_started,ACCEPTED_VERIFIED,
fodt,src/python/fodt/neutral_model.py,document_reading_level,function,src/python/fodt/neutral_model.py,neutral_model_behavior,,,,medium,partial,verify,not_started,ACCEPTED_VERIFIED,
fodt,src/python/fodt/neutral_model.py,document_hyperlink_count,function,src/python/fodt/neutral_model.py,neutral_model_behavior,,,,medium,partial,verify,not_started,ACCEPTED_VERIFIED,
fodt,src/python/fodt/neutral_model.py,document_footnote_count,function,src/python/fodt/neutral_model.py,neutral_model_behavior,,,,medium,partial,verify,not_started,ACCEPTED_VERIFIED,
fodt,src/python/fodt/neutral_model.py,document_heading_level_distribution,function,src/python/fodt/neutral_model.py,neutral_model_behavior,,,,medium,partial,verify,not_started,ACCEPTED_VERIFIED,
fodt,src/python/fodt/neutral_model.py,document_table_cell_count,function,src/python/fodt/neutral_model.py,neutral_model_behavior,,,,medium,partial,verify,not_started,ACCEPTED_VERIFIED,
fodt,src/python/fodt/neutral_model.py,document_table_cell_span_summary,function,src/python/fodt/neutral_model.py,neutral_model_behavior,,,,medium,partial,verify,not_started,ACCEPTED_VERIFIED,
fodt,src/python/fodt/neutral_model.py,document_text_field_warnings,function,src/python/fodt/neutral_model.py,neutral_model_behavior,,,,medium,partial,verify,not_started,ACCEPTED_VERIFIED,
fodt,src/python/fodt/neutral_model.py,document_footnote_endnote_summary,function,src/python/fodt/neutral_model.py,neutral_model_behavior,,,,medium,partial,verify,not_started,ACCEPTED_VERIFIED,
fodt,src/python/fodt/neutral_model.py,document_image_frame_list,function,src/python/fodt/neutral_model.py,neutral_model_behavior,,,,medium,partial,verify,not_started,ACCEPTED_VERIFIED,
fodt,src/python/fodt/neutral_model.py,document_section_summary,function,src/python/fodt/neutral_model.py,neutral_model_behavior,,,,medium,partial,verify,not_started,ACCEPTED_VERIFIED,
fodt,src/python/fodt/neutral_model.py,document_change_tracking_summary,function,src/python/fodt/neutral_model.py,neutral_model_behavior,,,,medium,partial,verify,not_started,ACCEPTED_VERIFIED,
fodt,src/python/fodt/neutral_model.py,document_paragraph_style_distribution,function,src/python/fodt/neutral_model.py,neutral_model_behavior,,,,medium,partial,verify,not_started,ACCEPTED_VERIFIED,
fodt,src/python/fodt/neutral_model.py,document_language_list,function,src/python/fodt/neutral_model.py,neutral_model_behavior,,,,medium,partial,verify,not_started,ACCEPTED_VERIFIED,
fodt,src/python/fodt/neutral_model.py,document_set_block_text,function,src/python/fodt/neutral_model.py,neutral_model_behavior,,,,medium,partial,verify,not_started,ACCEPTED_VERIFIED,
fodt,src/python/fodt/neutral_model.py,document_warnings_for_unsupported_edit,function,src/python/fodt/neutral_model.py,neutral_model_behavior,,,,medium,partial,verify,not_started,ACCEPTED_VERIFIED,
fodt,src/python/fodt/neutral_model.py,document_append_paragraph,function,src/python/fodt/neutral_model.py,neutral_model_behavior,,,,medium,partial,verify,not_started,ACCEPTED_VERIFIED,
fodt,src/python/fodt/neutral_model.py,document_remove_paragraph,function,src/python/fodt/neutral_model.py,neutral_model_behavior,,,,medium,partial,verify,not_started,ACCEPTED_VERIFIED,
fodt,src/python/fodt/neutral_model.py,document_paragraph_count,function,src/python/fodt/neutral_model.py,neutral_model_behavior,,,,medium,partial,verify,not_started,ACCEPTED_VERIFIED,
fodt,src/python/fodt/neutral_model.py,document_to_text,function,src/python/fodt/neutral_model.py,neutral_model_behavior,,,,medium,partial,verify,not_started,ACCEPTED_VERIFIED,
fodt,src/python/fodt/neutral_model.py,document_get_paragraph_text,function,src/python/fodt/neutral_model.py,neutral_model_behavior,,,,medium,partial,verify,not_started,ACCEPTED_VERIFIED,
fodt,src/python/fodt/neutral_model.py,document_search_text,function,src/python/fodt/neutral_model.py,neutral_model_behavior,,,,medium,partial,verify,not_started,ACCEPTED_VERIFIED,
fodt,src/python/fodt/neutral_model.py,document_replace_text,function,src/python/fodt/neutral_model.py,neutral_model_behavior,,,,medium,partial,verify,not_started,ACCEPTED_VERIFIED,
fodt,src/python/fodt/neutral_model.py,document_to_html,function,src/python/fodt/neutral_model.py,neutral_model_behavior,,,,medium,partial,verify,not_started,ACCEPTED_VERIFIED,
fodt,src/python/fodt/neutral_model.py,document_count_tables,function,src/python/fodt/neutral_model.py,neutral_model_behavior,,,,medium,partial,verify,not_started,ACCEPTED_VERIFIED,
fodt,src/python/fodt/neutral_model.py,document_extract_headings,function,src/python/fodt/neutral_model.py,neutral_model_behavior,,,,medium,partial,verify,not_started,ACCEPTED_VERIFIED,
fodt,src/python/fodt/neutral_model.py,document_total_words,function,src/python/fodt/neutral_model.py,neutral_model_behavior,,,,medium,partial,verify,not_started,ACCEPTED_VERIFIED,
fodt,src/python/fodt/neutral_model.py,document_list_item_count,function,src/python/fodt/neutral_model.py,neutral_model_behavior,,,,medium,partial,verify,not_started,ACCEPTED_VERIFIED,
fodt,src/python/fodt/neutral_model.py,document_block_type_count,function,src/python/fodt/neutral_model.py,neutral_model_behavior,,,,medium,partial,verify,not_started,ACCEPTED_VERIFIED,
fodt,src/python/fodt/neutral_model.py,document_max_paragraph_length,function,src/python/fodt/neutral_model.py,neutral_model_behavior,,,,medium,partial,verify,not_started,ACCEPTED_VERIFIED,
fodt,src/python/fodt/neutral_model.py,document_has_tables,function,src/python/fodt/neutral_model.py,neutral_model_behavior,,,,medium,partial,verify,not_started,ACCEPTED_VERIFIED,
fodt,src/python/fodt/neutral_model.py,document_paragraph_texts,function,src/python/fodt/neutral_model.py,neutral_model_behavior,,,,medium,partial,verify,not_started,ACCEPTED_VERIFIED,
fodt,src/python/fodt/neutral_model.py,document_heading_texts,function,src/python/fodt/neutral_model.py,neutral_model_behavior,,,,medium,partial,verify,not_started,ACCEPTED_VERIFIED,
fodt,src/python/fodt/neutral_model.py,document_table_row_count,function,src/python/fodt/neutral_model.py,neutral_model_behavior,,,,medium,partial,verify,not_started,ACCEPTED_VERIFIED,
fodt,src/python/fodt/neutral_model.py,document_empty_paragraph_count,function,src/python/fodt/neutral_model.py,neutral_model_behavior,,,,medium,partial,verify,not_started,ACCEPTED_VERIFIED,
fodt,src/python/fodt/neutral_model.py,fodt_total_block_count,function,src/python/fodt/neutral_model.py,neutral_model_behavior,,,,medium,partial,verify,not_started,ACCEPTED_VERIFIED,
fodt,src/python/fodt/parser.py,parse_fodt,function,src/python/fodt/parser.py,codec_io,,,,medium,partial,verify,not_started,ACCEPTED_VERIFIED,
fodt,src/python/fodt/parser.py,parse_fodt_strict,function,src/python/fodt/parser.py,codec_io,,,,medium,partial,verify,not_started,ACCEPTED_VERIFIED,
fodt,src/python/fodt/parser.py,_parse_streaming,function,src/python/fodt/parser.py,codec_io,,,,low,partial,verify,not_started,ACCEPTED_VERIFIED,
fodt,src/python/fodt/parser.py,_collect_runs,function,src/python/fodt/parser.py,codec_io,,,,low,partial,verify,not_started,ACCEPTED_VERIFIED,
fodt,src/python/fodt/parser.py,_handle_text_child,function,src/python/fodt/parser.py,codec_io,,,,low,partial,verify,not_started,ACCEPTED_VERIFIED,
fodt,src/python/fodt/parser.py,_extract_table,function,src/python/fodt/parser.py,codec_io,,,,low,partial,verify,not_started,ACCEPTED_VERIFIED,
fodt,src/python/fodt/parser.py,_get_local_name,function,src/python/fodt/parser.py,codec_io,,,,low,partial,verify,not_started,ACCEPTED_VERIFIED,
fodt,src/python/fodt/parser.py,_safe_int_fodt,function,src/python/fodt/parser.py,codec_io,,,,low,partial,verify,not_started,ACCEPTED_VERIFIED,
fodt,src/python/fodt/spec/__init__.py,,,src/python/fodt/spec/__init__.py,spec_element_behavior,,,,low,unknown,no,complete,ACCEPTED_VERIFIED,TC-PH-012: spec class has behavioral methods (migrated 2026-06-22)
fodt,src/python/fodt/spec/office/__init__.py,,,src/python/fodt/spec/office/__init__.py,spec_element_behavior,,,,low,unknown,no,complete,ACCEPTED_VERIFIED,TC-PH-012: spec class has behavioral methods (migrated 2026-06-22)
fodt,src/python/fodt/spec/office/document.py,Document,class,src/python/fodt/spec/office/document.py,spec_element_behavior,,,,high,yes,no,complete,ACCEPTED_VERIFIED,
fodt,src/python/fodt/spec/table/__init__.py,,,src/python/fodt/spec/table/__init__.py,spec_element_behavior,,,,low,unknown,no,complete,ACCEPTED_VERIFIED,TC-PH-012: spec class has behavioral methods (migrated 2026-06-22)
fodt,src/python/fodt/spec/table/table.py,Table,class,src/python/fodt/spec/table/table.py,spec_element_behavior,,,,high,yes,no,complete,ACCEPTED_VERIFIED,
fodt,src/python/fodt/spec/table/table_cell.py,TableCell,class,src/python/fodt/spec/table/table_cell.py,spec_element_behavior,,,,high,yes,no,complete,ACCEPTED_VERIFIED,
fodt,src/python/fodt/spec/table/table_row.py,TableRow,class,src/python/fodt/spec/table/table_row.py,spec_element_behavior,,,,high,yes,no,complete,ACCEPTED_VERIFIED,
fodt,src/python/fodt/spec/text/__init__.py,,,src/python/fodt/spec/text/__init__.py,spec_element_behavior,,,,low,unknown,no,complete,ACCEPTED_VERIFIED,TC-PH-012: spec class has behavioral methods (migrated 2026-06-22)
fodt,src/python/fodt/spec/text/heading.py,Heading,class,src/python/fodt/spec/text/heading.py,spec_element_behavior,,,,high,yes,no,complete,ACCEPTED_VERIFIED,
fodt,src/python/fodt/spec/text/list_.py,List,class,src/python/fodt/spec/text/list_.py,spec_element_behavior,,,,high,yes,no,complete,ACCEPTED_VERIFIED,
fodt,src/python/fodt/spec/text/list_item.py,ListItem,class,src/python/fodt/spec/text/list_item.py,spec_element_behavior,,,,high,yes,no,complete,ACCEPTED_VERIFIED,
fodt,src/python/fodt/spec/text/paragraph.py,Paragraph,class,src/python/fodt/spec/text/paragraph.py,spec_element_behavior,,,,high,yes,no,complete,ACCEPTED_VERIFIED,
fodt,src/python/fodt/spec/text/span.py,Span,class,src/python/fodt/spec/text/span.py,spec_element_behavior,,,,high,yes,no,complete,ACCEPTED_VERIFIED,
fodt,src/python/fodt/writer.py,_qn,function,src/python/fodt/writer.py,codec_io,,,,low,partial,verify,not_started,ACCEPTED_VERIFIED,
fodt,src/python/fodt/writer.py,_write_span,function,src/python/fodt/writer.py,codec_io,,,,low,partial,verify,not_started,ACCEPTED_VERIFIED,
fodt,src/python/fodt/writer.py,_write_block,function,src/python/fodt/writer.py,codec_io,,,,low,partial,verify,not_started,ACCEPTED_VERIFIED,
fodt,src/python/fodt/writer.py,_write_list,function,src/python/fodt/writer.py,codec_io,,,,low,partial,verify,not_started,ACCEPTED_VERIFIED,
fodt,src/python/fodt/writer.py,_write_table,function,src/python/fodt/writer.py,codec_io,,,,low,partial,verify,not_started,ACCEPTED_VERIFIED,
fodt,src/python/fodt/writer.py,document_to_xml,function,src/python/fodt/writer.py,codec_io,,,,medium,partial,verify,not_started,ACCEPTED_VERIFIED,
fodt,src/python/fodt/writer.py,write_fodt,function,src/python/fodt/writer.py,codec_io,,,,medium,partial,verify,not_started,ACCEPTED_VERIFIED,
gnumeric,src/python/gnumeric/__init__.py,,,src/python/gnumeric/__init__.py,codec_io,,,,low,unknown,no,not_needed,ACCEPTED_VERIFIED,
gnumeric,src/python/gnumeric/Compat/__init__.py,,,src/python/gnumeric/Compat/__init__.py,facade_behavior,,,,low,unknown,no,not_needed,ACCEPTED_VERIFIED,
gnumeric,src/python/gnumeric/Compat/gnumeric_sheet.py,GnumericSheet,class,src/python/gnumeric/Compat/gnumeric_sheet.py,facade_behavior,,,,high,yes,no,complete,ACCEPTED_VERIFIED,
gnumeric,src/python/gnumeric/Compat/gnumeric_workbook.py,GnumericWorkbook,class,src/python/gnumeric/Compat/gnumeric_workbook.py,facade_behavior,,,,high,yes,no,complete,ACCEPTED_VERIFIED,
gnumeric,src/python/gnumeric/gnumeric_codec.py,GnumericError,class,src/python/gnumeric/gnumeric_codec.py,codec_io,,,,high,partial,verify,not_started,ACCEPTED_VERIFIED,
gnumeric,src/python/gnumeric/gnumeric_codec.py,GnumericParseError,class,src/python/gnumeric/gnumeric_codec.py,codec_io,,,,high,partial,verify,not_started,ACCEPTED_VERIFIED,
gnumeric,src/python/gnumeric/gnumeric_codec.py,load,function,src/python/gnumeric/gnumeric_codec.py,codec_io,,,,medium,partial,verify,not_started,ACCEPTED_VERIFIED,
gnumeric,src/python/gnumeric/gnumeric_codec.py,get_sheet_count,function,src/python/gnumeric/gnumeric_codec.py,codec_io,,,,medium,partial,verify,not_started,ACCEPTED_VERIFIED,
gnumeric,src/python/gnumeric/gnumeric_codec.py,get_cell_count,function,src/python/gnumeric/gnumeric_codec.py,codec_io,,,,medium,partial,verify,not_started,ACCEPTED_VERIFIED,
gnumeric,src/python/gnumeric/gnumeric_codec.py,extract_values,function,src/python/gnumeric/gnumeric_codec.py,codec_io,,,,medium,partial,verify,not_started,ACCEPTED_VERIFIED,
gnumeric,src/python/gnumeric/gnumeric_codec.py,get_sheet_metadata,function,src/python/gnumeric/gnumeric_codec.py,codec_io,,,,medium,partial,verify,not_started,ACCEPTED_VERIFIED,
gnumeric,src/python/gnumeric/gnumeric_codec.py,export_to_csv,function,src/python/gnumeric/gnumeric_codec.py,codec_io,,,,medium,partial,verify,not_started,ACCEPTED_VERIFIED,
gnumeric,src/python/gnumeric/gnumeric_codec.py,export_to_json,function,src/python/gnumeric/gnumeric_codec.py,codec_io,,,,medium,partial,verify,not_started,ACCEPTED_VERIFIED,
gnumeric,src/python/gnumeric/gnumeric_codec.py,probe_gnumeric,function,src/python/gnumeric/gnumeric_codec.py,codec_io,,,,medium,partial,verify,not_started,ACCEPTED_VERIFIED,
gnumeric,src/python/gnumeric/gnumeric_codec.py,create_gnumeric,function,src/python/gnumeric/gnumeric_codec.py,codec_io,,,,medium,partial,verify,not_started,ACCEPTED_VERIFIED,
gnumeric,src/python/gnumeric/gnumeric_codec.py,write_gnumeric,function,src/python/gnumeric/gnumeric_codec.py,codec_io,,,,medium,partial,verify,not_started,ACCEPTED_VERIFIED,
gnumeric,src/python/gnumeric/gnumeric_codec.py,_csv_field,function,src/python/gnumeric/gnumeric_codec.py,codec_io,,,,low,partial,verify,not_started,ACCEPTED_VERIFIED,
gnumeric,src/python/gnumeric/gnumeric_codec.py,_read_source,function,src/python/gnumeric/gnumeric_codec.py,codec_io,,,,low,partial,verify,not_started,ACCEPTED_VERIFIED,
gnumeric,src/python/gnumeric/gnumeric_codec.py,_check_size,function,src/python/gnumeric/gnumeric_codec.py,codec_io,,,,low,partial,verify,not_started,ACCEPTED_VERIFIED,
gnumeric,src/python/gnumeric/gnumeric_codec.py,_decompress,function,src/python/gnumeric/gnumeric_codec.py,codec_io,,,,low,partial,verify,not_started,ACCEPTED_VERIFIED,
gnumeric,src/python/gnumeric/gnumeric_codec.py,_parse_xml,function,src/python/gnumeric/gnumeric_codec.py,codec_io,,,,low,partial,verify,not_started,ACCEPTED_VERIFIED,
gnumeric,src/python/gnumeric/gnumeric_codec.py,_build_model,function,src/python/gnumeric/gnumeric_codec.py,codec_io,,,,low,partial,verify,not_started,ACCEPTED_VERIFIED,
gnumeric,src/python/gnumeric/gnumeric_codec.py,_extract_sheets,function,src/python/gnumeric/gnumeric_codec.py,codec_io,,,,low,partial,verify,not_started,ACCEPTED_VERIFIED,
gnumeric,src/python/gnumeric/gnumeric_codec.py,get_cell_value,function,src/python/gnumeric/gnumeric_codec.py,codec_io,,,,medium,partial,verify,not_started,ACCEPTED_VERIFIED,
gnumeric,src/python/gnumeric/gnumeric_codec.py,set_cell_value,function,src/python/gnumeric/gnumeric_codec.py,codec_io,,,,medium,partial,verify,not_started,ACCEPTED_VERIFIED,
gnumeric,src/python/gnumeric/gnumeric_codec.py,get_sheet_names,function,src/python/gnumeric/gnumeric_codec.py,codec_io,,,,medium,partial,verify,not_started,ACCEPTED_VERIFIED,
gnumeric,src/python/gnumeric/gnumeric_codec.py,get_row,function,src/python/gnumeric/gnumeric_codec.py,codec_io,,,,medium,partial,verify,not_started,ACCEPTED_VERIFIED,
gnumeric,src/python/gnumeric/gnumeric_codec.py,get_column,function,src/python/gnumeric/gnumeric_codec.py,codec_io,,,,medium,partial,verify,not_started,ACCEPTED_VERIFIED,
gnumeric,src/python/gnumeric/gnumeric_codec.py,delete_sheet,function,src/python/gnumeric/gnumeric_codec.py,codec_io,,,,medium,partial,verify,not_started,ACCEPTED_VERIFIED,
gnumeric,src/python/gnumeric/gnumeric_codec.py,rename_sheet,function,src/python/gnumeric/gnumeric_codec.py,codec_io,,,,medium,partial,verify,not_started,ACCEPTED_VERIFIED,
gnumeric,src/python/gnumeric/gnumeric_codec.py,add_sheet,function,src/python/gnumeric/gnumeric_codec.py,codec_io,,,,medium,partial,verify,not_started,ACCEPTED_VERIFIED,
gnumeric,src/python/gnumeric/gnumeric_codec.py,get_sheet_by_name,function,src/python/gnumeric/gnumeric_codec.py,codec_io,,,,medium,partial,verify,not_started,ACCEPTED_VERIFIED,
gnumeric,src/python/gnumeric/gnumeric_codec.py,copy_sheet,function,src/python/gnumeric/gnumeric_codec.py,codec_io,,,,medium,partial,verify,not_started,ACCEPTED_VERIFIED,
gnumeric,src/python/gnumeric/gnumeric_codec.py,clear_cell,function,src/python/gnumeric/gnumeric_codec.py,codec_io,,,,medium,partial,verify,not_started,ACCEPTED_VERIFIED,
gnumeric,src/python/gnumeric/gnumeric_codec.py,get_row_count,function,src/python/gnumeric/gnumeric_codec.py,codec_io,,,,medium,partial,verify,not_started,ACCEPTED_VERIFIED,
gnumeric,src/python/gnumeric/gnumeric_codec.py,get_column_count,function,src/python/gnumeric/gnumeric_codec.py,codec_io,,,,medium,partial,verify,not_started,ACCEPTED_VERIFIED,
gnumeric,src/python/gnumeric/gnumeric_codec.py,read_cell,function,src/python/gnumeric/gnumeric_codec.py,codec_io,,,,medium,partial,verify,not_started,ACCEPTED_VERIFIED,
gnumeric,src/python/gnumeric/gnumeric_codec.py,count_nonempty_cells,function,src/python/gnumeric/gnumeric_codec.py,codec_io,,,,medium,partial,verify,not_started,ACCEPTED_VERIFIED,
gnumeric,src/python/gnumeric/gnumeric_codec.py,get_sheet_index,function,src/python/gnumeric/gnumeric_codec.py,codec_io,,,,medium,partial,verify,not_started,ACCEPTED_VERIFIED,
gnumeric,src/python/gnumeric/gnumeric_codec.py,sum_column,function,src/python/gnumeric/gnumeric_codec.py,codec_io,,,,medium,partial,verify,not_started,ACCEPTED_VERIFIED,
gnumeric,src/python/gnumeric/gnumeric_codec.py,fill_column,function,src/python/gnumeric/gnumeric_codec.py,codec_io,,,,medium,partial,verify,not_started,ACCEPTED_VERIFIED,
gnumeric,src/python/gnumeric/gnumeric_codec.py,sum_row,function,src/python/gnumeric/gnumeric_codec.py,codec_io,,,,medium,partial,verify,not_started,ACCEPTED_VERIFIED,
gnumeric,src/python/gnumeric/gnumeric_codec.py,get_all_values,function,src/python/gnumeric/gnumeric_codec.py,codec_io,,,,medium,partial,verify,not_started,ACCEPTED_VERIFIED,
gnumeric,src/python/gnumeric/gnumeric_codec.py,clear_sheet,function,src/python/gnumeric/gnumeric_codec.py,codec_io,,,,medium,partial,verify,not_started,ACCEPTED_VERIFIED,
gnumeric,src/python/gnumeric/gnumeric_codec.py,get_sheet_as_rows,function,src/python/gnumeric/gnumeric_codec.py,codec_io,,,,medium,partial,verify,not_started,ACCEPTED_VERIFIED,
gnumeric,src/python/gnumeric/gnumeric_codec.py,fill_row,function,src/python/gnumeric/gnumeric_codec.py,codec_io,,,,medium,partial,verify,not_started,ACCEPTED_VERIFIED,
gnumeric,src/python/gnumeric/gnumeric_codec.py,sheet_names,function,src/python/gnumeric/gnumeric_codec.py,codec_io,,,,medium,partial,verify,not_started,ACCEPTED_VERIFIED,
gnumeric,src/python/gnumeric/gnumeric_codec.py,row_count,function,src/python/gnumeric/gnumeric_codec.py,codec_io,,,,medium,partial,verify,not_started,ACCEPTED_VERIFIED,
gnumeric,src/python/gnumeric/gnumeric_codec.py,get_row_values,function,src/python/gnumeric/gnumeric_codec.py,codec_io,,,,medium,partial,verify,not_started,ACCEPTED_VERIFIED,
gnumeric,src/python/gnumeric/gnumeric_codec.py,get_column_values,function,src/python/gnumeric/gnumeric_codec.py,codec_io,,,,medium,partial,verify,not_started,ACCEPTED_VERIFIED,
gnumeric,src/python/gnumeric/gnumeric_codec.py,min_column_value,function,src/python/gnumeric/gnumeric_codec.py,codec_io,,,,medium,partial,verify,not_started,ACCEPTED_VERIFIED,
gnumeric,src/python/gnumeric/gnumeric_codec.py,max_column_value,function,src/python/gnumeric/gnumeric_codec.py,codec_io,,,,medium,partial,verify,not_started,ACCEPTED_VERIFIED,
gnumeric,src/python/gnumeric/gnumeric_codec.py,average_column,function,src/python/gnumeric/gnumeric_codec.py,codec_io,,,,medium,partial,verify,not_started,ACCEPTED_VERIFIED,
gnumeric,src/python/gnumeric/gnumeric_codec.py,average_row,function,src/python/gnumeric/gnumeric_codec.py,codec_io,,,,medium,partial,verify,not_started,ACCEPTED_VERIFIED,
gnumeric,src/python/gnumeric/gnumeric_codec.py,correlation_columns,function,src/python/gnumeric/gnumeric_codec.py,codec_io,,,,medium,partial,verify,not_started,ACCEPTED_VERIFIED,
gnumeric,src/python/gnumeric/gnumeric_codec.py,gnumeric_sheet_summary,function,src/python/gnumeric/gnumeric_codec.py,codec_io,,,,medium,partial,verify,not_started,ACCEPTED_VERIFIED,
gnumeric,src/python/gnumeric/gnumeric_codec.py,gnumeric_numeric_cell_count,function,src/python/gnumeric/gnumeric_codec.py,codec_io,,,,medium,partial,verify,not_started,ACCEPTED_VERIFIED,
gnumeric,src/python/gnumeric/gnumeric_codec.py,gnumeric_column_count,function,src/python/gnumeric/gnumeric_codec.py,codec_io,,,,medium,partial,verify,not_started,ACCEPTED_VERIFIED,
gnumeric,src/python/gnumeric/gnumeric_codec.py,gnumeric_row_count_file,function,src/python/gnumeric/gnumeric_codec.py,codec_io,,,,medium,partial,verify,not_started,ACCEPTED_VERIFIED,
gnumeric,src/python/gnumeric/gnumeric_codec.py,gnumeric_column_count_file,function,src/python/gnumeric/gnumeric_codec.py,codec_io,,,,medium,partial,verify,not_started,ACCEPTED_VERIFIED,
gnumeric,src/python/gnumeric/gnumeric_codec.py,gnumeric_cell_count_file,function,src/python/gnumeric/gnumeric_codec.py,codec_io,,,,medium,partial,verify,not_started,ACCEPTED_VERIFIED,
gnumeric,src/python/gnumeric/gnumeric_codec.py,gnumeric_string_cell_count,function,src/python/gnumeric/gnumeric_codec.py,codec_io,,,,medium,partial,verify,not_started,ACCEPTED_VERIFIED,
gnumeric,src/python/gnumeric/gnumeric_codec.py,gnumeric_empty_cell_count,function,src/python/gnumeric/gnumeric_codec.py,codec_io,,,,medium,partial,verify,not_started,ACCEPTED_VERIFIED,
gnumeric,src/python/gnumeric/gnumeric_codec.py,gnumeric_nonempty_cell_count_file,function,src/python/gnumeric/gnumeric_codec.py,codec_io,,,,medium,partial,verify,not_started,ACCEPTED_VERIFIED,
gnumeric,src/python/gnumeric/gnumeric_codec.py,gnumeric_total_cell_count,function,src/python/gnumeric/gnumeric_codec.py,codec_io,,,,medium,partial,verify,not_started,ACCEPTED_VERIFIED,
gnumeric,src/python/gnumeric/gnumeric_codec.py,gnumeric_sheet_count,function,src/python/gnumeric/gnumeric_codec.py,codec_io,,,,medium,partial,verify,not_started,ACCEPTED_VERIFIED,
gnumeric,src/python/gnumeric/gnumeric_codec.py,gnumeric_has_multiple_sheets,function,src/python/gnumeric/gnumeric_codec.py,codec_io,,,,medium,partial,verify,not_started,ACCEPTED_VERIFIED,
gnumeric,src/python/gnumeric/gnumeric_codec.py,gnumeric_average_cells_per_sheet,function,src/python/gnumeric/gnumeric_codec.py,codec_io,,,,medium,partial,verify,not_started,ACCEPTED_VERIFIED,
gnumeric,src/python/gnumeric/gnumeric_codec.py,gnumeric_numeric_density,function,src/python/gnumeric/gnumeric_codec.py,codec_io,,,,medium,partial,verify,not_started,ACCEPTED_VERIFIED,
gnumeric,src/python/gnumeric/gnumeric_codec.py,gnumeric_string_density,function,src/python/gnumeric/gnumeric_codec.py,codec_io,,,,medium,partial,verify,not_started,ACCEPTED_VERIFIED,
gnumeric,src/python/gnumeric/gnumeric_codec.py,gnumeric_max_cell_length,function,src/python/gnumeric/gnumeric_codec.py,codec_io,,,,medium,partial,verify,not_started,ACCEPTED_VERIFIED,
gnumeric,src/python/gnumeric/gnumeric_codec.py,gnumeric_min_cell_length,function,src/python/gnumeric/gnumeric_codec.py,codec_io,,,,medium,partial,verify,not_started,ACCEPTED_VERIFIED,
gnumeric,src/python/gnumeric/gnumeric_codec.py,gnumeric_all_sheets_have_data,function,src/python/gnumeric/gnumeric_codec.py,codec_io,,,,medium,partial,verify,not_started,ACCEPTED_VERIFIED,
gnumeric,src/python/gnumeric/gnumeric_codec.py,gnumeric_has_any_string_cell,function,src/python/gnumeric/gnumeric_codec.py,codec_io,,,,medium,partial,verify,not_started,ACCEPTED_VERIFIED,
gnumeric,src/python/gnumeric/gnumeric_codec.py,gnumeric_cell_count_all_sheets,function,src/python/gnumeric/gnumeric_codec.py,codec_io,,,,medium,partial,verify,not_started,ACCEPTED_VERIFIED,
gnumeric,src/python/gnumeric/gnumeric_codec.py,gnumeric_is_single_sheet,function,src/python/gnumeric/gnumeric_codec.py,codec_io,,,,medium,partial,verify,not_started,ACCEPTED_VERIFIED,
gnumeric,src/python/gnumeric/gnumeric_codec.py,gnumeric_empty_sheet_count,function,src/python/gnumeric/gnumeric_codec.py,codec_io,,,,medium,partial,verify,not_started,ACCEPTED_VERIFIED,
gnumeric,src/python/gnumeric/gnumeric_codec.py,gnumeric_data_density,function,src/python/gnumeric/gnumeric_codec.py,codec_io,,,,medium,partial,verify,not_started,ACCEPTED_VERIFIED,
gnumeric,src/python/gnumeric/gnumeric_codec.py,gnumeric_max_row_count,function,src/python/gnumeric/gnumeric_codec.py,codec_io,,,,medium,partial,verify,not_started,ACCEPTED_VERIFIED,
gnumeric,src/python/gnumeric/gnumeric_codec.py,gnumeric_min_row_count,function,src/python/gnumeric/gnumeric_codec.py,codec_io,,,,medium,partial,verify,not_started,ACCEPTED_VERIFIED,
gnumeric,src/python/gnumeric/gnumeric_codec.py,gnumeric_has_empty_sheets,function,src/python/gnumeric/gnumeric_codec.py,codec_io,,,,medium,partial,verify,not_started,ACCEPTED_VERIFIED,
gnumeric,src/python/gnumeric/gnumeric_codec.py,gnumeric_avg_row_count,function,src/python/gnumeric/gnumeric_codec.py,codec_io,,,,medium,partial,verify,not_started,ACCEPTED_VERIFIED,
gnumeric,src/python/gnumeric/gnumeric_codec.py,gnumeric_nonempty_density,function,src/python/gnumeric/gnumeric_codec.py,codec_io,,,,medium,partial,verify,not_started,ACCEPTED_VERIFIED,
gnumeric,src/python/gnumeric/gnumeric_codec.py,gnumeric_is_empty,function,src/python/gnumeric/gnumeric_codec.py,codec_io,,,,medium,partial,verify,not_started,ACCEPTED_VERIFIED,
gnumeric,src/python/gnumeric/gnumeric_codec.py,gnumeric_max_column_count,function,src/python/gnumeric/gnumeric_codec.py,codec_io,,,,medium,partial,verify,not_started,ACCEPTED_VERIFIED,
gnumeric,src/python/gnumeric/gnumeric_codec.py,gnumeric_total_string_length,function,src/python/gnumeric/gnumeric_codec.py,codec_io,,,,medium,partial,verify,not_started,ACCEPTED_VERIFIED,
gnumeric,src/python/gnumeric/gnumeric_codec.py,gnumeric_avg_cell_length,function,src/python/gnumeric/gnumeric_codec.py,codec_io,,,,medium,partial,verify,not_started,ACCEPTED_VERIFIED,
gnumeric,src/python/gnumeric/gnumeric_codec.py,gnumeric_column_variance,function,src/python/gnumeric/gnumeric_codec.py,codec_io,,,,medium,partial,verify,not_started,ACCEPTED_VERIFIED,
gnumeric,src/python/gnumeric/gnumeric_codec.py,gnumeric_is_rectangular,function,src/python/gnumeric/gnumeric_codec.py,codec_io,,,,medium,partial,verify,not_started,ACCEPTED_VERIFIED,
gnumeric,src/python/gnumeric/gnumeric_codec.py,gnumeric_min_column_count,function,src/python/gnumeric/gnumeric_codec.py,codec_io,,,,medium,partial,verify,not_started,ACCEPTED_VERIFIED,
gnumeric,src/python/gnumeric/gnumeric_codec.py,gnumeric_avg_column_count,function,src/python/gnumeric/gnumeric_codec.py,codec_io,,,,medium,partial,verify,not_started,ACCEPTED_VERIFIED,
gnumeric,src/python/gnumeric/gnumeric_codec.py,gnumeric_has_empty_cells,function,src/python/gnumeric/gnumeric_codec.py,codec_io,,,,medium,partial,verify,not_started,ACCEPTED_VERIFIED,
gnumeric,src/python/gnumeric/gnumeric_codec.py,gnumeric_total_row_count,function,src/python/gnumeric/gnumeric_codec.py,codec_io,,,,medium,partial,verify,not_started,ACCEPTED_VERIFIED,
gnumeric,src/python/gnumeric/gnumeric_codec.py,gnumeric_is_all_numeric,function,src/python/gnumeric/gnumeric_codec.py,codec_io,,,,medium,partial,verify,not_started,ACCEPTED_VERIFIED,
gnumeric,src/python/gnumeric/gnumeric_codec.py,gnumeric_nonempty_cell_ratio,function,src/python/gnumeric/gnumeric_codec.py,codec_io,,,,medium,partial,verify,not_started,ACCEPTED_VERIFIED,
gnumeric,src/python/gnumeric/gnumeric_codec.py,gnumeric_row_count_variance,function,src/python/gnumeric/gnumeric_codec.py,codec_io,,,,medium,partial,verify,not_started,ACCEPTED_VERIFIED,
gnumeric,src/python/gnumeric/gnumeric_codec.py,gnumeric_sheet_name_lengths,function,src/python/gnumeric/gnumeric_codec.py,codec_io,,,,medium,partial,verify,not_started,ACCEPTED_VERIFIED,
gnumeric,src/python/gnumeric/gnumeric_codec.py,gnumeric_max_cell_value_length,function,src/python/gnumeric/gnumeric_codec.py,codec_io,,,,medium,partial,verify,not_started,ACCEPTED_VERIFIED,
gnumeric,src/python/gnumeric/gnumeric_codec.py,gnumeric_is_multi_sheet,function,src/python/gnumeric/gnumeric_codec.py,codec_io,,,,medium,partial,verify,not_started,ACCEPTED_VERIFIED,
gnumeric,src/python/gnumeric/gnumeric_codec.py,gnumeric_avg_numeric_value,function,src/python/gnumeric/gnumeric_codec.py,codec_io,,,,medium,partial,verify,not_started,ACCEPTED_VERIFIED,
gnumeric,src/python/gnumeric/gnumeric_codec.py,gnumeric_nonempty_row_ratio,function,src/python/gnumeric/gnumeric_codec.py,codec_io,,,,medium,partial,verify,not_started,ACCEPTED_VERIFIED,
gnumeric,src/python/gnumeric/gnumeric_codec.py,gnumeric_longest_row_index,function,src/python/gnumeric/gnumeric_codec.py,codec_io,,,,medium,partial,verify,not_started,ACCEPTED_VERIFIED,
gnumeric,src/python/gnumeric/gnumeric_codec.py,gnumeric_numeric_sum_all,function,src/python/gnumeric/gnumeric_codec.py,codec_io,,,,medium,partial,verify,not_started,ACCEPTED_VERIFIED,
gnumeric,src/python/gnumeric/gnumeric_codec.py,gnumeric_empty_column_count,function,src/python/gnumeric/gnumeric_codec.py,codec_io,,,,medium,partial,verify,not_started,ACCEPTED_VERIFIED,
gnumeric,src/python/gnumeric/gnumeric_codec.py,gnumeric_cell_count_variance,function,src/python/gnumeric/gnumeric_codec.py,codec_io,,,,medium,partial,verify,not_started,ACCEPTED_VERIFIED,
gnumeric,src/python/gnumeric/gnumeric_codec.py,gnumeric_max_row_length,function,src/python/gnumeric/gnumeric_codec.py,codec_io,,,,medium,partial,verify,not_started,ACCEPTED_VERIFIED,
gnumeric,src/python/gnumeric/gnumeric_codec.py,gnumeric_cell_to_row_ratio,function,src/python/gnumeric/gnumeric_codec.py,codec_io,,,,medium,partial,verify,not_started,ACCEPTED_VERIFIED,
gnumeric,src/python/gnumeric/gnumeric_codec.py,gnumeric_total_string_length,function,src/python/gnumeric/gnumeric_codec.py,codec_io,,,,medium,partial,verify,not_started,ACCEPTED_VERIFIED,
gnumeric,src/python/gnumeric/spec/__init__.py,,,src/python/gnumeric/spec/__init__.py,spec_element_behavior,,,,low,unknown,no,complete,ACCEPTED_VERIFIED,TC-PH-012: spec class has behavioral methods (migrated 2026-06-22)
gnumeric,src/python/gnumeric/spec/workbook/__init__.py,,,src/python/gnumeric/spec/workbook/__init__.py,spec_element_behavior,,,,low,unknown,no,complete,ACCEPTED_VERIFIED,TC-PH-012: spec class has behavioral methods (migrated 2026-06-22)
gnumeric,src/python/gnumeric/spec/workbook/sheet.py,Sheet,class,src/python/gnumeric/spec/workbook/sheet.py,spec_element_behavior,,,,high,yes,no,complete,ACCEPTED_VERIFIED,
gnumeric,src/python/gnumeric/spec/workbook/workbook.py,Workbook,class,src/python/gnumeric/spec/workbook/workbook.py,spec_element_behavior,,,,high,yes,no,complete,ACCEPTED_VERIFIED,
ndjson,src/python/ndjson/__init__.py,,,src/python/ndjson/__init__.py,codec_io,,,,low,unknown,no,not_needed,ACCEPTED_VERIFIED,
ndjson,src/python/ndjson/Compat/__init__.py,,,src/python/ndjson/Compat/__init__.py,facade_behavior,,,,low,unknown,no,not_needed,ACCEPTED_VERIFIED,
ndjson,src/python/ndjson/Compat/ndjson_field.py,NdjsonField,class,src/python/ndjson/Compat/ndjson_field.py,facade_behavior,,,,high,yes,no,complete,ACCEPTED_VERIFIED,
ndjson,src/python/ndjson/Compat/ndjson_record.py,NdjsonRecord,class,src/python/ndjson/Compat/ndjson_record.py,facade_behavior,,,,high,yes,no,complete,ACCEPTED_VERIFIED,
ndjson,src/python/ndjson/ndjson_codec.py,NdjsonError,class,src/python/ndjson/ndjson_codec.py,codec_io,,,,high,partial,verify,not_started,ACCEPTED_VERIFIED,
ndjson,src/python/ndjson/ndjson_codec.py,NdjsonParseError,class,src/python/ndjson/ndjson_codec.py,codec_io,,,,high,partial,verify,not_started,ACCEPTED_VERIFIED,
ndjson,src/python/ndjson/ndjson_codec.py,probe_ndjson,function,src/python/ndjson/ndjson_codec.py,codec_io,,,,medium,partial,verify,not_started,ACCEPTED_VERIFIED,
ndjson,src/python/ndjson/ndjson_codec.py,load_ndjson,function,src/python/ndjson/ndjson_codec.py,codec_io,,,,medium,partial,verify,not_started,ACCEPTED_VERIFIED,
ndjson,src/python/ndjson/ndjson_codec.py,write_ndjson,function,src/python/ndjson/ndjson_codec.py,codec_io,,,,medium,partial,verify,not_started,ACCEPTED_VERIFIED,
ndjson,src/python/ndjson/ndjson_codec.py,append_record,function,src/python/ndjson/ndjson_codec.py,codec_io,,,,medium,partial,verify,not_started,ACCEPTED_VERIFIED,
ndjson,src/python/ndjson/ndjson_codec.py,filter_records,function,src/python/ndjson/ndjson_codec.py,codec_io,,,,medium,partial,verify,not_started,ACCEPTED_VERIFIED,
ndjson,src/python/ndjson/ndjson_codec.py,get_field_names,function,src/python/ndjson/ndjson_codec.py,codec_io,,,,medium,partial,verify,not_started,ACCEPTED_VERIFIED,
ndjson,src/python/ndjson/ndjson_codec.py,export_to_csv,function,src/python/ndjson/ndjson_codec.py,codec_io,,,,medium,partial,verify,not_started,ACCEPTED_VERIFIED,
ndjson,src/python/ndjson/ndjson_codec.py,_csv_field,function,src/python/ndjson/ndjson_codec.py,codec_io,,,,low,partial,verify,not_started,ACCEPTED_VERIFIED,
ndjson,src/python/ndjson/ndjson_codec.py,get_record_count,function,src/python/ndjson/ndjson_codec.py,codec_io,,,,medium,partial,verify,not_started,ACCEPTED_VERIFIED,
ndjson,src/python/ndjson/ndjson_codec.py,count_records,function,src/python/ndjson/ndjson_codec.py,codec_io,,,,medium,partial,verify,not_started,ACCEPTED_VERIFIED,
ndjson,src/python/ndjson/ndjson_codec.py,validate_schema,function,src/python/ndjson/ndjson_codec.py,codec_io,,,,medium,partial,verify,not_started,ACCEPTED_VERIFIED,
ndjson,src/python/ndjson/ndjson_codec.py,sort_records,function,src/python/ndjson/ndjson_codec.py,codec_io,,,,medium,partial,verify,not_started,ACCEPTED_VERIFIED,
ndjson,src/python/ndjson/ndjson_codec.py,merge_ndjson,function,src/python/ndjson/ndjson_codec.py,codec_io,,,,medium,partial,verify,not_started,ACCEPTED_VERIFIED,
ndjson,src/python/ndjson/ndjson_codec.py,group_by,function,src/python/ndjson/ndjson_codec.py,codec_io,,,,medium,partial,verify,not_started,ACCEPTED_VERIFIED,
ndjson,src/python/ndjson/ndjson_codec.py,deduplicate,function,src/python/ndjson/ndjson_codec.py,codec_io,,,,medium,partial,verify,not_started,ACCEPTED_VERIFIED,
ndjson,src/python/ndjson/ndjson_codec.py,min_value,function,src/python/ndjson/ndjson_codec.py,codec_io,,,,medium,partial,verify,not_started,ACCEPTED_VERIFIED,
ndjson,src/python/ndjson/ndjson_codec.py,zip_records,function,src/python/ndjson/ndjson_codec.py,codec_io,,,,medium,partial,verify,not_started,ACCEPTED_VERIFIED,
ndjson,src/python/ndjson/ndjson_codec.py,count_by,function,src/python/ndjson/ndjson_codec.py,codec_io,,,,medium,partial,verify,not_started,ACCEPTED_VERIFIED,
ndjson,src/python/ndjson/ndjson_codec.py,max_value,function,src/python/ndjson/ndjson_codec.py,codec_io,,,,medium,partial,verify,not_started,ACCEPTED_VERIFIED,
ndjson,src/python/ndjson/ndjson_codec.py,pick,function,src/python/ndjson/ndjson_codec.py,codec_io,,,,medium,partial,verify,not_started,ACCEPTED_VERIFIED,
ndjson,src/python/ndjson/ndjson_codec.py,distinct_values,function,src/python/ndjson/ndjson_codec.py,codec_io,,,,medium,partial,verify,not_started,ACCEPTED_VERIFIED,
ndjson,src/python/ndjson/ndjson_codec.py,sort_by,function,src/python/ndjson/ndjson_codec.py,codec_io,,,,medium,partial,verify,not_started,ACCEPTED_VERIFIED,
ndjson,src/python/ndjson/ndjson_codec.py,aggregate,function,src/python/ndjson/ndjson_codec.py,codec_io,,,,medium,partial,verify,not_started,ACCEPTED_VERIFIED,
ndjson,src/python/ndjson/ndjson_codec.py,to_jsonl_str,function,src/python/ndjson/ndjson_codec.py,codec_io,,,,medium,partial,verify,not_started,ACCEPTED_VERIFIED,
ndjson,src/python/ndjson/ndjson_codec.py,tail,function,src/python/ndjson/ndjson_codec.py,codec_io,,,,medium,partial,verify,not_started,ACCEPTED_VERIFIED,
ndjson,src/python/ndjson/ndjson_codec.py,pluck,function,src/python/ndjson/ndjson_codec.py,codec_io,,,,medium,partial,verify,not_started,ACCEPTED_VERIFIED,
ndjson,src/python/ndjson/ndjson_codec.py,roundtrip,function,src/python/ndjson/ndjson_codec.py,codec_io,,,,medium,partial,verify,not_started,ACCEPTED_VERIFIED,
ndjson,src/python/ndjson/ndjson_codec.py,head,function,src/python/ndjson/ndjson_codec.py,codec_io,,,,medium,partial,verify,not_started,ACCEPTED_VERIFIED,
ndjson,src/python/ndjson/ndjson_codec.py,sum_field,function,src/python/ndjson/ndjson_codec.py,codec_io,,,,medium,partial,verify,not_started,ACCEPTED_VERIFIED,
ndjson,src/python/ndjson/ndjson_codec.py,rename_field,function,src/python/ndjson/ndjson_codec.py,codec_io,,,,medium,partial,verify,not_started,ACCEPTED_VERIFIED,
ndjson,src/python/ndjson/ndjson_codec.py,average_value,function,src/python/ndjson/ndjson_codec.py,codec_io,,,,medium,partial,verify,not_started,ACCEPTED_VERIFIED,
ndjson,src/python/ndjson/ndjson_codec.py,write_csv,function,src/python/ndjson/ndjson_codec.py,codec_io,,,,medium,partial,verify,not_started,ACCEPTED_VERIFIED,
ndjson,src/python/ndjson/ndjson_codec.py,field_stats,function,src/python/ndjson/ndjson_codec.py,codec_io,,,,medium,partial,verify,not_started,ACCEPTED_VERIFIED,
ndjson,src/python/ndjson/ndjson_codec.py,_read_source,function,src/python/ndjson/ndjson_codec.py,codec_io,,,,low,partial,verify,not_started,ACCEPTED_VERIFIED,
ndjson,src/python/ndjson/ndjson_codec.py,flatten_records,function,src/python/ndjson/ndjson_codec.py,codec_io,,,,medium,partial,verify,not_started,ACCEPTED_VERIFIED,
ndjson,src/python/ndjson/ndjson_codec.py,to_tsv,function,src/python/ndjson/ndjson_codec.py,codec_io,,,,medium,partial,verify,not_started,ACCEPTED_VERIFIED,
ndjson,src/python/ndjson/ndjson_codec.py,to_markdown_table,function,src/python/ndjson/ndjson_codec.py,codec_io,,,,medium,partial,verify,not_started,ACCEPTED_VERIFIED,
ndjson,src/python/ndjson/ndjson_codec.py,count_unique_values,function,src/python/ndjson/ndjson_codec.py,codec_io,,,,medium,partial,verify,not_started,ACCEPTED_VERIFIED,
ndjson,src/python/ndjson/ndjson_codec.py,zip_with_index,function,src/python/ndjson/ndjson_codec.py,codec_io,,,,medium,partial,verify,not_started,ACCEPTED_VERIFIED,
ndjson,src/python/ndjson/ndjson_codec.py,omit,function,src/python/ndjson/ndjson_codec.py,codec_io,,,,medium,partial,verify,not_started,ACCEPTED_VERIFIED,
ndjson,src/python/ndjson/ndjson_codec.py,batch_update,function,src/python/ndjson/ndjson_codec.py,codec_io,,,,medium,partial,verify,not_started,ACCEPTED_VERIFIED,
ndjson,src/python/ndjson/ndjson_codec.py,_check_size,function,src/python/ndjson/ndjson_codec.py,codec_io,,,,low,partial,verify,not_started,ACCEPTED_VERIFIED,
ndjson,src/python/ndjson/ndjson_codec.py,ndjson_max_field_count,function,src/python/ndjson/ndjson_codec.py,codec_io,,,,medium,partial,verify,not_started,ACCEPTED_VERIFIED,
ndjson,src/python/ndjson/ndjson_codec.py,ndjson_average_field_count,function,src/python/ndjson/ndjson_codec.py,codec_io,,,,medium,partial,verify,not_started,ACCEPTED_VERIFIED,
ndjson,src/python/ndjson/ndjson_codec.py,ndjson_null_field_count,function,src/python/ndjson/ndjson_codec.py,codec_io,,,,medium,partial,verify,not_started,ACCEPTED_VERIFIED,
ndjson,src/python/ndjson/ndjson_codec.py,ndjson_min_field_count,function,src/python/ndjson/ndjson_codec.py,codec_io,,,,medium,partial,verify,not_started,ACCEPTED_VERIFIED,
ndjson,src/python/ndjson/ndjson_codec.py,ndjson_record_count,function,src/python/ndjson/ndjson_codec.py,codec_io,,,,medium,partial,verify,not_started,ACCEPTED_VERIFIED,
ndjson,src/python/ndjson/ndjson_codec.py,ndjson_field_exists,function,src/python/ndjson/ndjson_codec.py,codec_io,,,,medium,partial,verify,not_started,ACCEPTED_VERIFIED,
ndjson,src/python/ndjson/ndjson_codec.py,ndjson_max_record_size,function,src/python/ndjson/ndjson_codec.py,codec_io,,,,medium,partial,verify,not_started,ACCEPTED_VERIFIED,
ndjson,src/python/ndjson/ndjson_codec.py,ndjson_total_field_count,function,src/python/ndjson/ndjson_codec.py,codec_io,,,,medium,partial,verify,not_started,ACCEPTED_VERIFIED,
ndjson,src/python/ndjson/ndjson_codec.py,ndjson_unique_field_names,function,src/python/ndjson/ndjson_codec.py,codec_io,,,,medium,partial,verify,not_started,ACCEPTED_VERIFIED,
ndjson,src/python/ndjson/ndjson_codec.py,ndjson_nested_field_count,function,src/python/ndjson/ndjson_codec.py,codec_io,,,,medium,partial,verify,not_started,ACCEPTED_VERIFIED,
ndjson,src/python/ndjson/ndjson_codec.py,ndjson_boolean_field_count,function,src/python/ndjson/ndjson_codec.py,codec_io,,,,medium,partial,verify,not_started,ACCEPTED_VERIFIED,
ndjson,src/python/ndjson/ndjson_codec.py,ndjson_has_nested_objects,function,src/python/ndjson/ndjson_codec.py,codec_io,,,,medium,partial,verify,not_started,ACCEPTED_VERIFIED,
ndjson,src/python/ndjson/ndjson_codec.py,ndjson_empty_record_count,function,src/python/ndjson/ndjson_codec.py,codec_io,,,,medium,partial,verify,not_started,ACCEPTED_VERIFIED,
ndjson,src/python/ndjson/ndjson_codec.py,ndjson_numeric_field_count,function,src/python/ndjson/ndjson_codec.py,codec_io,,,,medium,partial,verify,not_started,ACCEPTED_VERIFIED,
ndjson,src/python/ndjson/ndjson_codec.py,ndjson_average_record_size,function,src/python/ndjson/ndjson_codec.py,codec_io,,,,medium,partial,verify,not_started,ACCEPTED_VERIFIED,
ndjson,src/python/ndjson/ndjson_codec.py,ndjson_string_field_count,function,src/python/ndjson/ndjson_codec.py,codec_io,,,,medium,partial,verify,not_started,ACCEPTED_VERIFIED,
ndjson,src/python/ndjson/ndjson_codec.py,ndjson_all_records_nonempty,function,src/python/ndjson/ndjson_codec.py,codec_io,,,,medium,partial,verify,not_started,ACCEPTED_VERIFIED,
ndjson,src/python/ndjson/ndjson_codec.py,ndjson_max_field_name_length,function,src/python/ndjson/ndjson_codec.py,codec_io,,,,medium,partial,verify,not_started,ACCEPTED_VERIFIED,
ndjson,src/python/ndjson/ndjson_codec.py,ndjson_min_field_name_length,function,src/python/ndjson/ndjson_codec.py,codec_io,,,,medium,partial,verify,not_started,ACCEPTED_VERIFIED,
ndjson,src/python/ndjson/ndjson_codec.py,ndjson_field_type_distribution,function,src/python/ndjson/ndjson_codec.py,codec_io,,,,medium,partial,verify,not_started,ACCEPTED_VERIFIED,
ndjson,src/python/ndjson/ndjson_codec.py,ndjson_is_homogeneous,function,src/python/ndjson/ndjson_codec.py,codec_io,,,,medium,partial,verify,not_started,ACCEPTED_VERIFIED,
ndjson,src/python/ndjson/ndjson_codec.py,ndjson_unique_field_count,function,src/python/ndjson/ndjson_codec.py,codec_io,,,,medium,partial,verify,not_started,ACCEPTED_VERIFIED,
ndjson,src/python/ndjson/ndjson_codec.py,ndjson_has_null_fields,function,src/python/ndjson/ndjson_codec.py,codec_io,,,,medium,partial,verify,not_started,ACCEPTED_VERIFIED,
ndjson,src/python/ndjson/ndjson_codec.py,ndjson_max_numeric_value,function,src/python/ndjson/ndjson_codec.py,codec_io,,,,medium,partial,verify,not_started,ACCEPTED_VERIFIED,
ndjson,src/python/ndjson/ndjson_codec.py,ndjson_min_numeric_value,function,src/python/ndjson/ndjson_codec.py,codec_io,,,,medium,partial,verify,not_started,ACCEPTED_VERIFIED,
ndjson,src/python/ndjson/ndjson_codec.py,ndjson_has_string_fields,function,src/python/ndjson/ndjson_codec.py,codec_io,,,,medium,partial,verify,not_started,ACCEPTED_VERIFIED,
ndjson,src/python/ndjson/ndjson_codec.py,ndjson_has_boolean_fields,function,src/python/ndjson/ndjson_codec.py,codec_io,,,,medium,partial,verify,not_started,ACCEPTED_VERIFIED,
ndjson,src/python/ndjson/ndjson_codec.py,ndjson_max_string_length,function,src/python/ndjson/ndjson_codec.py,codec_io,,,,medium,partial,verify,not_started,ACCEPTED_VERIFIED,
ndjson,src/python/ndjson/ndjson_codec.py,ndjson_avg_field_name_length,function,src/python/ndjson/ndjson_codec.py,codec_io,,,,medium,partial,verify,not_started,ACCEPTED_VERIFIED,
ndjson,src/python/ndjson/ndjson_codec.py,ndjson_record_size_variance,function,src/python/ndjson/ndjson_codec.py,codec_io,,,,medium,partial,verify,not_started,ACCEPTED_VERIFIED,
ndjson,src/python/ndjson/ndjson_codec.py,ndjson_is_empty,function,src/python/ndjson/ndjson_codec.py,codec_io,,,,medium,partial,verify,not_started,ACCEPTED_VERIFIED,
ndjson,src/python/ndjson/ndjson_codec.py,ndjson_avg_string_length,function,src/python/ndjson/ndjson_codec.py,codec_io,,,,medium,partial,verify,not_started,ACCEPTED_VERIFIED,
ndjson,src/python/ndjson/ndjson_codec.py,ndjson_list_field_count,function,src/python/ndjson/ndjson_codec.py,codec_io,,,,medium,partial,verify,not_started,ACCEPTED_VERIFIED,
ndjson,src/python/ndjson/ndjson_codec.py,ndjson_field_count_variance,function,src/python/ndjson/ndjson_codec.py,codec_io,,,,medium,partial,verify,not_started,ACCEPTED_VERIFIED,
ndjson,src/python/ndjson/ndjson_codec.py,ndjson_max_nesting_depth,function,src/python/ndjson/ndjson_codec.py,codec_io,,,,medium,partial,verify,not_started,ACCEPTED_VERIFIED,
ndjson,src/python/ndjson/ndjson_codec.py,ndjson_avg_numeric_value,function,src/python/ndjson/ndjson_codec.py,codec_io,,,,medium,partial,verify,not_started,ACCEPTED_VERIFIED,
ndjson,src/python/ndjson/ndjson_codec.py,ndjson_total_string_length,function,src/python/ndjson/ndjson_codec.py,codec_io,,,,medium,partial,verify,not_started,ACCEPTED_VERIFIED,
ndjson,src/python/ndjson/ndjson_codec.py,ndjson_numeric_density,function,src/python/ndjson/ndjson_codec.py,codec_io,,,,medium,partial,verify,not_started,ACCEPTED_VERIFIED,
ndjson,src/python/ndjson/ndjson_codec.py,ndjson_min_record_size,function,src/python/ndjson/ndjson_codec.py,codec_io,,,,medium,partial,verify,not_started,ACCEPTED_VERIFIED,
ndjson,src/python/ndjson/ndjson_codec.py,ndjson_has_numeric_fields,function,src/python/ndjson/ndjson_codec.py,codec_io,,,,medium,partial,verify,not_started,ACCEPTED_VERIFIED,
ndjson,src/python/ndjson/ndjson_codec.py,ndjson_has_lists,function,src/python/ndjson/ndjson_codec.py,codec_io,,,,medium,partial,verify,not_started,ACCEPTED_VERIFIED,
ndjson,src/python/ndjson/ndjson_codec.py,ndjson_schema_consistency,function,src/python/ndjson/ndjson_codec.py,codec_io,,,,medium,partial,verify,not_started,ACCEPTED_VERIFIED,
ndjson,src/python/ndjson/ndjson_codec.py,ndjson_total_numeric_sum,function,src/python/ndjson/ndjson_codec.py,codec_io,,,,medium,partial,verify,not_started,ACCEPTED_VERIFIED,
ndjson,src/python/ndjson/ndjson_codec.py,ndjson_is_single_record,function,src/python/ndjson/ndjson_codec.py,codec_io,,,,medium,partial,verify,not_started,ACCEPTED_VERIFIED,
ndjson,src/python/ndjson/ndjson_codec.py,ndjson_boolean_density,function,src/python/ndjson/ndjson_codec.py,codec_io,,,,medium,partial,verify,not_started,ACCEPTED_VERIFIED,
ndjson,src/python/ndjson/ndjson_codec.py,ndjson_max_field_value_length,function,src/python/ndjson/ndjson_codec.py,codec_io,,,,medium,partial,verify,not_started,ACCEPTED_VERIFIED,
ndjson,src/python/ndjson/ndjson_codec.py,ndjson_string_density,function,src/python/ndjson/ndjson_codec.py,codec_io,,,,medium,partial,verify,not_started,ACCEPTED_VERIFIED,
ndjson,src/python/ndjson/ndjson_codec.py,ndjson_avg_list_length,function,src/python/ndjson/ndjson_codec.py,codec_io,,,,medium,partial,verify,not_started,ACCEPTED_VERIFIED,
ndjson,src/python/ndjson/ndjson_codec.py,ndjson_nested_count,function,src/python/ndjson/ndjson_codec.py,codec_io,,,,medium,partial,verify,not_started,ACCEPTED_VERIFIED,
ndjson,src/python/ndjson/ndjson_codec.py,ndjson_min_record_fields,function,src/python/ndjson/ndjson_codec.py,codec_io,,,,medium,partial,verify,not_started,ACCEPTED_VERIFIED,
ndjson,src/python/ndjson/spec/__init__.py,,,src/python/ndjson/spec/__init__.py,spec_element_behavior,,,,low,unknown,no,complete,ACCEPTED_VERIFIED,TC-PH-012: spec class has behavioral methods (migrated 2026-06-22)
ndjson,src/python/ndjson/spec/record/__init__.py,,,src/python/ndjson/spec/record/__init__.py,spec_element_behavior,,,,low,unknown,no,complete,ACCEPTED_VERIFIED,TC-PH-012: spec class has behavioral methods (migrated 2026-06-22)
ndjson,src/python/ndjson/spec/record/field.py,Field,class,src/python/ndjson/spec/record/field.py,spec_element_behavior,,,,high,yes,no,complete,ACCEPTED_VERIFIED,
ndjson,src/python/ndjson/spec/record/record.py,Record,class,src/python/ndjson/spec/record/record.py,spec_element_behavior,,,,high,yes,no,complete,ACCEPTED_VERIFIED,
ods,src/python/ods/__init__.py,,,src/python/ods/__init__.py,codec_io,,,,low,unknown,no,not_needed,ACCEPTED_VERIFIED,
ods,src/python/ods/Compat/__init__.py,,,src/python/ods/Compat/__init__.py,facade_behavior,,,,low,unknown,no,not_needed,ACCEPTED_VERIFIED,
ods,src/python/ods/Compat/ods_cell.py,OdsCell,class,src/python/ods/Compat/ods_cell.py,facade_behavior,,,,high,yes,no,complete,ACCEPTED_VERIFIED,
ods,src/python/ods/Compat/ods_document.py,OdsDocument,class,src/python/ods/Compat/ods_document.py,facade_behavior,,,,high,yes,no,complete,ACCEPTED_VERIFIED,
ods,src/python/ods/Compat/ods_sheet.py,OdsSheet,class,src/python/ods/Compat/ods_sheet.py,facade_behavior,,,,high,yes,no,complete,ACCEPTED_VERIFIED,
ods,src/python/ods/ods_csv_exporter.py,OdsCsvExportError,class,src/python/ods/ods_csv_exporter.py,codec_io,,,,high,partial,verify,not_started,ACCEPTED_VERIFIED,
ods,src/python/ods/ods_csv_exporter.py,_needs_quoting,function,src/python/ods/ods_csv_exporter.py,codec_io,,,,low,partial,verify,not_started,ACCEPTED_VERIFIED,
ods,src/python/ods/ods_csv_exporter.py,_quote_field,function,src/python/ods/ods_csv_exporter.py,codec_io,,,,low,partial,verify,not_started,ACCEPTED_VERIFIED,
ods,src/python/ods/ods_csv_exporter.py,_cell_to_text,function,src/python/ods/ods_csv_exporter.py,codec_io,,,,low,partial,verify,not_started,ACCEPTED_VERIFIED,
ods,src/python/ods/ods_csv_exporter.py,_trim_trailing_empty,function,src/python/ods/ods_csv_exporter.py,codec_io,,,,low,partial,verify,not_started,ACCEPTED_VERIFIED,
ods,src/python/ods/ods_csv_exporter.py,export_ods_to_csv,function,src/python/ods/ods_csv_exporter.py,codec_io,,,,medium,partial,verify,not_started,ACCEPTED_VERIFIED,
ods,src/python/ods/ods_csv_exporter.py,export_ods_to_csv_file,function,src/python/ods/ods_csv_exporter.py,codec_io,,,,medium,partial,verify,not_started,ACCEPTED_VERIFIED,
ods,src/python/ods/ods_csv_exporter.py,get_csv_export_capabilities,function,src/python/ods/ods_csv_exporter.py,codec_io,,,,medium,partial,verify,not_started,ACCEPTED_VERIFIED,
ods,src/python/ods/ods_parser.py,get_capabilities,function,src/python/ods/ods_parser.py,codec_io,,,,medium,partial,verify,not_started,ACCEPTED_VERIFIED,
ods,src/python/ods/ods_parser.py,OdsError,class,src/python/ods/ods_parser.py,codec_io,,,,high,partial,verify,not_started,ACCEPTED_VERIFIED,
ods,src/python/ods/ods_parser.py,OdsInvalidContainerError,class,src/python/ods/ods_parser.py,codec_io,,,,high,partial,verify,not_started,ACCEPTED_VERIFIED,
ods,src/python/ods/ods_parser.py,OdsSizeError,class,src/python/ods/ods_parser.py,codec_io,,,,high,partial,verify,not_started,ACCEPTED_VERIFIED,
ods,src/python/ods/ods_parser.py,OdsCell,class,src/python/ods/ods_parser.py,codec_io,,,,high,partial,verify,not_started,ACCEPTED_VERIFIED,
ods,src/python/ods/ods_parser.py,OdsRow,class,src/python/ods/ods_parser.py,codec_io,,,,high,partial,verify,not_started,ACCEPTED_VERIFIED,
ods,src/python/ods/ods_parser.py,OdsSheet,class,src/python/ods/ods_parser.py,codec_io,,,,high,partial,verify,not_started,ACCEPTED_VERIFIED,
ods,src/python/ods/ods_parser.py,OdsDocument,class,src/python/ods/ods_parser.py,codec_io,,,,high,partial,verify,not_started,ACCEPTED_VERIFIED,
ods,src/python/ods/ods_parser.py,_check_file_size,function,src/python/ods/ods_parser.py,codec_io,,,,low,partial,verify,not_started,ACCEPTED_VERIFIED,
ods,src/python/ods/ods_parser.py,_validate_container,function,src/python/ods/ods_parser.py,codec_io,,,,low,partial,verify,not_started,ACCEPTED_VERIFIED,
ods,src/python/ods/ods_parser.py,_extract_text,function,src/python/ods/ods_parser.py,codec_io,,,,low,partial,verify,not_started,ACCEPTED_VERIFIED,
ods,src/python/ods/ods_parser.py,_parse_cell,function,src/python/ods/ods_parser.py,codec_io,,,,low,partial,verify,not_started,ACCEPTED_VERIFIED,
ods,src/python/ods/ods_parser.py,_parse_content_xml,function,src/python/ods/ods_parser.py,codec_io,,,,low,partial,verify,not_started,ACCEPTED_VERIFIED,
ods,src/python/ods/ods_parser.py,parse_ods_strict,function,src/python/ods/ods_parser.py,codec_io,,,,medium,partial,verify,not_started,ACCEPTED_VERIFIED,
ods,src/python/ods/ods_parser.py,parse_ods,function,src/python/ods/ods_parser.py,codec_io,,,,medium,partial,verify,not_started,ACCEPTED_VERIFIED,
ods,src/python/ods/ods_parser.py,probe_ods,function,src/python/ods/ods_parser.py,codec_io,,,,medium,partial,verify,not_started,ACCEPTED_VERIFIED,
ods,src/python/ods/ods_parser.py,get_cell_value,function,src/python/ods/ods_parser.py,codec_io,,,,medium,partial,verify,not_started,ACCEPTED_VERIFIED,
ods,src/python/ods/ods_parser.py,get_sheet_names,function,src/python/ods/ods_parser.py,codec_io,,,,medium,partial,verify,not_started,ACCEPTED_VERIFIED,
ods,src/python/ods/ods_parser.py,get_row_count,function,src/python/ods/ods_parser.py,codec_io,,,,medium,partial,verify,not_started,ACCEPTED_VERIFIED,
ods,src/python/ods/ods_parser.py,get_column_count,function,src/python/ods/ods_parser.py,codec_io,,,,medium,partial,verify,not_started,ACCEPTED_VERIFIED,
ods,src/python/ods/ods_parser.py,get_row_values,function,src/python/ods/ods_parser.py,codec_io,,,,medium,partial,verify,not_started,ACCEPTED_VERIFIED,
ods,src/python/ods/ods_parser.py,count_sheets,function,src/python/ods/ods_parser.py,codec_io,,,,medium,partial,verify,not_started,ACCEPTED_VERIFIED,
ods,src/python/ods/ods_parser.py,get_all_values,function,src/python/ods/ods_parser.py,codec_io,,,,medium,partial,verify,not_started,ACCEPTED_VERIFIED,
ods,src/python/ods/ods_parser.py,get_cell_count,function,src/python/ods/ods_parser.py,codec_io,,,,medium,partial,verify,not_started,ACCEPTED_VERIFIED,
ods,src/python/ods/ods_parser.py,ods_to_csv,function,src/python/ods/ods_parser.py,codec_io,,,,medium,partial,verify,not_started,ACCEPTED_VERIFIED,
ods,src/python/ods/ods_parser.py,sum_column,function,src/python/ods/ods_parser.py,codec_io,,,,medium,partial,verify,not_started,ACCEPTED_VERIFIED,
ods,src/python/ods/ods_parser.py,filter_rows_by_value,function,src/python/ods/ods_parser.py,codec_io,,,,medium,partial,verify,not_started,ACCEPTED_VERIFIED,
ods,src/python/ods/ods_parser.py,get_column_values,function,src/python/ods/ods_parser.py,codec_io,,,,medium,partial,verify,not_started,ACCEPTED_VERIFIED,
ods,src/python/ods/ods_parser.py,average_column,function,src/python/ods/ods_parser.py,codec_io,,,,medium,partial,verify,not_started,ACCEPTED_VERIFIED,
ods,src/python/ods/ods_parser.py,max_column_value,function,src/python/ods/ods_parser.py,codec_io,,,,medium,partial,verify,not_started,ACCEPTED_VERIFIED,
ods,src/python/ods/ods_parser.py,min_column_value,function,src/python/ods/ods_parser.py,codec_io,,,,medium,partial,verify,not_started,ACCEPTED_VERIFIED,
ods,src/python/ods/ods_parser.py,ods_to_html,function,src/python/ods/ods_parser.py,codec_io,,,,medium,partial,verify,not_started,ACCEPTED_VERIFIED,
ods,src/python/ods/ods_parser.py,get_sheet_as_dict_list,function,src/python/ods/ods_parser.py,codec_io,,,,medium,partial,verify,not_started,ACCEPTED_VERIFIED,
ods,src/python/ods/ods_parser.py,count_nonempty_cells,function,src/python/ods/ods_parser.py,codec_io,,,,medium,partial,verify,not_started,ACCEPTED_VERIFIED,
ods,src/python/ods/ods_parser.py,count_distinct_values,function,src/python/ods/ods_parser.py,codec_io,,,,medium,partial,verify,not_started,ACCEPTED_VERIFIED,
ods,src/python/ods/ods_parser.py,sum_row,function,src/python/ods/ods_parser.py,codec_io,,,,medium,partial,verify,not_started,ACCEPTED_VERIFIED,
ods,src/python/ods/ods_parser.py,ods_max_row_length,function,src/python/ods/ods_parser.py,codec_io,,,,medium,partial,verify,not_started,ACCEPTED_VERIFIED,
ods,src/python/ods/ods_parser.py,ods_numeric_cell_count,function,src/python/ods/ods_parser.py,codec_io,,,,medium,partial,verify,not_started,ACCEPTED_VERIFIED,
ods,src/python/ods/ods_parser.py,ods_string_cell_count,function,src/python/ods/ods_parser.py,codec_io,,,,medium,partial,verify,not_started,ACCEPTED_VERIFIED,
ods,src/python/ods/ods_parser.py,ods_row_count,function,src/python/ods/ods_parser.py,codec_io,,,,medium,partial,verify,not_started,ACCEPTED_VERIFIED,
ods,src/python/ods/ods_parser.py,ods_empty_cell_count,function,src/python/ods/ods_parser.py,codec_io,,,,medium,partial,verify,not_started,ACCEPTED_VERIFIED,
ods,src/python/ods/ods_parser.py,ods_column_count,function,src/python/ods/ods_parser.py,codec_io,,,,medium,partial,verify,not_started,ACCEPTED_VERIFIED,
ods,src/python/ods/ods_parser.py,ods_empty_row_count,function,src/python/ods/ods_parser.py,codec_io,,,,medium,partial,verify,not_started,ACCEPTED_VERIFIED,
ods,src/python/ods/ods_parser.py,ods_total_cell_count,function,src/python/ods/ods_parser.py,codec_io,,,,medium,partial,verify,not_started,ACCEPTED_VERIFIED,
ods,src/python/ods/ods_parser.py,ods_sheet_count,function,src/python/ods/ods_parser.py,codec_io,,,,medium,partial,verify,not_started,ACCEPTED_VERIFIED,
ods,src/python/ods/ods_parser.py,ods_has_merged_cells,function,src/python/ods/ods_parser.py,codec_io,,,,medium,partial,verify,not_started,ACCEPTED_VERIFIED,
ods,src/python/ods/ods_parser.py,ods_numeric_density,function,src/python/ods/ods_parser.py,codec_io,,,,medium,partial,verify,not_started,ACCEPTED_VERIFIED,
ods,src/python/ods/ods_parser.py,ods_average_cells_per_row,function,src/python/ods/ods_parser.py,codec_io,,,,medium,partial,verify,not_started,ACCEPTED_VERIFIED,
ods,src/python/ods/ods_parser.py,ods_has_empty_rows,function,src/python/ods/ods_parser.py,codec_io,,,,medium,partial,verify,not_started,ACCEPTED_VERIFIED,
ods,src/python/ods/ods_parser.py,ods_merged_cell_count,function,src/python/ods/ods_parser.py,codec_io,,,,medium,partial,verify,not_started,ACCEPTED_VERIFIED,
ods,src/python/ods/ods_parser.py,ods_avg_cells_per_sheet,function,src/python/ods/ods_parser.py,codec_io,,,,medium,partial,verify,not_started,ACCEPTED_VERIFIED,
ods,src/python/ods/ods_parser.py,ods_data_density,function,src/python/ods/ods_parser.py,codec_io,,,,medium,partial,verify,not_started,ACCEPTED_VERIFIED,
ods,src/python/ods/ods_parser.py,ods_max_cell_value_length,function,src/python/ods/ods_parser.py,codec_io,,,,medium,partial,verify,not_started,ACCEPTED_VERIFIED,
ods,src/python/ods/ods_parser.py,ods_min_cell_value_length,function,src/python/ods/ods_parser.py,codec_io,,,,medium,partial,verify,not_started,ACCEPTED_VERIFIED,
ods,src/python/ods/ods_parser.py,ods_all_sheets_have_data,function,src/python/ods/ods_parser.py,codec_io,,,,medium,partial,verify,not_started,ACCEPTED_VERIFIED,
ods,src/python/ods/ods_parser.py,ods_is_single_sheet,function,src/python/ods/ods_parser.py,codec_io,,,,medium,partial,verify,not_started,ACCEPTED_VERIFIED,
ods,src/python/ods/ods_parser.py,ods_string_density,function,src/python/ods/ods_parser.py,codec_io,,,,medium,partial,verify,not_started,ACCEPTED_VERIFIED,
ods,src/python/ods/ods_parser.py,ods_max_numeric_value,function,src/python/ods/ods_parser.py,codec_io,,,,medium,partial,verify,not_started,ACCEPTED_VERIFIED,
ods,src/python/ods/ods_parser.py,ods_has_string_cells,function,src/python/ods/ods_parser.py,codec_io,,,,medium,partial,verify,not_started,ACCEPTED_VERIFIED,
ods,src/python/ods/ods_parser.py,ods_min_numeric_value,function,src/python/ods/ods_parser.py,codec_io,,,,medium,partial,verify,not_started,ACCEPTED_VERIFIED,
ods,src/python/ods/ods_parser.py,ods_has_numeric_cells,function,src/python/ods/ods_parser.py,codec_io,,,,medium,partial,verify,not_started,ACCEPTED_VERIFIED,
ods,src/python/ods/ods_parser.py,ods_nonempty_row_count,function,src/python/ods/ods_parser.py,codec_io,,,,medium,partial,verify,not_started,ACCEPTED_VERIFIED,
ods,src/python/ods/ods_parser.py,ods_is_empty,function,src/python/ods/ods_parser.py,codec_io,,,,medium,partial,verify,not_started,ACCEPTED_VERIFIED,
ods,src/python/ods/ods_parser.py,ods_is_single_row,function,src/python/ods/ods_parser.py,codec_io,,,,medium,partial,verify,not_started,ACCEPTED_VERIFIED,
ods,src/python/ods/ods_parser.py,ods_avg_row_length,function,src/python/ods/ods_parser.py,codec_io,,,,medium,partial,verify,not_started,ACCEPTED_VERIFIED,
ods,src/python/ods/ods_parser.py,ods_nonempty_cell_count,function,src/python/ods/ods_parser.py,codec_io,,,,medium,partial,verify,not_started,ACCEPTED_VERIFIED,
ods,src/python/ods/ods_parser.py,ods_cell_value_variance,function,src/python/ods/ods_parser.py,codec_io,,,,medium,partial,verify,not_started,ACCEPTED_VERIFIED,
ods,src/python/ods/ods_parser.py,ods_column_value_variance,function,src/python/ods/ods_parser.py,codec_io,,,,medium,partial,verify,not_started,ACCEPTED_VERIFIED,
ods,src/python/ods/ods_parser.py,ods_has_formulas,function,src/python/ods/ods_parser.py,codec_io,,,,medium,partial,verify,not_started,ACCEPTED_VERIFIED,
ods,src/python/ods/ods_parser.py,ods_row_value_variance,function,src/python/ods/ods_parser.py,codec_io,,,,medium,partial,verify,not_started,ACCEPTED_VERIFIED,
ods,src/python/ods/ods_parser.py,ods_is_multi_sheet,function,src/python/ods/ods_parser.py,codec_io,,,,medium,partial,verify,not_started,ACCEPTED_VERIFIED,
ods,src/python/ods/ods_parser.py,ods_is_single_cell,function,src/python/ods/ods_parser.py,codec_io,,,,medium,partial,verify,not_started,ACCEPTED_VERIFIED,
ods,src/python/ods/ods_parser.py,ods_max_sheet_row_count,function,src/python/ods/ods_parser.py,codec_io,,,,medium,partial,verify,not_started,ACCEPTED_VERIFIED,
ods,src/python/ods/ods_parser.py,ods_is_rectangular,function,src/python/ods/ods_parser.py,codec_io,,,,medium,partial,verify,not_started,ACCEPTED_VERIFIED,
ods,src/python/ods/ods_parser.py,ods_total_string_length,function,src/python/ods/ods_parser.py,codec_io,,,,medium,partial,verify,not_started,ACCEPTED_VERIFIED,
ods,src/python/ods/ods_parser.py,ods_is_all_numeric,function,src/python/ods/ods_parser.py,codec_io,,,,medium,partial,verify,not_started,ACCEPTED_VERIFIED,
ods,src/python/ods/ods_parser.py,ods_empty_sheet_count,function,src/python/ods/ods_parser.py,codec_io,,,,medium,partial,verify,not_started,ACCEPTED_VERIFIED,
ods,src/python/ods/ods_parser.py,ods_numeric_sum,function,src/python/ods/ods_parser.py,codec_io,,,,medium,partial,verify,not_started,ACCEPTED_VERIFIED,
ods,src/python/ods/ods_parser.py,ods_min_row_length,function,src/python/ods/ods_parser.py,codec_io,,,,medium,partial,verify,not_started,ACCEPTED_VERIFIED,
ods,src/python/ods/ods_parser.py,ods_avg_numeric_value,function,src/python/ods/ods_parser.py,codec_io,,,,medium,partial,verify,not_started,ACCEPTED_VERIFIED,
ods,src/python/ods/ods_parser.py,ods_nonempty_row_ratio,function,src/python/ods/ods_parser.py,codec_io,,,,medium,partial,verify,not_started,ACCEPTED_VERIFIED,
ods,src/python/ods/ods_parser.py,ods_longest_row_index,function,src/python/ods/ods_parser.py,codec_io,,,,medium,partial,verify,not_started,ACCEPTED_VERIFIED,
ods,src/python/ods/ods_parser.py,ods_numeric_sum_all,function,src/python/ods/ods_parser.py,codec_io,,,,medium,partial,verify,not_started,ACCEPTED_VERIFIED,
ods,src/python/ods/ods_parser.py,ods_empty_column_count,function,src/python/ods/ods_parser.py,codec_io,,,,medium,partial,verify,not_started,ACCEPTED_VERIFIED,
ods,src/python/ods/ods_parser.py,ods_max_numeric_sum,function,src/python/ods/ods_parser.py,codec_io,,,,medium,partial,verify,not_started,ACCEPTED_VERIFIED,
ods,src/python/ods/ods_parser.py,ods_cell_density,function,src/python/ods/ods_parser.py,codec_io,,,,medium,partial,verify,not_started,ACCEPTED_VERIFIED,
ods,src/python/ods/ods_parser.py,ods_numeric_ratio,function,src/python/ods/ods_parser.py,codec_io,,,,medium,partial,verify,not_started,ACCEPTED_VERIFIED,
ods,src/python/ods/ods_parser.py,ods_is_square,function,src/python/ods/ods_parser.py,codec_io,,,,medium,partial,verify,not_started,ACCEPTED_VERIFIED,
ods,src/python/ods/ods_parser.py,ods_numeric_column_count,function,src/python/ods/ods_parser.py,codec_io,,,,medium,partial,verify,not_started,ACCEPTED_VERIFIED,
ods,src/python/ods/ods_parser.py,ods_row_cell_variance,function,src/python/ods/ods_parser.py,codec_io,,,,medium,partial,verify,not_started,ACCEPTED_VERIFIED,
ods,src/python/ods/ods_stats.py,spreadsheet_stats,function,src/python/ods/ods_stats.py,codec_io,,,,medium,partial,verify,not_started,ACCEPTED_VERIFIED,
ods,src/python/ods/ods_stats.py,sheet_name_order,function,src/python/ods/ods_stats.py,codec_io,,,,medium,partial,verify,not_started,ACCEPTED_VERIFIED,
ods,src/python/ods/ods_stats.py,ods_cell_type_distribution,function,src/python/ods/ods_stats.py,codec_io,,,,medium,partial,verify,not_started,ACCEPTED_VERIFIED,
ods,src/python/ods/ods_stats.py,ods_sheet_name_list,function,src/python/ods/ods_stats.py,codec_io,,,,medium,partial,verify,not_started,ACCEPTED_VERIFIED,
ods,src/python/ods/ods_stats.py,ods_formula_cell_count,function,src/python/ods/ods_stats.py,codec_io,,,,medium,partial,verify,not_started,ACCEPTED_VERIFIED,
ods,src/python/ods/ods_stats.py,ods_data_validation_count,function,src/python/ods/ods_stats.py,codec_io,,,,medium,partial,verify,not_started,ACCEPTED_VERIFIED,
ods,src/python/ods/ods_writer.py,_cell_to_xml,function,src/python/ods/ods_writer.py,codec_io,,,,low,partial,verify,not_started,ACCEPTED_VERIFIED,
ods,src/python/ods/ods_writer.py,_build_content_xml,function,src/python/ods/ods_writer.py,codec_io,,,,low,partial,verify,not_started,ACCEPTED_VERIFIED,
ods,src/python/ods/ods_writer.py,document_to_ods_bytes,function,src/python/ods/ods_writer.py,codec_io,,,,medium,partial,verify,not_started,ACCEPTED_VERIFIED,
ods,src/python/ods/ods_writer.py,write_ods,function,src/python/ods/ods_writer.py,codec_io,,,,medium,partial,verify,not_started,ACCEPTED_VERIFIED,
ods,src/python/ods/ods_writer.py,set_cell_value,function,src/python/ods/ods_writer.py,codec_io,,,,medium,partial,verify,not_started,ACCEPTED_VERIFIED,
ods,src/python/ods/ods_writer.py,add_sheet,function,src/python/ods/ods_writer.py,codec_io,,,,medium,partial,verify,not_started,ACCEPTED_VERIFIED,
ods,src/python/ods/ods_writer.py,remove_sheet,function,src/python/ods/ods_writer.py,codec_io,,,,medium,partial,verify,not_started,ACCEPTED_VERIFIED,
ods,src/python/ods/ods_writer.py,rename_sheet,function,src/python/ods/ods_writer.py,codec_io,,,,medium,partial,verify,not_started,ACCEPTED_VERIFIED,
ods,src/python/ods/ods_writer.py,add_row,function,src/python/ods/ods_writer.py,codec_io,,,,medium,partial,verify,not_started,ACCEPTED_VERIFIED,
ods,src/python/ods/ods_writer.py,delete_row,function,src/python/ods/ods_writer.py,codec_io,,,,medium,partial,verify,not_started,ACCEPTED_VERIFIED,
ods,src/python/ods/spec/__init__.py,,,src/python/ods/spec/__init__.py,spec_element_behavior,,,,low,unknown,no,complete,ACCEPTED_VERIFIED,TC-PH-012: spec class has behavioral methods (migrated 2026-06-22)
ods,src/python/ods/spec/office/__init__.py,,,src/python/ods/spec/office/__init__.py,spec_element_behavior,,,,low,unknown,no,complete,ACCEPTED_VERIFIED,TC-PH-012: spec class has behavioral methods (migrated 2026-06-22)
ods,src/python/ods/spec/office/document.py,Document,class,src/python/ods/spec/office/document.py,spec_element_behavior,,,,high,yes,no,complete,ACCEPTED_VERIFIED,
ods,src/python/ods/spec/table/__init__.py,,,src/python/ods/spec/table/__init__.py,spec_element_behavior,,,,low,unknown,no,complete,ACCEPTED_VERIFIED,TC-PH-012: spec class has behavioral methods (migrated 2026-06-22)
ods,src/python/ods/spec/table/table.py,Table,class,src/python/ods/spec/table/table.py,spec_element_behavior,,,,high,yes,no,complete,ACCEPTED_VERIFIED,
ods,src/python/ods/spec/table/table_cell.py,TableCell,class,src/python/ods/spec/table/table_cell.py,spec_element_behavior,,,,high,yes,no,complete,ACCEPTED_VERIFIED,
ods,src/python/ods/spec/table/table_row.py,TableRow,class,src/python/ods/spec/table/table_row.py,spec_element_behavior,,,,high,yes,no,complete,ACCEPTED_VERIFIED,
odt,src/python/odt/__init__.py,,,src/python/odt/__init__.py,codec_io,,,,low,unknown,no,not_needed,ACCEPTED_VERIFIED,
odt,src/python/odt/Compat/__init__.py,,,src/python/odt/Compat/__init__.py,facade_behavior,,,,low,unknown,no,not_needed,ACCEPTED_VERIFIED,
odt,src/python/odt/Compat/odt_document.py,OdtDocument,class,src/python/odt/Compat/odt_document.py,facade_behavior,,,,high,yes,no,complete,ACCEPTED_VERIFIED,
odt,src/python/odt/Compat/odt_heading.py,OdtHeading,class,src/python/odt/Compat/odt_heading.py,facade_behavior,,,,high,yes,no,complete,ACCEPTED_VERIFIED,
odt,src/python/odt/Compat/odt_paragraph.py,OdtParagraph,class,src/python/odt/Compat/odt_paragraph.py,facade_behavior,,,,high,yes,no,complete,ACCEPTED_VERIFIED,
odt,src/python/odt/odt_parser.py,get_capabilities,function,src/python/odt/odt_parser.py,codec_io,,,,medium,partial,verify,not_started,ACCEPTED_VERIFIED,
odt,src/python/odt/odt_parser.py,OdtError,class,src/python/odt/odt_parser.py,codec_io,,,,high,partial,verify,not_started,ACCEPTED_VERIFIED,
odt,src/python/odt/odt_parser.py,OdtInvalidContainerError,class,src/python/odt/odt_parser.py,codec_io,,,,high,partial,verify,not_started,ACCEPTED_VERIFIED,
odt,src/python/odt/odt_parser.py,OdtSizeError,class,src/python/odt/odt_parser.py,codec_io,,,,high,partial,verify,not_started,ACCEPTED_VERIFIED,
odt,src/python/odt/odt_parser.py,OdtParagraph,class,src/python/odt/odt_parser.py,codec_io,,,,high,partial,verify,not_started,ACCEPTED_VERIFIED,
odt,src/python/odt/odt_parser.py,OdtHeading,class,src/python/odt/odt_parser.py,codec_io,,,,high,partial,verify,not_started,ACCEPTED_VERIFIED,
odt,src/python/odt/odt_parser.py,OdtListItem,class,src/python/odt/odt_parser.py,codec_io,,,,high,partial,verify,not_started,ACCEPTED_VERIFIED,
odt,src/python/odt/odt_parser.py,OdtDocument,class,src/python/odt/odt_parser.py,codec_io,,,,high,partial,verify,not_started,ACCEPTED_VERIFIED,
odt,src/python/odt/odt_parser.py,_check_file_size,function,src/python/odt/odt_parser.py,codec_io,,,,low,partial,verify,not_started,ACCEPTED_VERIFIED,
odt,src/python/odt/odt_parser.py,_validate_container,function,src/python/odt/odt_parser.py,codec_io,,,,low,partial,verify,not_started,ACCEPTED_VERIFIED,
odt,src/python/odt/odt_parser.py,_parse_content_xml,function,src/python/odt/odt_parser.py,codec_io,,,,low,partial,verify,not_started,ACCEPTED_VERIFIED,
odt,src/python/odt/odt_parser.py,parse_odt_strict,function,src/python/odt/odt_parser.py,codec_io,,,,medium,partial,verify,not_started,ACCEPTED_VERIFIED,
odt,src/python/odt/odt_parser.py,parse_odt,function,src/python/odt/odt_parser.py,codec_io,,,,medium,partial,verify,not_started,ACCEPTED_VERIFIED,
odt,src/python/odt/odt_parser.py,probe_odt,function,src/python/odt/odt_parser.py,codec_io,,,,medium,partial,verify,not_started,ACCEPTED_VERIFIED,
odt,src/python/odt/odt_parser.py,odt_word_count,function,src/python/odt/odt_parser.py,codec_io,,,,medium,partial,verify,not_started,ACCEPTED_VERIFIED,
odt,src/python/odt/odt_parser.py,odt_heading_count,function,src/python/odt/odt_parser.py,codec_io,,,,medium,partial,verify,not_started,ACCEPTED_VERIFIED,
odt,src/python/odt/odt_parser.py,odt_paragraph_count,function,src/python/odt/odt_parser.py,codec_io,,,,medium,partial,verify,not_started,ACCEPTED_VERIFIED,
odt,src/python/odt/odt_parser.py,odt_char_count,function,src/python/odt/odt_parser.py,codec_io,,,,medium,partial,verify,not_started,ACCEPTED_VERIFIED,
odt,src/python/odt/odt_parser.py,odt_list_count,function,src/python/odt/odt_parser.py,codec_io,,,,medium,partial,verify,not_started,ACCEPTED_VERIFIED,
odt,src/python/odt/odt_parser.py,odt_table_count,function,src/python/odt/odt_parser.py,codec_io,,,,medium,partial,verify,not_started,ACCEPTED_VERIFIED,
odt,src/python/odt/odt_parser.py,odt_sentence_count,function,src/python/odt/odt_parser.py,codec_io,,,,medium,partial,verify,not_started,ACCEPTED_VERIFIED,
odt,src/python/odt/odt_parser.py,odt_average_word_length,function,src/python/odt/odt_parser.py,codec_io,,,,medium,partial,verify,not_started,ACCEPTED_VERIFIED,
odt,src/python/odt/odt_parser.py,odt_unique_word_count,function,src/python/odt/odt_parser.py,codec_io,,,,medium,partial,verify,not_started,ACCEPTED_VERIFIED,
odt,src/python/odt/odt_parser.py,odt_longest_paragraph,function,src/python/odt/odt_parser.py,codec_io,,,,medium,partial,verify,not_started,ACCEPTED_VERIFIED,
odt,src/python/odt/odt_parser.py,odt_has_tables,function,src/python/odt/odt_parser.py,codec_io,,,,medium,partial,verify,not_started,ACCEPTED_VERIFIED,
odt,src/python/odt/odt_parser.py,odt_avg_paragraph_length,function,src/python/odt/odt_parser.py,codec_io,,,,medium,partial,verify,not_started,ACCEPTED_VERIFIED,
odt,src/python/odt/odt_parser.py,odt_words_per_sentence,function,src/python/odt/odt_parser.py,codec_io,,,,medium,partial,verify,not_started,ACCEPTED_VERIFIED,
odt,src/python/odt/odt_parser.py,odt_vocabulary_richness,function,src/python/odt/odt_parser.py,codec_io,,,,medium,partial,verify,not_started,ACCEPTED_VERIFIED,
odt,src/python/odt/odt_parser.py,odt_chars_per_word,function,src/python/odt/odt_parser.py,codec_io,,,,medium,partial,verify,not_started,ACCEPTED_VERIFIED,
odt,src/python/odt/odt_parser.py,odt_has_headings,function,src/python/odt/odt_parser.py,codec_io,,,,medium,partial,verify,not_started,ACCEPTED_VERIFIED,
odt,src/python/odt/odt_parser.py,odt_max_paragraph_length,function,src/python/odt/odt_parser.py,codec_io,,,,medium,partial,verify,not_started,ACCEPTED_VERIFIED,
odt,src/python/odt/odt_parser.py,odt_min_paragraph_length,function,src/python/odt/odt_parser.py,codec_io,,,,medium,partial,verify,not_started,ACCEPTED_VERIFIED,
odt,src/python/odt/odt_parser.py,odt_heading_to_paragraph_ratio,function,src/python/odt/odt_parser.py,codec_io,,,,medium,partial,verify,not_started,ACCEPTED_VERIFIED,
odt,src/python/odt/odt_parser.py,odt_total_elements,function,src/python/odt/odt_parser.py,codec_io,,,,medium,partial,verify,not_started,ACCEPTED_VERIFIED,
odt,src/python/odt/odt_parser.py,odt_is_empty,function,src/python/odt/odt_parser.py,codec_io,,,,medium,partial,verify,not_started,ACCEPTED_VERIFIED,
odt,src/python/odt/odt_parser.py,odt_shortest_word,function,src/python/odt/odt_parser.py,codec_io,,,,medium,partial,verify,not_started,ACCEPTED_VERIFIED,
odt,src/python/odt/odt_parser.py,odt_paragraph_density,function,src/python/odt/odt_parser.py,codec_io,,,,medium,partial,verify,not_started,ACCEPTED_VERIFIED,
odt,src/python/odt/odt_parser.py,odt_heading_density,function,src/python/odt/odt_parser.py,codec_io,,,,medium,partial,verify,not_started,ACCEPTED_VERIFIED,
odt,src/python/odt/odt_parser.py,odt_longest_word,function,src/python/odt/odt_parser.py,codec_io,,,,medium,partial,verify,not_started,ACCEPTED_VERIFIED,
odt,src/python/odt/odt_parser.py,odt_list_to_paragraph_ratio,function,src/python/odt/odt_parser.py,codec_io,,,,medium,partial,verify,not_started,ACCEPTED_VERIFIED,
odt,src/python/odt/odt_parser.py,odt_has_lists,function,src/python/odt/odt_parser.py,codec_io,,,,medium,partial,verify,not_started,ACCEPTED_VERIFIED,
odt,src/python/odt/odt_parser.py,odt_has_unicode,function,src/python/odt/odt_parser.py,codec_io,,,,medium,partial,verify,not_started,ACCEPTED_VERIFIED,
odt,src/python/odt/odt_parser.py,odt_max_words_per_paragraph,function,src/python/odt/odt_parser.py,codec_io,,,,medium,partial,verify,not_started,ACCEPTED_VERIFIED,
odt,src/python/odt/odt_parser.py,odt_min_words_per_paragraph,function,src/python/odt/odt_parser.py,codec_io,,,,medium,partial,verify,not_started,ACCEPTED_VERIFIED,
odt,src/python/odt/odt_parser.py,odt_word_density,function,src/python/odt/odt_parser.py,codec_io,,,,medium,partial,verify,not_started,ACCEPTED_VERIFIED,
odt,src/python/odt/odt_parser.py,odt_sentence_density,function,src/python/odt/odt_parser.py,codec_io,,,,medium,partial,verify,not_started,ACCEPTED_VERIFIED,
odt,src/python/odt/odt_parser.py,odt_table_density,function,src/python/odt/odt_parser.py,codec_io,,,,medium,partial,verify,not_started,ACCEPTED_VERIFIED,
odt,src/python/odt/odt_parser.py,odt_nonempty_paragraph_count,function,src/python/odt/odt_parser.py,codec_io,,,,medium,partial,verify,not_started,ACCEPTED_VERIFIED,
odt,src/python/odt/odt_parser.py,odt_char_density,function,src/python/odt/odt_parser.py,codec_io,,,,medium,partial,verify,not_started,ACCEPTED_VERIFIED,
odt,src/python/odt/odt_parser.py,odt_empty_paragraph_count,function,src/python/odt/odt_parser.py,codec_io,,,,medium,partial,verify,not_started,ACCEPTED_VERIFIED,
odt,src/python/odt/odt_parser.py,odt_words_per_heading,function,src/python/odt/odt_parser.py,codec_io,,,,medium,partial,verify,not_started,ACCEPTED_VERIFIED,
odt,src/python/odt/odt_parser.py,odt_avg_words_per_sentence,function,src/python/odt/odt_parser.py,codec_io,,,,medium,partial,verify,not_started,ACCEPTED_VERIFIED,
odt,src/python/odt/odt_parser.py,odt_shortest_paragraph_length,function,src/python/odt/odt_parser.py,codec_io,,,,medium,partial,verify,not_started,ACCEPTED_VERIFIED,
odt,src/python/odt/odt_parser.py,odt_max_paragraph_length,function,src/python/odt/odt_parser.py,codec_io,,,,medium,partial,verify,not_started,ACCEPTED_VERIFIED,
odt,src/python/odt/odt_parser.py,odt_avg_chars_per_paragraph,function,src/python/odt/odt_parser.py,codec_io,,,,medium,partial,verify,not_started,ACCEPTED_VERIFIED,
odt,src/python/odt/odt_parser.py,odt_paragraph_variance,function,src/python/odt/odt_parser.py,codec_io,,,,medium,partial,verify,not_started,ACCEPTED_VERIFIED,
odt,src/python/odt/odt_parser.py,odt_is_single_paragraph,function,src/python/odt/odt_parser.py,codec_io,,,,medium,partial,verify,not_started,ACCEPTED_VERIFIED,
odt,src/python/odt/odt_parser.py,odt_list_density,function,src/python/odt/odt_parser.py,codec_io,,,,medium,partial,verify,not_started,ACCEPTED_VERIFIED,
odt,src/python/odt/odt_parser.py,odt_heading_per_paragraph,function,src/python/odt/odt_parser.py,codec_io,,,,medium,partial,verify,not_started,ACCEPTED_VERIFIED,
odt,src/python/odt/odt_parser.py,odt_is_multi_paragraph,function,src/python/odt/odt_parser.py,codec_io,,,,medium,partial,verify,not_started,ACCEPTED_VERIFIED,
odt,src/python/odt/odt_parser.py,odt_avg_chars_per_word,function,src/python/odt/odt_parser.py,codec_io,,,,medium,partial,verify,not_started,ACCEPTED_VERIFIED,
odt,src/python/odt/odt_parser.py,odt_is_content_rich,function,src/python/odt/odt_parser.py,codec_io,,,,medium,partial,verify,not_started,ACCEPTED_VERIFIED,
odt,src/python/odt/odt_parser.py,odt_whitespace_ratio,function,src/python/odt/odt_parser.py,codec_io,,,,medium,partial,verify,not_started,ACCEPTED_VERIFIED,
odt,src/python/odt/odt_parser.py,odt_total_text_length,function,src/python/odt/odt_parser.py,codec_io,,,,medium,partial,verify,not_started,ACCEPTED_VERIFIED,
odt,src/python/odt/odt_parser.py,odt_nonempty_paragraph_ratio,function,src/python/odt/odt_parser.py,codec_io,,,,medium,partial,verify,not_started,ACCEPTED_VERIFIED,
odt,src/python/odt/odt_parser.py,odt_avg_sentence_length,function,src/python/odt/odt_parser.py,codec_io,,,,medium,partial,verify,not_started,ACCEPTED_VERIFIED,
odt,src/python/odt/odt_parser.py,odt_longest_paragraph_index,function,src/python/odt/odt_parser.py,codec_io,,,,medium,partial,verify,not_started,ACCEPTED_VERIFIED,
odt,src/python/odt/odt_parser.py,odt_has_numeric_content,function,src/python/odt/odt_parser.py,codec_io,,,,medium,partial,verify,not_started,ACCEPTED_VERIFIED,
odt,src/python/odt/odt_parser.py,odt_numeric_value_sum,function,src/python/odt/odt_parser.py,codec_io,,,,medium,partial,verify,not_started,ACCEPTED_VERIFIED,
odt,src/python/odt/odt_parser.py,odt_unique_char_count,function,src/python/odt/odt_parser.py,codec_io,,,,medium,partial,verify,not_started,ACCEPTED_VERIFIED,
odt,src/python/odt/odt_parser.py,odt_nonspace_char_count,function,src/python/odt/odt_parser.py,codec_io,,,,medium,partial,verify,not_started,ACCEPTED_VERIFIED,
odt,src/python/odt/spec/__init__.py,,,src/python/odt/spec/__init__.py,spec_element_behavior,,,,low,unknown,no,complete,ACCEPTED_VERIFIED,TC-PH-012: spec class has behavioral methods (migrated 2026-06-22)
odt,src/python/odt/spec/office/__init__.py,,,src/python/odt/spec/office/__init__.py,spec_element_behavior,,,,low,unknown,no,complete,ACCEPTED_VERIFIED,TC-PH-012: spec class has behavioral methods (migrated 2026-06-22)
odt,src/python/odt/spec/office/document.py,Document,class,src/python/odt/spec/office/document.py,spec_element_behavior,,,,high,yes,no,complete,ACCEPTED_VERIFIED,
odt,src/python/odt/spec/text/__init__.py,,,src/python/odt/spec/text/__init__.py,spec_element_behavior,,,,low,unknown,no,complete,ACCEPTED_VERIFIED,TC-PH-012: spec class has behavioral methods (migrated 2026-06-22)
odt,src/python/odt/spec/text/heading.py,Heading,class,src/python/odt/spec/text/heading.py,spec_element_behavior,,,,high,yes,no,complete,ACCEPTED_VERIFIED,
odt,src/python/odt/spec/text/paragraph.py,Paragraph,class,src/python/odt/spec/text/paragraph.py,spec_element_behavior,,,,high,yes,no,complete,ACCEPTED_VERIFIED,
pbm,src/python/pbm/__init__.py,,,src/python/pbm/__init__.py,codec_io,,,,low,unknown,no,not_needed,ACCEPTED_VERIFIED,
pbm,src/python/pbm/Compat/__init__.py,,,src/python/pbm/Compat/__init__.py,facade_behavior,,,,low,unknown,no,not_needed,ACCEPTED_VERIFIED,
pbm,src/python/pbm/Compat/pbm_bitmap.py,PbmBitmap,class,src/python/pbm/Compat/pbm_bitmap.py,facade_behavior,,,,high,yes,no,complete,ACCEPTED_VERIFIED,
pbm,src/python/pbm/Compat/pbm_header.py,PbmHeader,class,src/python/pbm/Compat/pbm_header.py,facade_behavior,,,,high,yes,no,complete,ACCEPTED_VERIFIED,
pbm,src/python/pbm/pbm_parser.py,PbmError,class,src/python/pbm/pbm_parser.py,codec_io,,,,high,partial,verify,not_started,ACCEPTED_VERIFIED,
pbm,src/python/pbm/pbm_parser.py,PbmInvalidMagicError,class,src/python/pbm/pbm_parser.py,codec_io,,,,high,partial,verify,not_started,ACCEPTED_VERIFIED,
pbm,src/python/pbm/pbm_parser.py,PbmInvalidHeaderError,class,src/python/pbm/pbm_parser.py,codec_io,,,,high,partial,verify,not_started,ACCEPTED_VERIFIED,
pbm,src/python/pbm/pbm_parser.py,PbmSizeError,class,src/python/pbm/pbm_parser.py,codec_io,,,,high,partial,verify,not_started,ACCEPTED_VERIFIED,
pbm,src/python/pbm/pbm_parser.py,PbmDecodeError,class,src/python/pbm/pbm_parser.py,codec_io,,,,high,partial,verify,not_started,ACCEPTED_VERIFIED,
pbm,src/python/pbm/pbm_parser.py,PbmImage,class,src/python/pbm/pbm_parser.py,codec_io,,,,high,partial,verify,not_started,ACCEPTED_VERIFIED,
pbm,src/python/pbm/pbm_parser.py,_strip_comments,function,src/python/pbm/pbm_parser.py,codec_io,,,,low,partial,verify,not_started,ACCEPTED_VERIFIED,
pbm,src/python/pbm/pbm_parser.py,_parse_netpbm_header_bytes,function,src/python/pbm/pbm_parser.py,codec_io,,,,low,partial,verify,not_started,ACCEPTED_VERIFIED,
pbm,src/python/pbm/pbm_parser.py,_parse_p4_binary,function,src/python/pbm/pbm_parser.py,codec_io,,,,low,partial,verify,not_started,ACCEPTED_VERIFIED,
pbm,src/python/pbm/pbm_parser.py,parse_pbm_strict,function,src/python/pbm/pbm_parser.py,codec_io,,,,medium,partial,verify,not_started,ACCEPTED_VERIFIED,
pbm,src/python/pbm/pbm_parser.py,parse_pbm,function,src/python/pbm/pbm_parser.py,codec_io,,,,medium,partial,verify,not_started,ACCEPTED_VERIFIED,
pbm,src/python/pbm/pbm_parser.py,probe_pbm,function,src/python/pbm/pbm_parser.py,codec_io,,,,medium,partial,verify,not_started,ACCEPTED_VERIFIED,
pbm,src/python/pbm/pbm_parser.py,image_pixel_stats,function,src/python/pbm/pbm_parser.py,codec_io,,,,medium,partial,verify,not_started,ACCEPTED_VERIFIED,
pbm,src/python/pbm/pbm_parser.py,get_capabilities,function,src/python/pbm/pbm_parser.py,codec_io,,,,medium,partial,verify,not_started,ACCEPTED_VERIFIED,
pbm,src/python/pbm/pbm_parser.py,write_pbm,function,src/python/pbm/pbm_parser.py,codec_io,,,,medium,partial,verify,not_started,ACCEPTED_VERIFIED,
pbm,src/python/pbm/pbm_parser.py,pixel_count,function,src/python/pbm/pbm_parser.py,codec_io,,,,medium,partial,verify,not_started,ACCEPTED_VERIFIED,
pbm,src/python/pbm/pbm_parser.py,count_black,function,src/python/pbm/pbm_parser.py,codec_io,,,,medium,partial,verify,not_started,ACCEPTED_VERIFIED,
pbm,src/python/pbm/pbm_parser.py,flip_horizontal,function,src/python/pbm/pbm_parser.py,codec_io,,,,medium,partial,verify,not_started,ACCEPTED_VERIFIED,
pbm,src/python/pbm/pbm_parser.py,get_dimensions,function,src/python/pbm/pbm_parser.py,codec_io,,,,medium,partial,verify,not_started,ACCEPTED_VERIFIED,
pbm,src/python/pbm/pbm_parser.py,invert,function,src/python/pbm/pbm_parser.py,codec_io,,,,medium,partial,verify,not_started,ACCEPTED_VERIFIED,
pbm,src/python/pbm/pbm_parser.py,crop,function,src/python/pbm/pbm_parser.py,codec_io,,,,medium,partial,verify,not_started,ACCEPTED_VERIFIED,
pbm,src/python/pbm/pbm_parser.py,count_white,function,src/python/pbm/pbm_parser.py,codec_io,,,,medium,partial,verify,not_started,ACCEPTED_VERIFIED,
pbm,src/python/pbm/pbm_parser.py,aspect_ratio,function,src/python/pbm/pbm_parser.py,codec_io,,,,medium,partial,verify,not_started,ACCEPTED_VERIFIED,
pbm,src/python/pbm/pbm_parser.py,rotate_90,function,src/python/pbm/pbm_parser.py,codec_io,,,,medium,partial,verify,not_started,ACCEPTED_VERIFIED,
pbm,src/python/pbm/pbm_parser.py,black_pixel_ratio,function,src/python/pbm/pbm_parser.py,codec_io,,,,medium,partial,verify,not_started,ACCEPTED_VERIFIED,
pbm,src/python/pbm/pbm_parser.py,pbm_white_pixel_ratio,function,src/python/pbm/pbm_parser.py,codec_io,,,,medium,partial,verify,not_started,ACCEPTED_VERIFIED,
pbm,src/python/pbm/pbm_parser.py,pbm_aspect_ratio,function,src/python/pbm/pbm_parser.py,codec_io,,,,medium,partial,verify,not_started,ACCEPTED_VERIFIED,
pbm,src/python/pbm/pbm_parser.py,pbm_white_pixel_count,function,src/python/pbm/pbm_parser.py,codec_io,,,,medium,partial,verify,not_started,ACCEPTED_VERIFIED,
pbm,src/python/pbm/pbm_parser.py,scale_nearest,function,src/python/pbm/pbm_parser.py,codec_io,,,,medium,partial,verify,not_started,ACCEPTED_VERIFIED,
pbm,src/python/pbm/pbm_parser.py,pbm_row_black_counts,function,src/python/pbm/pbm_parser.py,codec_io,,,,medium,partial,verify,not_started,ACCEPTED_VERIFIED,
pbm,src/python/pbm/pbm_parser.py,pbm_total_pixel_count,function,src/python/pbm/pbm_parser.py,codec_io,,,,medium,partial,verify,not_started,ACCEPTED_VERIFIED,
pbm,src/python/pbm/pbm_parser.py,pbm_is_binary,function,src/python/pbm/pbm_parser.py,codec_io,,,,medium,partial,verify,not_started,ACCEPTED_VERIFIED,
pbm,src/python/pbm/pbm_parser.py,pbm_black_pixel_ratio,function,src/python/pbm/pbm_parser.py,codec_io,,,,medium,partial,verify,not_started,ACCEPTED_VERIFIED,
pbm,src/python/pbm/pbm_parser.py,pbm_dimensions,function,src/python/pbm/pbm_parser.py,codec_io,,,,medium,partial,verify,not_started,ACCEPTED_VERIFIED,
pbm,src/python/pbm/pbm_parser.py,pbm_column_black_counts,function,src/python/pbm/pbm_parser.py,codec_io,,,,medium,partial,verify,not_started,ACCEPTED_VERIFIED,
pbm,src/python/pbm/pbm_parser.py,pbm_white_density,function,src/python/pbm/pbm_parser.py,codec_io,,,,medium,partial,verify,not_started,ACCEPTED_VERIFIED,
pbm,src/python/pbm/pbm_parser.py,pbm_all_white,function,src/python/pbm/pbm_parser.py,codec_io,,,,medium,partial,verify,not_started,ACCEPTED_VERIFIED,
pbm,src/python/pbm/pbm_parser.py,pbm_all_black,function,src/python/pbm/pbm_parser.py,codec_io,,,,medium,partial,verify,not_started,ACCEPTED_VERIFIED,
pbm,src/python/pbm/pbm_parser.py,pbm_row_count,function,src/python/pbm/pbm_parser.py,codec_io,,,,medium,partial,verify,not_started,ACCEPTED_VERIFIED,
pbm,src/python/pbm/pbm_parser.py,pbm_has_any_black,function,src/python/pbm/pbm_parser.py,codec_io,,,,medium,partial,verify,not_started,ACCEPTED_VERIFIED,
pbm,src/python/pbm/pbm_parser.py,pbm_black_pixel_count,function,src/python/pbm/pbm_parser.py,codec_io,,,,medium,partial,verify,not_started,ACCEPTED_VERIFIED,
pbm,src/python/pbm/pbm_parser.py,pbm_is_uniform,function,src/python/pbm/pbm_parser.py,codec_io,,,,medium,partial,verify,not_started,ACCEPTED_VERIFIED,
pbm,src/python/pbm/pbm_parser.py,pbm_white_pixel_count,function,src/python/pbm/pbm_parser.py,codec_io,,,,medium,partial,verify,not_started,ACCEPTED_VERIFIED,
pbm,src/python/pbm/pbm_parser.py,pbm_perimeter,function,src/python/pbm/pbm_parser.py,codec_io,,,,medium,partial,verify,not_started,ACCEPTED_VERIFIED,
pbm,src/python/pbm/pbm_parser.py,pbm_is_square,function,src/python/pbm/pbm_parser.py,codec_io,,,,medium,partial,verify,not_started,ACCEPTED_VERIFIED,
pbm,src/python/pbm/pbm_parser.py,pbm_is_landscape,function,src/python/pbm/pbm_parser.py,codec_io,,,,medium,partial,verify,not_started,ACCEPTED_VERIFIED,
pbm,src/python/pbm/pbm_parser.py,pbm_has_any_white,function,src/python/pbm/pbm_parser.py,codec_io,,,,medium,partial,verify,not_started,ACCEPTED_VERIFIED,
pbm,src/python/pbm/pbm_parser.py,pbm_max_row_black_count,function,src/python/pbm/pbm_parser.py,codec_io,,,,medium,partial,verify,not_started,ACCEPTED_VERIFIED,
pbm,src/python/pbm/pbm_parser.py,pbm_max_dimension,function,src/python/pbm/pbm_parser.py,codec_io,,,,medium,partial,verify,not_started,ACCEPTED_VERIFIED,
pbm,src/python/pbm/pbm_parser.py,pbm_diagonal,function,src/python/pbm/pbm_parser.py,codec_io,,,,medium,partial,verify,not_started,ACCEPTED_VERIFIED,
pbm,src/python/pbm/pbm_parser.py,pbm_min_dimension,function,src/python/pbm/pbm_parser.py,codec_io,,,,medium,partial,verify,not_started,ACCEPTED_VERIFIED,
pbm,src/python/pbm/pbm_parser.py,pbm_black_density,function,src/python/pbm/pbm_parser.py,codec_io,,,,medium,partial,verify,not_started,ACCEPTED_VERIFIED,
pbm,src/python/pbm/pbm_parser.py,pbm_area,function,src/python/pbm/pbm_parser.py,codec_io,,,,medium,partial,verify,not_started,ACCEPTED_VERIFIED,
pbm,src/python/pbm/pbm_parser.py,pbm_white_density,function,src/python/pbm/pbm_parser.py,codec_io,,,,medium,partial,verify,not_started,ACCEPTED_VERIFIED,
pbm,src/python/pbm/pbm_parser.py,pbm_column_count,function,src/python/pbm/pbm_parser.py,codec_io,,,,medium,partial,verify,not_started,ACCEPTED_VERIFIED,
pbm,src/python/pbm/pbm_parser.py,pbm_min_row_black_count,function,src/python/pbm/pbm_parser.py,codec_io,,,,medium,partial,verify,not_started,ACCEPTED_VERIFIED,
pbm,src/python/pbm/pbm_parser.py,pbm_dimension_ratio,function,src/python/pbm/pbm_parser.py,codec_io,,,,medium,partial,verify,not_started,ACCEPTED_VERIFIED,
pbm,src/python/pbm/pbm_parser.py,pbm_megapixels,function,src/python/pbm/pbm_parser.py,codec_io,,,,medium,partial,verify,not_started,ACCEPTED_VERIFIED,
pbm,src/python/pbm/pbm_parser.py,pbm_is_tall,function,src/python/pbm/pbm_parser.py,codec_io,,,,medium,partial,verify,not_started,ACCEPTED_VERIFIED,
pbm,src/python/pbm/pbm_parser.py,pbm_is_wide,function,src/python/pbm/pbm_parser.py,codec_io,,,,medium,partial,verify,not_started,ACCEPTED_VERIFIED,
pbm,src/python/pbm/pbm_parser.py,pbm_is_portrait,function,src/python/pbm/pbm_parser.py,codec_io,,,,medium,partial,verify,not_started,ACCEPTED_VERIFIED,
pbm,src/python/pbm/pbm_parser.py,pbm_pixel_density,function,src/python/pbm/pbm_parser.py,codec_io,,,,medium,partial,verify,not_started,ACCEPTED_VERIFIED,
pbm,src/python/pbm/pbm_parser.py,pbm_row_count,function,src/python/pbm/pbm_parser.py,codec_io,,,,medium,partial,verify,not_started,ACCEPTED_VERIFIED,
pbm,src/python/pbm/pbm_parser.py,pbm_is_binary_balanced,function,src/python/pbm/pbm_parser.py,codec_io,,,,medium,partial,verify,not_started,ACCEPTED_VERIFIED,
pbm,src/python/pbm/pbm_parser.py,pbm_avg_row_density,function,src/python/pbm/pbm_parser.py,codec_io,,,,medium,partial,verify,not_started,ACCEPTED_VERIFIED,
pbm,src/python/pbm/pbm_parser.py,pbm_border_black_count,function,src/python/pbm/pbm_parser.py,codec_io,,,,medium,partial,verify,not_started,ACCEPTED_VERIFIED,
pbm,src/python/pbm/pbm_parser.py,pbm_row_density_variance,function,src/python/pbm/pbm_parser.py,codec_io,,,,medium,partial,verify,not_started,ACCEPTED_VERIFIED,
pbm,src/python/pbm/pbm_parser.py,pbm_is_checkerboard,function,src/python/pbm/pbm_parser.py,codec_io,,,,medium,partial,verify,not_started,ACCEPTED_VERIFIED,
pbm,src/python/pbm/pbm_parser.py,pbm_column_density_variance,function,src/python/pbm/pbm_parser.py,codec_io,,,,medium,partial,verify,not_started,ACCEPTED_VERIFIED,
pbm,src/python/pbm/pbm_parser.py,pbm_diagonal_pixel_count,function,src/python/pbm/pbm_parser.py,codec_io,,,,medium,partial,verify,not_started,ACCEPTED_VERIFIED,
pbm,src/python/pbm/pbm_parser.py,pbm_total_pixels,function,src/python/pbm/pbm_parser.py,codec_io,,,,medium,partial,verify,not_started,ACCEPTED_VERIFIED,
pbm,src/python/pbm/pbm_parser.py,pbm_aspect_ratio,function,src/python/pbm/pbm_parser.py,codec_io,,,,medium,partial,verify,not_started,ACCEPTED_VERIFIED,
pbm,src/python/pbm/pbm_parser.py,pbm_is_square,function,src/python/pbm/pbm_parser.py,codec_io,,,,medium,partial,verify,not_started,ACCEPTED_VERIFIED,
pbm,src/python/pbm/pbm_parser.py,pbm_white_density,function,src/python/pbm/pbm_parser.py,codec_io,,,,medium,partial,verify,not_started,ACCEPTED_VERIFIED,
pbm,src/python/pbm/pbm_parser.py,pbm_is_all_black,function,src/python/pbm/pbm_parser.py,codec_io,,,,medium,partial,verify,not_started,ACCEPTED_VERIFIED,
pbm,src/python/pbm/pbm_parser.py,pbm_total_black_in_border,function,src/python/pbm/pbm_parser.py,codec_io,,,,medium,partial,verify,not_started,ACCEPTED_VERIFIED,
pbm,src/python/pbm/pbm_parser.py,pbm_center_black_ratio,function,src/python/pbm/pbm_parser.py,codec_io,,,,medium,partial,verify,not_started,ACCEPTED_VERIFIED,
pbm,src/python/pbm/pbm_to_pgm.py,pbm_pixels_to_pgm_pixels,function,src/python/pbm/pbm_to_pgm.py,codec_io,,,,medium,partial,verify,not_started,ACCEPTED_VERIFIED,
pbm,src/python/pbm/pbm_to_pgm.py,convert_pbm_to_pgm,function,src/python/pbm/pbm_to_pgm.py,codec_io,,,,medium,partial,verify,not_started,ACCEPTED_VERIFIED,
pbm,src/python/pbm/pbm_to_ppm.py,pbm_pixels_to_ppm_pixels,function,src/python/pbm/pbm_to_ppm.py,codec_io,,,,medium,partial,verify,not_started,ACCEPTED_VERIFIED,
pbm,src/python/pbm/pbm_to_ppm.py,convert_pbm_to_ppm,function,src/python/pbm/pbm_to_ppm.py,codec_io,,,,medium,partial,verify,not_started,ACCEPTED_VERIFIED,
pbm,src/python/pbm/spec/__init__.py,,,src/python/pbm/spec/__init__.py,spec_element_behavior,,,,low,unknown,no,complete,ACCEPTED_VERIFIED,TC-PH-012: spec class has behavioral methods (migrated 2026-06-22)
pbm,src/python/pbm/spec/bitmap/__init__.py,,,src/python/pbm/spec/bitmap/__init__.py,spec_element_behavior,,,,low,unknown,no,complete,ACCEPTED_VERIFIED,TC-PH-012: spec class has behavioral methods (migrated 2026-06-22)
pbm,src/python/pbm/spec/bitmap/bitmap.py,Bitmap,class,src/python/pbm/spec/bitmap/bitmap.py,spec_element_behavior,,,,high,yes,no,complete,ACCEPTED_VERIFIED,
pbm,src/python/pbm/spec/bitmap/header.py,Header,class,src/python/pbm/spec/bitmap/header.py,spec_element_behavior,,,,high,yes,no,complete,ACCEPTED_VERIFIED,
pgm,src/python/pgm/__init__.py,,,src/python/pgm/__init__.py,codec_io,,,,low,unknown,no,not_needed,ACCEPTED_VERIFIED,
pgm,src/python/pgm/Compat/__init__.py,,,src/python/pgm/Compat/__init__.py,facade_behavior,,,,low,unknown,no,not_needed,ACCEPTED_VERIFIED,
pgm,src/python/pgm/Compat/pgm_graymap.py,PgmGraymap,class,src/python/pgm/Compat/pgm_graymap.py,facade_behavior,,,,high,yes,no,complete,ACCEPTED_VERIFIED,
pgm,src/python/pgm/Compat/pgm_header.py,PgmHeader,class,src/python/pgm/Compat/pgm_header.py,facade_behavior,,,,high,yes,no,complete,ACCEPTED_VERIFIED,
pgm,src/python/pgm/pgm_parser.py,PgmError,class,src/python/pgm/pgm_parser.py,codec_io,,,,high,partial,verify,not_started,ACCEPTED_VERIFIED,
pgm,src/python/pgm/pgm_parser.py,PgmInvalidMagicError,class,src/python/pgm/pgm_parser.py,codec_io,,,,high,partial,verify,not_started,ACCEPTED_VERIFIED,
pgm,src/python/pgm/pgm_parser.py,PgmInvalidHeaderError,class,src/python/pgm/pgm_parser.py,codec_io,,,,high,partial,verify,not_started,ACCEPTED_VERIFIED,
pgm,src/python/pgm/pgm_parser.py,PgmSizeError,class,src/python/pgm/pgm_parser.py,codec_io,,,,high,partial,verify,not_started,ACCEPTED_VERIFIED,
pgm,src/python/pgm/pgm_parser.py,PgmDecodeError,class,src/python/pgm/pgm_parser.py,codec_io,,,,high,partial,verify,not_started,ACCEPTED_VERIFIED,
pgm,src/python/pgm/pgm_parser.py,PgmImage,class,src/python/pgm/pgm_parser.py,codec_io,,,,high,partial,verify,not_started,ACCEPTED_VERIFIED,
pgm,src/python/pgm/pgm_parser.py,_strip_comments,function,src/python/pgm/pgm_parser.py,codec_io,,,,low,partial,verify,not_started,ACCEPTED_VERIFIED,
pgm,src/python/pgm/pgm_parser.py,_parse_netpbm_header_bytes,function,src/python/pgm/pgm_parser.py,codec_io,,,,low,partial,verify,not_started,ACCEPTED_VERIFIED,
pgm,src/python/pgm/pgm_parser.py,_parse_p5_binary,function,src/python/pgm/pgm_parser.py,codec_io,,,,low,partial,verify,not_started,ACCEPTED_VERIFIED,
pgm,src/python/pgm/pgm_parser.py,parse_pgm_strict,function,src/python/pgm/pgm_parser.py,codec_io,,,,medium,partial,verify,not_started,ACCEPTED_VERIFIED,
pgm,src/python/pgm/pgm_parser.py,parse_pgm,function,src/python/pgm/pgm_parser.py,codec_io,,,,medium,partial,verify,not_started,ACCEPTED_VERIFIED,
pgm,src/python/pgm/pgm_parser.py,probe_pgm,function,src/python/pgm/pgm_parser.py,codec_io,,,,medium,partial,verify,not_started,ACCEPTED_VERIFIED,
pgm,src/python/pgm/pgm_parser.py,image_pixel_stats,function,src/python/pgm/pgm_parser.py,codec_io,,,,medium,partial,verify,not_started,ACCEPTED_VERIFIED,
pgm,src/python/pgm/pgm_parser.py,get_capabilities,function,src/python/pgm/pgm_parser.py,codec_io,,,,medium,partial,verify,not_started,ACCEPTED_VERIFIED,
pgm,src/python/pgm/pgm_parser.py,write_pgm,function,src/python/pgm/pgm_parser.py,codec_io,,,,medium,partial,verify,not_started,ACCEPTED_VERIFIED,
pgm,src/python/pgm/pgm_parser.py,pixel_count,function,src/python/pgm/pgm_parser.py,codec_io,,,,medium,partial,verify,not_started,ACCEPTED_VERIFIED,
pgm,src/python/pgm/pgm_parser.py,average_gray,function,src/python/pgm/pgm_parser.py,codec_io,,,,medium,partial,verify,not_started,ACCEPTED_VERIFIED,
pgm,src/python/pgm/pgm_parser.py,count_above_threshold,function,src/python/pgm/pgm_parser.py,codec_io,,,,medium,partial,verify,not_started,ACCEPTED_VERIFIED,
pgm,src/python/pgm/pgm_parser.py,min_max_gray,function,src/python/pgm/pgm_parser.py,codec_io,,,,medium,partial,verify,not_started,ACCEPTED_VERIFIED,
pgm,src/python/pgm/pgm_parser.py,flip_horizontal,function,src/python/pgm/pgm_parser.py,codec_io,,,,medium,partial,verify,not_started,ACCEPTED_VERIFIED,
pgm,src/python/pgm/pgm_parser.py,get_dimensions,function,src/python/pgm/pgm_parser.py,codec_io,,,,medium,partial,verify,not_started,ACCEPTED_VERIFIED,
pgm,src/python/pgm/pgm_parser.py,normalize,function,src/python/pgm/pgm_parser.py,codec_io,,,,medium,partial,verify,not_started,ACCEPTED_VERIFIED,
pgm,src/python/pgm/pgm_parser.py,histogram,function,src/python/pgm/pgm_parser.py,codec_io,,,,medium,partial,verify,not_started,ACCEPTED_VERIFIED,
pgm,src/python/pgm/pgm_parser.py,threshold,function,src/python/pgm/pgm_parser.py,codec_io,,,,medium,partial,verify,not_started,ACCEPTED_VERIFIED,
pgm,src/python/pgm/pgm_parser.py,rotate_90,function,src/python/pgm/pgm_parser.py,codec_io,,,,medium,partial,verify,not_started,ACCEPTED_VERIFIED,
pgm,src/python/pgm/pgm_parser.py,grayscale_variance,function,src/python/pgm/pgm_parser.py,codec_io,,,,medium,partial,verify,not_started,ACCEPTED_VERIFIED,
pgm,src/python/pgm/pgm_parser.py,pgm_bright_pixel_ratio,function,src/python/pgm/pgm_parser.py,codec_io,,,,medium,partial,verify,not_started,ACCEPTED_VERIFIED,
pgm,src/python/pgm/pgm_parser.py,pgm_dark_pixel_count,function,src/python/pgm/pgm_parser.py,codec_io,,,,medium,partial,verify,not_started,ACCEPTED_VERIFIED,
pgm,src/python/pgm/pgm_parser.py,pgm_max_pixel_value,function,src/python/pgm/pgm_parser.py,codec_io,,,,medium,partial,verify,not_started,ACCEPTED_VERIFIED,
pgm,src/python/pgm/pgm_parser.py,pgm_min_pixel_value,function,src/python/pgm/pgm_parser.py,codec_io,,,,medium,partial,verify,not_started,ACCEPTED_VERIFIED,
pgm,src/python/pgm/pgm_parser.py,pgm_average_brightness,function,src/python/pgm/pgm_parser.py,codec_io,,,,medium,partial,verify,not_started,ACCEPTED_VERIFIED,
pgm,src/python/pgm/pgm_parser.py,pgm_contrast_range,function,src/python/pgm/pgm_parser.py,codec_io,,,,medium,partial,verify,not_started,ACCEPTED_VERIFIED,
pgm,src/python/pgm/pgm_parser.py,pgm_median_pixel_value,function,src/python/pgm/pgm_parser.py,codec_io,,,,medium,partial,verify,not_started,ACCEPTED_VERIFIED,
pgm,src/python/pgm/pgm_parser.py,pgm_total_pixel_count,function,src/python/pgm/pgm_parser.py,codec_io,,,,medium,partial,verify,not_started,ACCEPTED_VERIFIED,
pgm,src/python/pgm/pgm_parser.py,pgm_brightness_quartiles,function,src/python/pgm/pgm_parser.py,codec_io,,,,medium,partial,verify,not_started,ACCEPTED_VERIFIED,
pgm,src/python/pgm/pgm_parser.py,pgm_is_uniform,function,src/python/pgm/pgm_parser.py,codec_io,,,,medium,partial,verify,not_started,ACCEPTED_VERIFIED,
pgm,src/python/pgm/pgm_parser.py,pgm_nonzero_pixel_ratio,function,src/python/pgm/pgm_parser.py,codec_io,,,,medium,partial,verify,not_started,ACCEPTED_VERIFIED,
pgm,src/python/pgm/pgm_parser.py,pgm_dynamic_range,function,src/python/pgm/pgm_parser.py,codec_io,,,,medium,partial,verify,not_started,ACCEPTED_VERIFIED,
pgm,src/python/pgm/pgm_parser.py,pgm_pixel_sum,function,src/python/pgm/pgm_parser.py,codec_io,,,,medium,partial,verify,not_started,ACCEPTED_VERIFIED,
pgm,src/python/pgm/pgm_parser.py,pgm_zero_pixel_count,function,src/python/pgm/pgm_parser.py,codec_io,,,,medium,partial,verify,not_started,ACCEPTED_VERIFIED,
pgm,src/python/pgm/pgm_parser.py,pgm_saturated_pixel_count,function,src/python/pgm/pgm_parser.py,codec_io,,,,medium,partial,verify,not_started,ACCEPTED_VERIFIED,
pgm,src/python/pgm/pgm_parser.py,pgm_standard_deviation,function,src/python/pgm/pgm_parser.py,codec_io,,,,medium,partial,verify,not_started,ACCEPTED_VERIFIED,
pgm,src/python/pgm/pgm_parser.py,pgm_brightness_ratio,function,src/python/pgm/pgm_parser.py,codec_io,,,,medium,partial,verify,not_started,ACCEPTED_VERIFIED,
pgm,src/python/pgm/pgm_parser.py,pgm_has_any_saturated,function,src/python/pgm/pgm_parser.py,codec_io,,,,medium,partial,verify,not_started,ACCEPTED_VERIFIED,
pgm,src/python/pgm/pgm_parser.py,pgm_is_all_dark,function,src/python/pgm/pgm_parser.py,codec_io,,,,medium,partial,verify,not_started,ACCEPTED_VERIFIED,
pgm,src/python/pgm/pgm_parser.py,pgm_perimeter,function,src/python/pgm/pgm_parser.py,codec_io,,,,medium,partial,verify,not_started,ACCEPTED_VERIFIED,
pgm,src/python/pgm/pgm_parser.py,pgm_unique_value_count,function,src/python/pgm/pgm_parser.py,codec_io,,,,medium,partial,verify,not_started,ACCEPTED_VERIFIED,
pgm,src/python/pgm/pgm_parser.py,pgm_dimension_ratio,function,src/python/pgm/pgm_parser.py,codec_io,,,,medium,partial,verify,not_started,ACCEPTED_VERIFIED,
pgm,src/python/pgm/pgm_parser.py,pgm_is_square,function,src/python/pgm/pgm_parser.py,codec_io,,,,medium,partial,verify,not_started,ACCEPTED_VERIFIED,
pgm,src/python/pgm/pgm_parser.py,pgm_is_landscape,function,src/python/pgm/pgm_parser.py,codec_io,,,,medium,partial,verify,not_started,ACCEPTED_VERIFIED,
pgm,src/python/pgm/pgm_parser.py,pgm_max_dimension,function,src/python/pgm/pgm_parser.py,codec_io,,,,medium,partial,verify,not_started,ACCEPTED_VERIFIED,
pgm,src/python/pgm/pgm_parser.py,pgm_has_any_zero,function,src/python/pgm/pgm_parser.py,codec_io,,,,medium,partial,verify,not_started,ACCEPTED_VERIFIED,
pgm,src/python/pgm/pgm_parser.py,pgm_is_all_bright,function,src/python/pgm/pgm_parser.py,codec_io,,,,medium,partial,verify,not_started,ACCEPTED_VERIFIED,
pgm,src/python/pgm/pgm_parser.py,pgm_diagonal,function,src/python/pgm/pgm_parser.py,codec_io,,,,medium,partial,verify,not_started,ACCEPTED_VERIFIED,
pgm,src/python/pgm/pgm_parser.py,pgm_aspect_ratio,function,src/python/pgm/pgm_parser.py,codec_io,,,,medium,partial,verify,not_started,ACCEPTED_VERIFIED,
pgm,src/python/pgm/pgm_parser.py,pgm_min_dimension,function,src/python/pgm/pgm_parser.py,codec_io,,,,medium,partial,verify,not_started,ACCEPTED_VERIFIED,
pgm,src/python/pgm/pgm_parser.py,pgm_brightness_range,function,src/python/pgm/pgm_parser.py,codec_io,,,,medium,partial,verify,not_started,ACCEPTED_VERIFIED,
pgm,src/python/pgm/pgm_parser.py,pgm_area,function,src/python/pgm/pgm_parser.py,codec_io,,,,medium,partial,verify,not_started,ACCEPTED_VERIFIED,
pgm,src/python/pgm/pgm_parser.py,pgm_mean_brightness,function,src/python/pgm/pgm_parser.py,codec_io,,,,medium,partial,verify,not_started,ACCEPTED_VERIFIED,
pgm,src/python/pgm/pgm_parser.py,pgm_megapixels,function,src/python/pgm/pgm_parser.py,codec_io,,,,medium,partial,verify,not_started,ACCEPTED_VERIFIED,
pgm,src/python/pgm/pgm_parser.py,pgm_is_tall,function,src/python/pgm/pgm_parser.py,codec_io,,,,medium,partial,verify,not_started,ACCEPTED_VERIFIED,
pgm,src/python/pgm/pgm_parser.py,pgm_column_count,function,src/python/pgm/pgm_parser.py,codec_io,,,,medium,partial,verify,not_started,ACCEPTED_VERIFIED,
pgm,src/python/pgm/pgm_parser.py,pgm_is_uniform,function,src/python/pgm/pgm_parser.py,codec_io,,,,medium,partial,verify,not_started,ACCEPTED_VERIFIED,
pgm,src/python/pgm/pgm_parser.py,pgm_is_wide,function,src/python/pgm/pgm_parser.py,codec_io,,,,medium,partial,verify,not_started,ACCEPTED_VERIFIED,
pgm,src/python/pgm/pgm_parser.py,pgm_pixel_density,function,src/python/pgm/pgm_parser.py,codec_io,,,,medium,partial,verify,not_started,ACCEPTED_VERIFIED,
pgm,src/python/pgm/pgm_parser.py,pgm_row_count,function,src/python/pgm/pgm_parser.py,codec_io,,,,medium,partial,verify,not_started,ACCEPTED_VERIFIED,
pgm,src/python/pgm/pgm_parser.py,pgm_is_portrait,function,src/python/pgm/pgm_parser.py,codec_io,,,,medium,partial,verify,not_started,ACCEPTED_VERIFIED,
pgm,src/python/pgm/pgm_parser.py,pgm_is_high_contrast,function,src/python/pgm/pgm_parser.py,codec_io,,,,medium,partial,verify,not_started,ACCEPTED_VERIFIED,
pgm,src/python/pgm/pgm_parser.py,pgm_avg_row_brightness,function,src/python/pgm/pgm_parser.py,codec_io,,,,medium,partial,verify,not_started,ACCEPTED_VERIFIED,
pgm,src/python/pgm/pgm_parser.py,pgm_dark_pixel_ratio,function,src/python/pgm/pgm_parser.py,codec_io,,,,medium,partial,verify,not_started,ACCEPTED_VERIFIED,
pgm,src/python/pgm/pgm_parser.py,pgm_row_brightness_variance,function,src/python/pgm/pgm_parser.py,codec_io,,,,medium,partial,verify,not_started,ACCEPTED_VERIFIED,
pgm,src/python/pgm/pgm_parser.py,pgm_min_brightness,function,src/python/pgm/pgm_parser.py,codec_io,,,,medium,partial,verify,not_started,ACCEPTED_VERIFIED,
pgm,src/python/pgm/pgm_parser.py,pgm_is_bright,function,src/python/pgm/pgm_parser.py,codec_io,,,,medium,partial,verify,not_started,ACCEPTED_VERIFIED,
pgm,src/python/pgm/pgm_parser.py,pgm_brightness_histogram,function,src/python/pgm/pgm_parser.py,codec_io,,,,medium,partial,verify,not_started,ACCEPTED_VERIFIED,
pgm,src/python/pgm/pgm_parser.py,pgm_contrast_ratio,function,src/python/pgm/pgm_parser.py,codec_io,,,,medium,partial,verify,not_started,ACCEPTED_VERIFIED,
pgm,src/python/pgm/pgm_parser.py,pgm_saturated_pixel_ratio,function,src/python/pgm/pgm_parser.py,codec_io,,,,medium,partial,verify,not_started,ACCEPTED_VERIFIED,
pgm,src/python/pgm/pgm_parser.py,pgm_normalized_mean,function,src/python/pgm/pgm_parser.py,codec_io,,,,medium,partial,verify,not_started,ACCEPTED_VERIFIED,
pgm,src/python/pgm/pgm_parser.py,pgm_above_mean_ratio,function,src/python/pgm/pgm_parser.py,codec_io,,,,medium,partial,verify,not_started,ACCEPTED_VERIFIED,
pgm,src/python/pgm/pgm_parser.py,pgm_maxval,function,src/python/pgm/pgm_parser.py,codec_io,,,,medium,partial,verify,not_started,ACCEPTED_VERIFIED,
pgm,src/python/pgm/pgm_parser.py,pgm_midpoint_gray,function,src/python/pgm/pgm_parser.py,codec_io,,,,medium,partial,verify,not_started,ACCEPTED_VERIFIED,
pgm,src/python/pgm/pgm_parser.py,pgm_median_brightness,function,src/python/pgm/pgm_parser.py,codec_io,,,,medium,partial,verify,not_started,ACCEPTED_VERIFIED,
pgm,src/python/pgm/pgm_parser.py,pgm_pixel_value_range,function,src/python/pgm/pgm_parser.py,codec_io,,,,medium,partial,verify,not_started,ACCEPTED_VERIFIED,
pgm,src/python/pgm/pgm_to_ppm.py,pgm_pixels_to_ppm_pixels,function,src/python/pgm/pgm_to_ppm.py,codec_io,,,,medium,partial,verify,not_started,ACCEPTED_VERIFIED,
pgm,src/python/pgm/pgm_to_ppm.py,convert_pgm_to_ppm,function,src/python/pgm/pgm_to_ppm.py,codec_io,,,,medium,partial,verify,not_started,ACCEPTED_VERIFIED,
pgm,src/python/pgm/spec/__init__.py,,,src/python/pgm/spec/__init__.py,spec_element_behavior,,,,low,unknown,no,complete,ACCEPTED_VERIFIED,TC-PH-012: spec class has behavioral methods (migrated 2026-06-22)
pgm,src/python/pgm/spec/graymap/__init__.py,,,src/python/pgm/spec/graymap/__init__.py,spec_element_behavior,,,,low,unknown,no,complete,ACCEPTED_VERIFIED,TC-PH-012: spec class has behavioral methods (migrated 2026-06-22)
pgm,src/python/pgm/spec/graymap/graymap.py,Graymap,class,src/python/pgm/spec/graymap/graymap.py,spec_element_behavior,,,,high,yes,no,complete,ACCEPTED_VERIFIED,
pgm,src/python/pgm/spec/graymap/header.py,Header,class,src/python/pgm/spec/graymap/header.py,spec_element_behavior,,,,high,yes,no,complete,ACCEPTED_VERIFIED,
ppm,src/python/ppm/__init__.py,,,src/python/ppm/__init__.py,codec_io,,,,low,unknown,no,not_needed,ACCEPTED_VERIFIED,
ppm,src/python/ppm/Compat/__init__.py,,,src/python/ppm/Compat/__init__.py,facade_behavior,,,,low,unknown,no,not_needed,ACCEPTED_VERIFIED,
ppm,src/python/ppm/Compat/ppm_header.py,PpmHeader,class,src/python/ppm/Compat/ppm_header.py,facade_behavior,,,,high,yes,no,complete,ACCEPTED_VERIFIED,
ppm,src/python/ppm/Compat/ppm_pixmap.py,PpmPixmap,class,src/python/ppm/Compat/ppm_pixmap.py,facade_behavior,,,,high,yes,no,complete,ACCEPTED_VERIFIED,
ppm,src/python/ppm/ppm_parser.py,PpmError,class,src/python/ppm/ppm_parser.py,codec_io,,,,high,partial,verify,not_started,ACCEPTED_VERIFIED,
ppm,src/python/ppm/ppm_parser.py,PpmInvalidMagicError,class,src/python/ppm/ppm_parser.py,codec_io,,,,high,partial,verify,not_started,ACCEPTED_VERIFIED,
ppm,src/python/ppm/ppm_parser.py,PpmInvalidHeaderError,class,src/python/ppm/ppm_parser.py,codec_io,,,,high,partial,verify,not_started,ACCEPTED_VERIFIED,
ppm,src/python/ppm/ppm_parser.py,PpmSizeError,class,src/python/ppm/ppm_parser.py,codec_io,,,,high,partial,verify,not_started,ACCEPTED_VERIFIED,
ppm,src/python/ppm/ppm_parser.py,PpmDecodeError,class,src/python/ppm/ppm_parser.py,codec_io,,,,high,partial,verify,not_started,ACCEPTED_VERIFIED,
ppm,src/python/ppm/ppm_parser.py,PpmImage,class,src/python/ppm/ppm_parser.py,codec_io,,,,high,partial,verify,not_started,ACCEPTED_VERIFIED,
ppm,src/python/ppm/ppm_parser.py,_strip_comments,function,src/python/ppm/ppm_parser.py,codec_io,,,,low,partial,verify,not_started,ACCEPTED_VERIFIED,
ppm,src/python/ppm/ppm_parser.py,_parse_netpbm_header_bytes,function,src/python/ppm/ppm_parser.py,codec_io,,,,low,partial,verify,not_started,ACCEPTED_VERIFIED,
ppm,src/python/ppm/ppm_parser.py,_parse_p6_binary,function,src/python/ppm/ppm_parser.py,codec_io,,,,low,partial,verify,not_started,ACCEPTED_VERIFIED,
ppm,src/python/ppm/ppm_parser.py,parse_ppm_strict,function,src/python/ppm/ppm_parser.py,codec_io,,,,medium,partial,verify,not_started,ACCEPTED_VERIFIED,
ppm,src/python/ppm/ppm_parser.py,parse_ppm,function,src/python/ppm/ppm_parser.py,codec_io,,,,medium,partial,verify,not_started,ACCEPTED_VERIFIED,
ppm,src/python/ppm/ppm_parser.py,probe_ppm,function,src/python/ppm/ppm_parser.py,codec_io,,,,medium,partial,verify,not_started,ACCEPTED_VERIFIED,
ppm,src/python/ppm/ppm_parser.py,get_capabilities,function,src/python/ppm/ppm_parser.py,codec_io,,,,medium,partial,verify,not_started,ACCEPTED_VERIFIED,
ppm,src/python/ppm/ppm_parser.py,write_ppm,function,src/python/ppm/ppm_parser.py,codec_io,,,,medium,partial,verify,not_started,ACCEPTED_VERIFIED,
ppm,src/python/ppm/ppm_parser.py,get_dimensions,function,src/python/ppm/ppm_parser.py,codec_io,,,,medium,partial,verify,not_started,ACCEPTED_VERIFIED,
ppm,src/python/ppm/ppm_parser.py,to_grayscale,function,src/python/ppm/ppm_parser.py,codec_io,,,,medium,partial,verify,not_started,ACCEPTED_VERIFIED,
ppm,src/python/ppm/ppm_parser.py,pixel_count,function,src/python/ppm/ppm_parser.py,codec_io,,,,medium,partial,verify,not_started,ACCEPTED_VERIFIED,
ppm,src/python/ppm/ppm_parser.py,average_color,function,src/python/ppm/ppm_parser.py,codec_io,,,,medium,partial,verify,not_started,ACCEPTED_VERIFIED,
ppm,src/python/ppm/ppm_parser.py,brightness,function,src/python/ppm/ppm_parser.py,codec_io,,,,medium,partial,verify,not_started,ACCEPTED_VERIFIED,
ppm,src/python/ppm/ppm_parser.py,crop,function,src/python/ppm/ppm_parser.py,codec_io,,,,medium,partial,verify,not_started,ACCEPTED_VERIFIED,
ppm,src/python/ppm/ppm_parser.py,flip_horizontal,function,src/python/ppm/ppm_parser.py,codec_io,,,,medium,partial,verify,not_started,ACCEPTED_VERIFIED,
ppm,src/python/ppm/ppm_parser.py,invert,function,src/python/ppm/ppm_parser.py,codec_io,,,,medium,partial,verify,not_started,ACCEPTED_VERIFIED,
ppm,src/python/ppm/ppm_parser.py,flip_vertical,function,src/python/ppm/ppm_parser.py,codec_io,,,,medium,partial,verify,not_started,ACCEPTED_VERIFIED,
ppm,src/python/ppm/ppm_parser.py,rotate_90,function,src/python/ppm/ppm_parser.py,codec_io,,,,medium,partial,verify,not_started,ACCEPTED_VERIFIED,
ppm,src/python/ppm/ppm_parser.py,is_grayscale,function,src/python/ppm/ppm_parser.py,codec_io,,,,medium,partial,verify,not_started,ACCEPTED_VERIFIED,
ppm,src/python/ppm/ppm_parser.py,ppm_red_channel_average,function,src/python/ppm/ppm_parser.py,codec_io,,,,medium,partial,verify,not_started,ACCEPTED_VERIFIED,
ppm,src/python/ppm/ppm_parser.py,ppm_green_channel_average,function,src/python/ppm/ppm_parser.py,codec_io,,,,medium,partial,verify,not_started,ACCEPTED_VERIFIED,
ppm,src/python/ppm/ppm_parser.py,ppm_unique_color_count,function,src/python/ppm/ppm_parser.py,codec_io,,,,medium,partial,verify,not_started,ACCEPTED_VERIFIED,
ppm,src/python/ppm/ppm_parser.py,ppm_pixel_count,function,src/python/ppm/ppm_parser.py,codec_io,,,,medium,partial,verify,not_started,ACCEPTED_VERIFIED,
ppm,src/python/ppm/ppm_parser.py,ppm_brightness_variance,function,src/python/ppm/ppm_parser.py,codec_io,,,,medium,partial,verify,not_started,ACCEPTED_VERIFIED,
ppm,src/python/ppm/ppm_parser.py,ppm_is_binary,function,src/python/ppm/ppm_parser.py,codec_io,,,,medium,partial,verify,not_started,ACCEPTED_VERIFIED,
ppm,src/python/ppm/ppm_parser.py,ppm_aspect_ratio,function,src/python/ppm/ppm_parser.py,codec_io,,,,medium,partial,verify,not_started,ACCEPTED_VERIFIED,
ppm,src/python/ppm/ppm_parser.py,ppm_dominant_channel,function,src/python/ppm/ppm_parser.py,codec_io,,,,medium,partial,verify,not_started,ACCEPTED_VERIFIED,
ppm,src/python/ppm/ppm_parser.py,ppm_min_max_brightness,function,src/python/ppm/ppm_parser.py,codec_io,,,,medium,partial,verify,not_started,ACCEPTED_VERIFIED,
ppm,src/python/ppm/ppm_parser.py,ppm_blue_channel_average,function,src/python/ppm/ppm_parser.py,codec_io,,,,medium,partial,verify,not_started,ACCEPTED_VERIFIED,
ppm,src/python/ppm/ppm_parser.py,ppm_is_grayscale,function,src/python/ppm/ppm_parser.py,codec_io,,,,medium,partial,verify,not_started,ACCEPTED_VERIFIED,
ppm,src/python/ppm/ppm_parser.py,ppm_channel_range,function,src/python/ppm/ppm_parser.py,codec_io,,,,medium,partial,verify,not_started,ACCEPTED_VERIFIED,
ppm,src/python/ppm/ppm_parser.py,ppm_saturation_estimate,function,src/python/ppm/ppm_parser.py,codec_io,,,,medium,partial,verify,not_started,ACCEPTED_VERIFIED,
ppm,src/python/ppm/ppm_parser.py,ppm_is_dark,function,src/python/ppm/ppm_parser.py,codec_io,,,,medium,partial,verify,not_started,ACCEPTED_VERIFIED,
ppm,src/python/ppm/ppm_parser.py,ppm_red_channel_sum,function,src/python/ppm/ppm_parser.py,codec_io,,,,medium,partial,verify,not_started,ACCEPTED_VERIFIED,
ppm,src/python/ppm/ppm_parser.py,ppm_luminance_average,function,src/python/ppm/ppm_parser.py,codec_io,,,,medium,partial,verify,not_started,ACCEPTED_VERIFIED,
ppm,src/python/ppm/ppm_parser.py,ppm_green_channel_sum,function,src/python/ppm/ppm_parser.py,codec_io,,,,medium,partial,verify,not_started,ACCEPTED_VERIFIED,
ppm,src/python/ppm/ppm_parser.py,ppm_row_count,function,src/python/ppm/ppm_parser.py,codec_io,,,,medium,partial,verify,not_started,ACCEPTED_VERIFIED,
ppm,src/python/ppm/ppm_parser.py,ppm_blue_channel_sum,function,src/python/ppm/ppm_parser.py,codec_io,,,,medium,partial,verify,not_started,ACCEPTED_VERIFIED,
ppm,src/python/ppm/ppm_parser.py,ppm_unique_color_count,function,src/python/ppm/ppm_parser.py,codec_io,,,,medium,partial,verify,not_started,ACCEPTED_VERIFIED,
ppm,src/python/ppm/ppm_parser.py,ppm_perimeter,function,src/python/ppm/ppm_parser.py,codec_io,,,,medium,partial,verify,not_started,ACCEPTED_VERIFIED,
ppm,src/python/ppm/ppm_parser.py,ppm_dimension_ratio,function,src/python/ppm/ppm_parser.py,codec_io,,,,medium,partial,verify,not_started,ACCEPTED_VERIFIED,
ppm,src/python/ppm/ppm_parser.py,ppm_is_square,function,src/python/ppm/ppm_parser.py,codec_io,,,,medium,partial,verify,not_started,ACCEPTED_VERIFIED,
ppm,src/python/ppm/ppm_parser.py,ppm_is_landscape,function,src/python/ppm/ppm_parser.py,codec_io,,,,medium,partial,verify,not_started,ACCEPTED_VERIFIED,
ppm,src/python/ppm/ppm_parser.py,ppm_max_dimension,function,src/python/ppm/ppm_parser.py,codec_io,,,,medium,partial,verify,not_started,ACCEPTED_VERIFIED,
ppm,src/python/ppm/ppm_parser.py,ppm_has_pure_black,function,src/python/ppm/ppm_parser.py,codec_io,,,,medium,partial,verify,not_started,ACCEPTED_VERIFIED,
ppm,src/python/ppm/ppm_parser.py,ppm_max_channel_sum,function,src/python/ppm/ppm_parser.py,codec_io,,,,medium,partial,verify,not_started,ACCEPTED_VERIFIED,
ppm,src/python/ppm/ppm_parser.py,ppm_min_channel_sum,function,src/python/ppm/ppm_parser.py,codec_io,,,,medium,partial,verify,not_started,ACCEPTED_VERIFIED,
ppm,src/python/ppm/ppm_parser.py,ppm_has_pure_white,function,src/python/ppm/ppm_parser.py,codec_io,,,,medium,partial,verify,not_started,ACCEPTED_VERIFIED,
ppm,src/python/ppm/ppm_parser.py,ppm_megapixels,function,src/python/ppm/ppm_parser.py,codec_io,,,,medium,partial,verify,not_started,ACCEPTED_VERIFIED,
ppm,src/python/ppm/ppm_parser.py,ppm_channel_balance,function,src/python/ppm/ppm_parser.py,codec_io,,,,medium,partial,verify,not_started,ACCEPTED_VERIFIED,
ppm,src/python/ppm/ppm_parser.py,ppm_column_count,function,src/python/ppm/ppm_parser.py,codec_io,,,,medium,partial,verify,not_started,ACCEPTED_VERIFIED,
ppm,src/python/ppm/ppm_parser.py,ppm_min_dimension,function,src/python/ppm/ppm_parser.py,codec_io,,,,medium,partial,verify,not_started,ACCEPTED_VERIFIED,
ppm,src/python/ppm/ppm_parser.py,ppm_is_tall,function,src/python/ppm/ppm_parser.py,codec_io,,,,medium,partial,verify,not_started,ACCEPTED_VERIFIED,
ppm,src/python/ppm/ppm_parser.py,ppm_pixel_density,function,src/python/ppm/ppm_parser.py,codec_io,,,,medium,partial,verify,not_started,ACCEPTED_VERIFIED,
ppm,src/python/ppm/ppm_parser.py,ppm_is_portrait,function,src/python/ppm/ppm_parser.py,codec_io,,,,medium,partial,verify,not_started,ACCEPTED_VERIFIED,
ppm,src/python/ppm/ppm_parser.py,ppm_diagonal,function,src/python/ppm/ppm_parser.py,codec_io,,,,medium,partial,verify,not_started,ACCEPTED_VERIFIED,
ppm,src/python/ppm/ppm_parser.py,ppm_is_monochrome,function,src/python/ppm/ppm_parser.py,codec_io,,,,medium,partial,verify,not_started,ACCEPTED_VERIFIED,
ppm,src/python/ppm/ppm_parser.py,ppm_total_channel_sum,function,src/python/ppm/ppm_parser.py,codec_io,,,,medium,partial,verify,not_started,ACCEPTED_VERIFIED,
ppm,src/python/ppm/ppm_parser.py,ppm_avg_brightness,function,src/python/ppm/ppm_parser.py,codec_io,,,,medium,partial,verify,not_started,ACCEPTED_VERIFIED,
ppm,src/python/ppm/ppm_parser.py,ppm_color_variance,function,src/python/ppm/ppm_parser.py,codec_io,,,,medium,partial,verify,not_started,ACCEPTED_VERIFIED,
ppm,src/python/ppm/ppm_parser.py,ppm_distinct_pixel_count,function,src/python/ppm/ppm_parser.py,codec_io,,,,medium,partial,verify,not_started,ACCEPTED_VERIFIED,
ppm,src/python/ppm/ppm_parser.py,ppm_is_grayscale,function,src/python/ppm/ppm_parser.py,codec_io,,,,medium,partial,verify,not_started,ACCEPTED_VERIFIED,
ppm,src/python/ppm/ppm_parser.py,ppm_red_ratio,function,src/python/ppm/ppm_parser.py,codec_io,,,,medium,partial,verify,not_started,ACCEPTED_VERIFIED,
ppm,src/python/ppm/ppm_parser.py,ppm_border_brightness,function,src/python/ppm/ppm_parser.py,codec_io,,,,medium,partial,verify,not_started,ACCEPTED_VERIFIED,
ppm,src/python/ppm/ppm_parser.py,ppm_green_ratio,function,src/python/ppm/ppm_parser.py,codec_io,,,,medium,partial,verify,not_started,ACCEPTED_VERIFIED,
ppm,src/python/ppm/ppm_parser.py,ppm_pixel_brightness_range,function,src/python/ppm/ppm_parser.py,codec_io,,,,medium,partial,verify,not_started,ACCEPTED_VERIFIED,
ppm,src/python/ppm/ppm_parser.py,ppm_blue_ratio,function,src/python/ppm/ppm_parser.py,codec_io,,,,medium,partial,verify,not_started,ACCEPTED_VERIFIED,
ppm,src/python/ppm/ppm_parser.py,ppm_is_bright,function,src/python/ppm/ppm_parser.py,codec_io,,,,medium,partial,verify,not_started,ACCEPTED_VERIFIED,
ppm,src/python/ppm/ppm_parser.py,ppm_maxval,function,src/python/ppm/ppm_parser.py,codec_io,,,,medium,partial,verify,not_started,ACCEPTED_VERIFIED,
ppm,src/python/ppm/ppm_parser.py,ppm_normalized_brightness,function,src/python/ppm/ppm_parser.py,codec_io,,,,medium,partial,verify,not_started,ACCEPTED_VERIFIED,
ppm,src/python/ppm/ppm_parser.py,ppm_area,function,src/python/ppm/ppm_parser.py,codec_io,,,,medium,partial,verify,not_started,ACCEPTED_VERIFIED,
ppm,src/python/ppm/ppm_parser.py,ppm_min_channel_avg,function,src/python/ppm/ppm_parser.py,codec_io,,,,medium,partial,verify,not_started,ACCEPTED_VERIFIED,
ppm,src/python/ppm/ppm_parser.py,ppm_max_pixel_brightness,function,src/python/ppm/ppm_parser.py,codec_io,,,,medium,partial,verify,not_started,ACCEPTED_VERIFIED,
ppm,src/python/ppm/ppm_stats.py,image_stats,function,src/python/ppm/ppm_stats.py,codec_io,,,,medium,partial,verify,not_started,ACCEPTED_VERIFIED,
ppm,src/python/ppm/ppm_stats.py,image_color_sample,function,src/python/ppm/ppm_stats.py,codec_io,,,,medium,partial,verify,not_started,ACCEPTED_VERIFIED,
ppm,src/python/ppm/ppm_stats.py,ppm_channel_stats,function,src/python/ppm/ppm_stats.py,codec_io,,,,medium,partial,verify,not_started,ACCEPTED_VERIFIED,
ppm,src/python/ppm/ppm_stats.py,ppm_brightness_histogram,function,src/python/ppm/ppm_stats.py,codec_io,,,,medium,partial,verify,not_started,ACCEPTED_VERIFIED,
ppm,src/python/ppm/ppm_stats.py,ppm_pixel_count,function,src/python/ppm/ppm_stats.py,codec_io,,,,medium,partial,verify,not_started,ACCEPTED_VERIFIED,
ppm,src/python/ppm/ppm_stats.py,ppm_channel_histogram,function,src/python/ppm/ppm_stats.py,codec_io,,,,medium,partial,verify,not_started,ACCEPTED_VERIFIED,
ppm,src/python/ppm/ppm_to_pgm.py,ppm_pixels_to_pgm_pixels,function,src/python/ppm/ppm_to_pgm.py,codec_io,,,,medium,partial,verify,not_started,ACCEPTED_VERIFIED,
ppm,src/python/ppm/ppm_to_pgm.py,convert_ppm_to_pgm,function,src/python/ppm/ppm_to_pgm.py,codec_io,,,,medium,partial,verify,not_started,ACCEPTED_VERIFIED,
ppm,src/python/ppm/spec/__init__.py,,,src/python/ppm/spec/__init__.py,spec_element_behavior,,,,low,unknown,no,complete,ACCEPTED_VERIFIED,TC-PH-012: spec class has behavioral methods (migrated 2026-06-22)
ppm,src/python/ppm/spec/pixmap/__init__.py,,,src/python/ppm/spec/pixmap/__init__.py,spec_element_behavior,,,,low,unknown,no,complete,ACCEPTED_VERIFIED,TC-PH-012: spec class has behavioral methods (migrated 2026-06-22)
ppm,src/python/ppm/spec/pixmap/header.py,Header,class,src/python/ppm/spec/pixmap/header.py,spec_element_behavior,,,,high,yes,no,complete,ACCEPTED_VERIFIED,
ppm,src/python/ppm/spec/pixmap/pixmap.py,Pixmap,class,src/python/ppm/spec/pixmap/pixmap.py,spec_element_behavior,,,,high,yes,no,complete,ACCEPTED_VERIFIED,
qoi,src/python/qoi/__init__.py,,,src/python/qoi/__init__.py,codec_io,,,,low,unknown,no,not_needed,ACCEPTED_VERIFIED,
qoi,src/python/qoi/Compat/__init__.py,,,src/python/qoi/Compat/__init__.py,facade_behavior,,,,low,unknown,no,not_needed,ACCEPTED_VERIFIED,
qoi,src/python/qoi/Compat/qoi_chunk.py,QoiChunk,class,src/python/qoi/Compat/qoi_chunk.py,facade_behavior,,,,high,yes,no,complete,ACCEPTED_VERIFIED,
qoi,src/python/qoi/Compat/qoi_header.py,QoiHeader,class,src/python/qoi/Compat/qoi_header.py,facade_behavior,,,,high,yes,no,complete,ACCEPTED_VERIFIED,
qoi,src/python/qoi/qoi_encoder.py,QoiEncodeError,class,src/python/qoi/qoi_encoder.py,codec_io,,,,high,partial,verify,not_started,ACCEPTED_VERIFIED,
qoi,src/python/qoi/qoi_encoder.py,_validate_image,function,src/python/qoi/qoi_encoder.py,codec_io,,,,low,partial,verify,not_started,ACCEPTED_VERIFIED,
qoi,src/python/qoi/qoi_encoder.py,encode_qoi,function,src/python/qoi/qoi_encoder.py,codec_io,,,,medium,partial,verify,not_started,ACCEPTED_VERIFIED,
qoi,src/python/qoi/qoi_encoder.py,encode_qoi_to_file,function,src/python/qoi/qoi_encoder.py,codec_io,,,,medium,partial,verify,not_started,ACCEPTED_VERIFIED,
qoi,src/python/qoi/qoi_encoder.py,get_encoder_capabilities,function,src/python/qoi/qoi_encoder.py,codec_io,,,,medium,partial,verify,not_started,ACCEPTED_VERIFIED,
qoi,src/python/qoi/qoi_parser.py,get_capabilities,function,src/python/qoi/qoi_parser.py,codec_io,,,,medium,partial,verify,not_started,ACCEPTED_VERIFIED,
qoi,src/python/qoi/qoi_parser.py,QoiError,class,src/python/qoi/qoi_parser.py,codec_io,,,,high,partial,verify,not_started,ACCEPTED_VERIFIED,
qoi,src/python/qoi/qoi_parser.py,QoiInvalidMagicError,class,src/python/qoi/qoi_parser.py,codec_io,,,,high,partial,verify,not_started,ACCEPTED_VERIFIED,
qoi,src/python/qoi/qoi_parser.py,QoiInvalidHeaderError,class,src/python/qoi/qoi_parser.py,codec_io,,,,high,partial,verify,not_started,ACCEPTED_VERIFIED,
qoi,src/python/qoi/qoi_parser.py,QoiSizeError,class,src/python/qoi/qoi_parser.py,codec_io,,,,high,partial,verify,not_started,ACCEPTED_VERIFIED,
qoi,src/python/qoi/qoi_parser.py,QoiDecodeError,class,src/python/qoi/qoi_parser.py,codec_io,,,,high,partial,verify,not_started,ACCEPTED_VERIFIED,
qoi,src/python/qoi/qoi_parser.py,QoiImage,class,src/python/qoi/qoi_parser.py,codec_io,,,,high,partial,verify,not_started,ACCEPTED_VERIFIED,
qoi,src/python/qoi/qoi_parser.py,_color_hash,function,src/python/qoi/qoi_parser.py,codec_io,,,,low,partial,verify,not_started,ACCEPTED_VERIFIED,
qoi,src/python/qoi/qoi_parser.py,_parse_header,function,src/python/qoi/qoi_parser.py,codec_io,,,,low,partial,verify,not_started,ACCEPTED_VERIFIED,
qoi,src/python/qoi/qoi_parser.py,_decode_pixels,function,src/python/qoi/qoi_parser.py,codec_io,,,,low,partial,verify,not_started,ACCEPTED_VERIFIED,
qoi,src/python/qoi/qoi_parser.py,parse_qoi_strict,function,src/python/qoi/qoi_parser.py,codec_io,,,,medium,partial,verify,not_started,ACCEPTED_VERIFIED,
qoi,src/python/qoi/qoi_parser.py,parse_qoi,function,src/python/qoi/qoi_parser.py,codec_io,,,,medium,partial,verify,not_started,ACCEPTED_VERIFIED,
qoi,src/python/qoi/qoi_parser.py,probe_qoi,function,src/python/qoi/qoi_parser.py,codec_io,,,,medium,partial,verify,not_started,ACCEPTED_VERIFIED,
qoi,src/python/qoi/qoi_parser.py,qoi_dimensions,function,src/python/qoi/qoi_parser.py,codec_io,,,,medium,partial,verify,not_started,ACCEPTED_VERIFIED,
qoi,src/python/qoi/qoi_parser.py,qoi_pixel_count,function,src/python/qoi/qoi_parser.py,codec_io,,,,medium,partial,verify,not_started,ACCEPTED_VERIFIED,
qoi,src/python/qoi/qoi_parser.py,qoi_unique_color_count,function,src/python/qoi/qoi_parser.py,codec_io,,,,medium,partial,verify,not_started,ACCEPTED_VERIFIED,
qoi,src/python/qoi/qoi_parser.py,qoi_channel_count,function,src/python/qoi/qoi_parser.py,codec_io,,,,medium,partial,verify,not_started,ACCEPTED_VERIFIED,
qoi,src/python/qoi/qoi_parser.py,qoi_is_opaque,function,src/python/qoi/qoi_parser.py,codec_io,,,,medium,partial,verify,not_started,ACCEPTED_VERIFIED,
qoi,src/python/qoi/qoi_parser.py,qoi_has_alpha,function,src/python/qoi/qoi_parser.py,codec_io,,,,medium,partial,verify,not_started,ACCEPTED_VERIFIED,
qoi,src/python/qoi/qoi_parser.py,qoi_average_brightness,function,src/python/qoi/qoi_parser.py,codec_io,,,,medium,partial,verify,not_started,ACCEPTED_VERIFIED,
qoi,src/python/qoi/qoi_parser.py,qoi_red_channel_average,function,src/python/qoi/qoi_parser.py,codec_io,,,,medium,partial,verify,not_started,ACCEPTED_VERIFIED,
qoi,src/python/qoi/qoi_parser.py,qoi_dominant_channel,function,src/python/qoi/qoi_parser.py,codec_io,,,,medium,partial,verify,not_started,ACCEPTED_VERIFIED,
qoi,src/python/qoi/qoi_parser.py,qoi_min_max_brightness,function,src/python/qoi/qoi_parser.py,codec_io,,,,medium,partial,verify,not_started,ACCEPTED_VERIFIED,
qoi,src/python/qoi/qoi_parser.py,qoi_green_channel_average,function,src/python/qoi/qoi_parser.py,codec_io,,,,medium,partial,verify,not_started,ACCEPTED_VERIFIED,
qoi,src/python/qoi/qoi_parser.py,qoi_blue_channel_average,function,src/python/qoi/qoi_parser.py,codec_io,,,,medium,partial,verify,not_started,ACCEPTED_VERIFIED,
qoi,src/python/qoi/qoi_parser.py,qoi_is_grayscale,function,src/python/qoi/qoi_parser.py,codec_io,,,,medium,partial,verify,not_started,ACCEPTED_VERIFIED,
qoi,src/python/qoi/qoi_parser.py,qoi_brightness_variance,function,src/python/qoi/qoi_parser.py,codec_io,,,,medium,partial,verify,not_started,ACCEPTED_VERIFIED,
qoi,src/python/qoi/qoi_parser.py,qoi_total_brightness,function,src/python/qoi/qoi_parser.py,codec_io,,,,medium,partial,verify,not_started,ACCEPTED_VERIFIED,
qoi,src/python/qoi/qoi_parser.py,qoi_avg_rgb_value,function,src/python/qoi/qoi_parser.py,codec_io,,,,medium,partial,verify,not_started,ACCEPTED_VERIFIED,
qoi,src/python/qoi/qoi_parser.py,qoi_red_dominance_ratio,function,src/python/qoi/qoi_parser.py,codec_io,,,,medium,partial,verify,not_started,ACCEPTED_VERIFIED,
qoi,src/python/qoi/qoi_parser.py,qoi_aspect_ratio,function,src/python/qoi/qoi_parser.py,codec_io,,,,medium,partial,verify,not_started,ACCEPTED_VERIFIED,
qoi,src/python/qoi/qoi_parser.py,qoi_color_concentration,function,src/python/qoi/qoi_parser.py,codec_io,,,,medium,partial,verify,not_started,ACCEPTED_VERIFIED,
qoi,src/python/qoi/qoi_parser.py,qoi_avg_rgb,function,src/python/qoi/qoi_parser.py,codec_io,,,,medium,partial,verify,not_started,ACCEPTED_VERIFIED,
qoi,src/python/qoi/qoi_parser.py,qoi_red_dominant,function,src/python/qoi/qoi_parser.py,codec_io,,,,medium,partial,verify,not_started,ACCEPTED_VERIFIED,
qoi,src/python/qoi/qoi_parser.py,qoi_blue_dominant,function,src/python/qoi/qoi_parser.py,codec_io,,,,medium,partial,verify,not_started,ACCEPTED_VERIFIED,
qoi,src/python/qoi/qoi_parser.py,qoi_green_dominant,function,src/python/qoi/qoi_parser.py,codec_io,,,,medium,partial,verify,not_started,ACCEPTED_VERIFIED,
qoi,src/python/qoi/qoi_parser.py,qoi_row_count,function,src/python/qoi/qoi_parser.py,codec_io,,,,medium,partial,verify,not_started,ACCEPTED_VERIFIED,
qoi,src/python/qoi/qoi_parser.py,qoi_is_square,function,src/python/qoi/qoi_parser.py,codec_io,,,,medium,partial,verify,not_started,ACCEPTED_VERIFIED,
qoi,src/python/qoi/qoi_parser.py,qoi_perimeter,function,src/python/qoi/qoi_parser.py,codec_io,,,,medium,partial,verify,not_started,ACCEPTED_VERIFIED,
qoi,src/python/qoi/qoi_parser.py,qoi_color_variance,function,src/python/qoi/qoi_parser.py,codec_io,,,,medium,partial,verify,not_started,ACCEPTED_VERIFIED,
qoi,src/python/qoi/qoi_parser.py,qoi_dimension_ratio,function,src/python/qoi/qoi_parser.py,codec_io,,,,medium,partial,verify,not_started,ACCEPTED_VERIFIED,
qoi,src/python/qoi/qoi_parser.py,qoi_is_landscape,function,src/python/qoi/qoi_parser.py,codec_io,,,,medium,partial,verify,not_started,ACCEPTED_VERIFIED,
qoi,src/python/qoi/qoi_parser.py,qoi_is_portrait,function,src/python/qoi/qoi_parser.py,codec_io,,,,medium,partial,verify,not_started,ACCEPTED_VERIFIED,
qoi,src/python/qoi/qoi_parser.py,qoi_max_dimension,function,src/python/qoi/qoi_parser.py,codec_io,,,,medium,partial,verify,not_started,ACCEPTED_VERIFIED,
qoi,src/python/qoi/qoi_parser.py,qoi_has_any_black,function,src/python/qoi/qoi_parser.py,codec_io,,,,medium,partial,verify,not_started,ACCEPTED_VERIFIED,
qoi,src/python/qoi/qoi_parser.py,qoi_max_channel_average,function,src/python/qoi/qoi_parser.py,codec_io,,,,medium,partial,verify,not_started,ACCEPTED_VERIFIED,
qoi,src/python/qoi/qoi_parser.py,qoi_min_channel_average,function,src/python/qoi/qoi_parser.py,codec_io,,,,medium,partial,verify,not_started,ACCEPTED_VERIFIED,
qoi,src/python/qoi/qoi_parser.py,qoi_has_any_white,function,src/python/qoi/qoi_parser.py,codec_io,,,,medium,partial,verify,not_started,ACCEPTED_VERIFIED,
qoi,src/python/qoi/qoi_parser.py,qoi_channel_range,function,src/python/qoi/qoi_parser.py,codec_io,,,,medium,partial,verify,not_started,ACCEPTED_VERIFIED,
qoi,src/python/qoi/qoi_parser.py,qoi_diagonal,function,src/python/qoi/qoi_parser.py,codec_io,,,,medium,partial,verify,not_started,ACCEPTED_VERIFIED,
qoi,src/python/qoi/qoi_parser.py,qoi_min_dimension,function,src/python/qoi/qoi_parser.py,codec_io,,,,medium,partial,verify,not_started,ACCEPTED_VERIFIED,
qoi,src/python/qoi/qoi_parser.py,qoi_area,function,src/python/qoi/qoi_parser.py,codec_io,,,,medium,partial,verify,not_started,ACCEPTED_VERIFIED,
qoi,src/python/qoi/qoi_parser.py,qoi_brightness_range,function,src/python/qoi/qoi_parser.py,codec_io,,,,medium,partial,verify,not_started,ACCEPTED_VERIFIED,
qoi,src/python/qoi/qoi_parser.py,qoi_is_small,function,src/python/qoi/qoi_parser.py,codec_io,,,,medium,partial,verify,not_started,ACCEPTED_VERIFIED,
qoi,src/python/qoi/qoi_parser.py,qoi_megapixels,function,src/python/qoi/qoi_parser.py,codec_io,,,,medium,partial,verify,not_started,ACCEPTED_VERIFIED,
qoi,src/python/qoi/qoi_parser.py,qoi_channel_balance,function,src/python/qoi/qoi_parser.py,codec_io,,,,medium,partial,verify,not_started,ACCEPTED_VERIFIED,
qoi,src/python/qoi/qoi_parser.py,qoi_is_tall,function,src/python/qoi/qoi_parser.py,codec_io,,,,medium,partial,verify,not_started,ACCEPTED_VERIFIED,
qoi,src/python/qoi/qoi_parser.py,qoi_channel_entropy,function,src/python/qoi/qoi_parser.py,codec_io,,,,medium,partial,verify,not_started,ACCEPTED_VERIFIED,
qoi,src/python/qoi/qoi_parser.py,qoi_is_monochrome,function,src/python/qoi/qoi_parser.py,codec_io,,,,medium,partial,verify,not_started,ACCEPTED_VERIFIED,
qoi,src/python/qoi/qoi_parser.py,qoi_red_ratio,function,src/python/qoi/qoi_parser.py,codec_io,,,,medium,partial,verify,not_started,ACCEPTED_VERIFIED,
qoi,src/python/qoi/qoi_parser.py,qoi_green_ratio,function,src/python/qoi/qoi_parser.py,codec_io,,,,medium,partial,verify,not_started,ACCEPTED_VERIFIED,
qoi,src/python/qoi/qoi_parser.py,qoi_blue_ratio,function,src/python/qoi/qoi_parser.py,codec_io,,,,medium,partial,verify,not_started,ACCEPTED_VERIFIED,
qoi,src/python/qoi/qoi_parser.py,qoi_pixel_density,function,src/python/qoi/qoi_parser.py,codec_io,,,,medium,partial,verify,not_started,ACCEPTED_VERIFIED,
qoi,src/python/qoi/qoi_parser.py,qoi_is_dark,function,src/python/qoi/qoi_parser.py,codec_io,,,,medium,partial,verify,not_started,ACCEPTED_VERIFIED,
qoi,src/python/qoi/qoi_parser.py,qoi_color_depth_estimate,function,src/python/qoi/qoi_parser.py,codec_io,,,,medium,partial,verify,not_started,ACCEPTED_VERIFIED,
qoi,src/python/qoi/qoi_parser.py,qoi_is_bright,function,src/python/qoi/qoi_parser.py,codec_io,,,,medium,partial,verify,not_started,ACCEPTED_VERIFIED,
qoi,src/python/qoi/qoi_parser.py,qoi_saturation_estimate,function,src/python/qoi/qoi_parser.py,codec_io,,,,medium,partial,verify,not_started,ACCEPTED_VERIFIED,
qoi,src/python/qoi/qoi_parser.py,qoi_pixel_contrast,function,src/python/qoi/qoi_parser.py,codec_io,,,,medium,partial,verify,not_started,ACCEPTED_VERIFIED,
qoi,src/python/qoi/qoi_parser.py,qoi_max_brightness,function,src/python/qoi/qoi_parser.py,codec_io,,,,medium,partial,verify,not_started,ACCEPTED_VERIFIED,
qoi,src/python/qoi/qoi_parser.py,qoi_total_rgb_sum,function,src/python/qoi/qoi_parser.py,codec_io,,,,medium,partial,verify,not_started,ACCEPTED_VERIFIED,
qoi,src/python/qoi/qoi_parser.py,qoi_channel_variance,function,src/python/qoi/qoi_parser.py,codec_io,,,,medium,partial,verify,not_started,ACCEPTED_VERIFIED,
qoi,src/python/qoi/qoi_parser.py,qoi_red_blue_ratio,function,src/python/qoi/qoi_parser.py,codec_io,,,,medium,partial,verify,not_started,ACCEPTED_VERIFIED,
qoi,src/python/qoi/qoi_parser.py,qoi_normalized_brightness,function,src/python/qoi/qoi_parser.py,codec_io,,,,medium,partial,verify,not_started,ACCEPTED_VERIFIED,
qoi,src/python/qoi/qoi_parser.py,qoi_min_brightness,function,src/python/qoi/qoi_parser.py,codec_io,,,,medium,partial,verify,not_started,ACCEPTED_VERIFIED,
qoi,src/python/qoi/qoi_parser.py,qoi_above_mean_ratio,function,src/python/qoi/qoi_parser.py,codec_io,,,,medium,partial,verify,not_started,ACCEPTED_VERIFIED,
qoi,src/python/qoi/qoi_parser.py,qoi_green_blue_ratio,function,src/python/qoi/qoi_parser.py,codec_io,,,,medium,partial,verify,not_started,ACCEPTED_VERIFIED,
qoi,src/python/qoi/qoi_parser.py,qoi_is_wide,function,src/python/qoi/qoi_parser.py,codec_io,,,,medium,partial,verify,not_started,ACCEPTED_VERIFIED,
qoi,src/python/qoi/spec/__init__.py,,,src/python/qoi/spec/__init__.py,spec_element_behavior,,,,low,unknown,no,complete,ACCEPTED_VERIFIED,TC-PH-012: spec class has behavioral methods (migrated 2026-06-22)
qoi,src/python/qoi/spec/chunk/__init__.py,,,src/python/qoi/spec/chunk/__init__.py,spec_element_behavior,,,,low,unknown,no,complete,ACCEPTED_VERIFIED,TC-PH-012: spec class has behavioral methods (migrated 2026-06-22)
qoi,src/python/qoi/spec/chunk/chunk.py,Chunk,class,src/python/qoi/spec/chunk/chunk.py,spec_element_behavior,,,,high,yes,no,complete,ACCEPTED_VERIFIED,
qoi,src/python/qoi/spec/chunk/header.py,Header,class,src/python/qoi/spec/chunk/header.py,spec_element_behavior,,,,high,yes,no,complete,ACCEPTED_VERIFIED,
sylk,src/python/sylk/__init__.py,,,src/python/sylk/__init__.py,codec_io,,,,low,unknown,no,not_needed,ACCEPTED_VERIFIED,
sylk,src/python/sylk/Compat/__init__.py,,,src/python/sylk/Compat/__init__.py,facade_behavior,,,,low,unknown,no,not_needed,ACCEPTED_VERIFIED,
sylk,src/python/sylk/Compat/sylk_cell.py,SylkCell,class,src/python/sylk/Compat/sylk_cell.py,facade_behavior,,,,high,yes,no,complete,ACCEPTED_VERIFIED,
sylk,src/python/sylk/Compat/sylk_header.py,SylkHeader,class,src/python/sylk/Compat/sylk_header.py,facade_behavior,,,,high,yes,no,complete,ACCEPTED_VERIFIED,
sylk,src/python/sylk/Compat/sylk_row.py,SylkRow,class,src/python/sylk/Compat/sylk_row.py,facade_behavior,,,,high,yes,no,complete,ACCEPTED_VERIFIED,
sylk,src/python/sylk/spec/__init__.py,,,src/python/sylk/spec/__init__.py,spec_element_behavior,,,,low,unknown,no,complete,ACCEPTED_VERIFIED,TC-PH-012: spec class has behavioral methods (migrated 2026-06-22)
sylk,src/python/sylk/spec/row/__init__.py,,,src/python/sylk/spec/row/__init__.py,spec_element_behavior,,,,low,unknown,no,complete,ACCEPTED_VERIFIED,TC-PH-012: spec class has behavioral methods (migrated 2026-06-22)
sylk,src/python/sylk/spec/row/cell.py,Cell,class,src/python/sylk/spec/row/cell.py,spec_element_behavior,,,,high,yes,no,complete,ACCEPTED_VERIFIED,
sylk,src/python/sylk/spec/row/header.py,Header,class,src/python/sylk/spec/row/header.py,spec_element_behavior,,,,high,yes,no,complete,ACCEPTED_VERIFIED,
sylk,src/python/sylk/spec/row/row.py,Row,class,src/python/sylk/spec/row/row.py,spec_element_behavior,,,,high,yes,no,complete,ACCEPTED_VERIFIED,
sylk,src/python/sylk/sylk_parser.py,SylkError,class,src/python/sylk/sylk_parser.py,codec_io,,,,high,partial,verify,not_started,ACCEPTED_VERIFIED,
sylk,src/python/sylk/sylk_parser.py,SylkInvalidFormatError,class,src/python/sylk/sylk_parser.py,codec_io,,,,high,partial,verify,not_started,ACCEPTED_VERIFIED,
sylk,src/python/sylk/sylk_parser.py,SylkSizeError,class,src/python/sylk/sylk_parser.py,codec_io,,,,high,partial,verify,not_started,ACCEPTED_VERIFIED,
sylk,src/python/sylk/sylk_parser.py,SylkParseError,class,src/python/sylk/sylk_parser.py,codec_io,,,,high,partial,verify,not_started,ACCEPTED_VERIFIED,
sylk,src/python/sylk/sylk_parser.py,SylkCell,class,src/python/sylk/sylk_parser.py,codec_io,,,,high,partial,verify,not_started,ACCEPTED_VERIFIED,
sylk,src/python/sylk/sylk_parser.py,SylkDocument,class,src/python/sylk/sylk_parser.py,codec_io,,,,high,partial,verify,not_started,ACCEPTED_VERIFIED,
sylk,src/python/sylk/sylk_parser.py,parse_sylk_strict,function,src/python/sylk/sylk_parser.py,codec_io,,,,medium,partial,verify,not_started,ACCEPTED_VERIFIED,
sylk,src/python/sylk/sylk_parser.py,parse_sylk,function,src/python/sylk/sylk_parser.py,codec_io,,,,medium,partial,verify,not_started,ACCEPTED_VERIFIED,
sylk,src/python/sylk/sylk_parser.py,probe_sylk,function,src/python/sylk/sylk_parser.py,codec_io,,,,medium,partial,verify,not_started,ACCEPTED_VERIFIED,
sylk,src/python/sylk/sylk_parser.py,get_capabilities,function,src/python/sylk/sylk_parser.py,codec_io,,,,medium,partial,verify,not_started,ACCEPTED_VERIFIED,
sylk,src/python/sylk/sylk_parser.py,write_sylk,function,src/python/sylk/sylk_parser.py,codec_io,,,,medium,partial,verify,not_started,ACCEPTED_VERIFIED,
sylk,src/python/sylk/sylk_parser.py,sylk_to_csv,function,src/python/sylk/sylk_parser.py,codec_io,,,,medium,partial,verify,not_started,ACCEPTED_VERIFIED,
sylk,src/python/sylk/sylk_parser.py,get_cell_value,function,src/python/sylk/sylk_parser.py,codec_io,,,,medium,partial,verify,not_started,ACCEPTED_VERIFIED,
sylk,src/python/sylk/sylk_parser.py,get_row_values,function,src/python/sylk/sylk_parser.py,codec_io,,,,medium,partial,verify,not_started,ACCEPTED_VERIFIED,
sylk,src/python/sylk/sylk_parser.py,get_row_count,function,src/python/sylk/sylk_parser.py,codec_io,,,,medium,partial,verify,not_started,ACCEPTED_VERIFIED,
sylk,src/python/sylk/sylk_parser.py,get_column_count,function,src/python/sylk/sylk_parser.py,codec_io,,,,medium,partial,verify,not_started,ACCEPTED_VERIFIED,
sylk,src/python/sylk/sylk_parser.py,get_cell_count,function,src/python/sylk/sylk_parser.py,codec_io,,,,medium,partial,verify,not_started,ACCEPTED_VERIFIED,
sylk,src/python/sylk/sylk_parser.py,get_all_values,function,src/python/sylk/sylk_parser.py,codec_io,,,,medium,partial,verify,not_started,ACCEPTED_VERIFIED,
sylk,src/python/sylk/sylk_parser.py,set_cell_value,function,src/python/sylk/sylk_parser.py,codec_io,,,,medium,partial,verify,not_started,ACCEPTED_VERIFIED,
sylk,src/python/sylk/sylk_parser.py,get_column_values,function,src/python/sylk/sylk_parser.py,codec_io,,,,medium,partial,verify,not_started,ACCEPTED_VERIFIED,
sylk,src/python/sylk/sylk_parser.py,add_row,function,src/python/sylk/sylk_parser.py,codec_io,,,,medium,partial,verify,not_started,ACCEPTED_VERIFIED,
sylk,src/python/sylk/sylk_parser.py,delete_row,function,src/python/sylk/sylk_parser.py,codec_io,,,,medium,partial,verify,not_started,ACCEPTED_VERIFIED,
sylk,src/python/sylk/sylk_parser.py,count_nonempty_cells,function,src/python/sylk/sylk_parser.py,codec_io,,,,medium,partial,verify,not_started,ACCEPTED_VERIFIED,
sylk,src/python/sylk/sylk_parser.py,sum_column,function,src/python/sylk/sylk_parser.py,codec_io,,,,medium,partial,verify,not_started,ACCEPTED_VERIFIED,
sylk,src/python/sylk/sylk_parser.py,sylk_to_html,function,src/python/sylk/sylk_parser.py,codec_io,,,,medium,partial,verify,not_started,ACCEPTED_VERIFIED,
sylk,src/python/sylk/sylk_parser.py,min_column_value,function,src/python/sylk/sylk_parser.py,codec_io,,,,medium,partial,verify,not_started,ACCEPTED_VERIFIED,
sylk,src/python/sylk/sylk_parser.py,max_column_value,function,src/python/sylk/sylk_parser.py,codec_io,,,,medium,partial,verify,not_started,ACCEPTED_VERIFIED,
sylk,src/python/sylk/sylk_parser.py,average_column,function,src/python/sylk/sylk_parser.py,codec_io,,,,medium,partial,verify,not_started,ACCEPTED_VERIFIED,
sylk,src/python/sylk/sylk_parser.py,find_value,function,src/python/sylk/sylk_parser.py,codec_io,,,,medium,partial,verify,not_started,ACCEPTED_VERIFIED,
sylk,src/python/sylk/sylk_parser.py,count_distinct_values,function,src/python/sylk/sylk_parser.py,codec_io,,,,medium,partial,verify,not_started,ACCEPTED_VERIFIED,
sylk,src/python/sylk/sylk_parser.py,find_rows_by_value,function,src/python/sylk/sylk_parser.py,codec_io,,,,medium,partial,verify,not_started,ACCEPTED_VERIFIED,
sylk,src/python/sylk/sylk_parser.py,sylk_nonempty_rows,function,src/python/sylk/sylk_parser.py,codec_io,,,,medium,partial,verify,not_started,ACCEPTED_VERIFIED,
sylk,src/python/sylk/sylk_parser.py,sylk_numeric_cell_count,function,src/python/sylk/sylk_parser.py,codec_io,,,,medium,partial,verify,not_started,ACCEPTED_VERIFIED,
sylk,src/python/sylk/sylk_parser.py,sylk_string_cell_count,function,src/python/sylk/sylk_parser.py,codec_io,,,,medium,partial,verify,not_started,ACCEPTED_VERIFIED,
sylk,src/python/sylk/sylk_parser.py,sylk_max_column_index,function,src/python/sylk/sylk_parser.py,codec_io,,,,medium,partial,verify,not_started,ACCEPTED_VERIFIED,
sylk,src/python/sylk/sylk_parser.py,sylk_row_count,function,src/python/sylk/sylk_parser.py,codec_io,,,,medium,partial,verify,not_started,ACCEPTED_VERIFIED,
sylk,src/python/sylk/sylk_parser.py,sylk_empty_cell_count,function,src/python/sylk/sylk_parser.py,codec_io,,,,medium,partial,verify,not_started,ACCEPTED_VERIFIED,
sylk,src/python/sylk/sylk_parser.py,sylk_total_sum,function,src/python/sylk/sylk_parser.py,codec_io,,,,medium,partial,verify,not_started,ACCEPTED_VERIFIED,
sylk,src/python/sylk/sylk_parser.py,sylk_column_count,function,src/python/sylk/sylk_parser.py,codec_io,,,,medium,partial,verify,not_started,ACCEPTED_VERIFIED,
sylk,src/python/sylk/sylk_parser.py,sylk_unique_values,function,src/python/sylk/sylk_parser.py,codec_io,,,,medium,partial,verify,not_started,ACCEPTED_VERIFIED,
sylk,src/python/sylk/sylk_parser.py,sylk_cell_type_distribution,function,src/python/sylk/sylk_parser.py,codec_io,,,,medium,partial,verify,not_started,ACCEPTED_VERIFIED,
sylk,src/python/sylk/sylk_parser.py,sylk_has_header,function,src/python/sylk/sylk_parser.py,codec_io,,,,medium,partial,verify,not_started,ACCEPTED_VERIFIED,
sylk,src/python/sylk/sylk_parser.py,sylk_average_numeric_value,function,src/python/sylk/sylk_parser.py,codec_io,,,,medium,partial,verify,not_started,ACCEPTED_VERIFIED,
sylk,src/python/sylk/sylk_parser.py,sylk_max_row_length,function,src/python/sylk/sylk_parser.py,codec_io,,,,medium,partial,verify,not_started,ACCEPTED_VERIFIED,
sylk,src/python/sylk/sylk_parser.py,sylk_numeric_density,function,src/python/sylk/sylk_parser.py,codec_io,,,,medium,partial,verify,not_started,ACCEPTED_VERIFIED,
sylk,src/python/sylk/sylk_parser.py,sylk_total_cell_count,function,src/python/sylk/sylk_parser.py,codec_io,,,,medium,partial,verify,not_started,ACCEPTED_VERIFIED,
sylk,src/python/sylk/sylk_parser.py,sylk_string_density,function,src/python/sylk/sylk_parser.py,codec_io,,,,medium,partial,verify,not_started,ACCEPTED_VERIFIED,
sylk,src/python/sylk/sylk_parser.py,sylk_nonempty_cell_count,function,src/python/sylk/sylk_parser.py,codec_io,,,,medium,partial,verify,not_started,ACCEPTED_VERIFIED,
sylk,src/python/sylk/sylk_parser.py,sylk_avg_row_length,function,src/python/sylk/sylk_parser.py,codec_io,,,,medium,partial,verify,not_started,ACCEPTED_VERIFIED,
sylk,src/python/sylk/sylk_parser.py,sylk_min_col_index,function,src/python/sylk/sylk_parser.py,codec_io,,,,medium,partial,verify,not_started,ACCEPTED_VERIFIED,
sylk,src/python/sylk/sylk_parser.py,sylk_data_sparsity,function,src/python/sylk/sylk_parser.py,codec_io,,,,medium,partial,verify,not_started,ACCEPTED_VERIFIED,
sylk,src/python/sylk/sylk_parser.py,sylk_max_cell_value_length,function,src/python/sylk/sylk_parser.py,codec_io,,,,medium,partial,verify,not_started,ACCEPTED_VERIFIED,
sylk,src/python/sylk/sylk_parser.py,sylk_empty_cell_count,function,src/python/sylk/sylk_parser.py,codec_io,,,,medium,partial,verify,not_started,ACCEPTED_VERIFIED,
sylk,src/python/sylk/sylk_parser.py,sylk_min_cell_value_length,function,src/python/sylk/sylk_parser.py,codec_io,,,,medium,partial,verify,not_started,ACCEPTED_VERIFIED,
sylk,src/python/sylk/sylk_parser.py,sylk_max_numeric_value,function,src/python/sylk/sylk_parser.py,codec_io,,,,medium,partial,verify,not_started,ACCEPTED_VERIFIED,
sylk,src/python/sylk/sylk_parser.py,sylk_min_numeric_value,function,src/python/sylk/sylk_parser.py,codec_io,,,,medium,partial,verify,not_started,ACCEPTED_VERIFIED,
sylk,src/python/sylk/sylk_parser.py,sylk_numeric_range,function,src/python/sylk/sylk_parser.py,codec_io,,,,medium,partial,verify,not_started,ACCEPTED_VERIFIED,
sylk,src/python/sylk/sylk_parser.py,sylk_is_rectangular,function,src/python/sylk/sylk_parser.py,codec_io,,,,medium,partial,verify,not_started,ACCEPTED_VERIFIED,
sylk,src/python/sylk/sylk_parser.py,sylk_min_row_length,function,src/python/sylk/sylk_parser.py,codec_io,,,,medium,partial,verify,not_started,ACCEPTED_VERIFIED,
sylk,src/python/sylk/sylk_parser.py,sylk_has_string_cells,function,src/python/sylk/sylk_parser.py,codec_io,,,,medium,partial,verify,not_started,ACCEPTED_VERIFIED,
sylk,src/python/sylk/sylk_parser.py,sylk_unique_row_count,function,src/python/sylk/sylk_parser.py,codec_io,,,,medium,partial,verify,not_started,ACCEPTED_VERIFIED,
sylk,src/python/sylk/sylk_parser.py,sylk_unique_column_count,function,src/python/sylk/sylk_parser.py,codec_io,,,,medium,partial,verify,not_started,ACCEPTED_VERIFIED,
sylk,src/python/sylk/sylk_parser.py,sylk_has_numeric_cells,function,src/python/sylk/sylk_parser.py,codec_io,,,,medium,partial,verify,not_started,ACCEPTED_VERIFIED,
sylk,src/python/sylk/sylk_parser.py,sylk_data_density,function,src/python/sylk/sylk_parser.py,codec_io,,,,medium,partial,verify,not_started,ACCEPTED_VERIFIED,
sylk,src/python/sylk/sylk_parser.py,sylk_avg_cell_value_length,function,src/python/sylk/sylk_parser.py,codec_io,,,,medium,partial,verify,not_started,ACCEPTED_VERIFIED,
sylk,src/python/sylk/sylk_parser.py,sylk_is_single_row,function,src/python/sylk/sylk_parser.py,codec_io,,,,medium,partial,verify,not_started,ACCEPTED_VERIFIED,
sylk,src/python/sylk/sylk_parser.py,sylk_max_string_length,function,src/python/sylk/sylk_parser.py,codec_io,,,,medium,partial,verify,not_started,ACCEPTED_VERIFIED,
sylk,src/python/sylk/sylk_parser.py,sylk_column_variance,function,src/python/sylk/sylk_parser.py,codec_io,,,,medium,partial,verify,not_started,ACCEPTED_VERIFIED,
sylk,src/python/sylk/sylk_parser.py,sylk_is_empty,function,src/python/sylk/sylk_parser.py,codec_io,,,,medium,partial,verify,not_started,ACCEPTED_VERIFIED,
sylk,src/python/sylk/sylk_parser.py,sylk_has_empty_rows,function,src/python/sylk/sylk_parser.py,codec_io,,,,medium,partial,verify,not_started,ACCEPTED_VERIFIED,
sylk,src/python/sylk/sylk_parser.py,sylk_avg_numeric_cell_length,function,src/python/sylk/sylk_parser.py,codec_io,,,,medium,partial,verify,not_started,ACCEPTED_VERIFIED,
sylk,src/python/sylk/sylk_parser.py,sylk_unique_value_count,function,src/python/sylk/sylk_parser.py,codec_io,,,,medium,partial,verify,not_started,ACCEPTED_VERIFIED,
sylk,src/python/sylk/sylk_parser.py,sylk_is_multi_row,function,src/python/sylk/sylk_parser.py,codec_io,,,,medium,partial,verify,not_started,ACCEPTED_VERIFIED,
sylk,src/python/sylk/sylk_parser.py,sylk_is_single_column,function,src/python/sylk/sylk_parser.py,codec_io,,,,medium,partial,verify,not_started,ACCEPTED_VERIFIED,
sylk,src/python/sylk/sylk_parser.py,sylk_cell_count_variance,function,src/python/sylk/sylk_parser.py,codec_io,,,,medium,partial,verify,not_started,ACCEPTED_VERIFIED,
sylk,src/python/sylk/sylk_parser.py,sylk_is_all_numeric,function,src/python/sylk/sylk_parser.py,codec_io,,,,medium,partial,verify,not_started,ACCEPTED_VERIFIED,
sylk,src/python/sylk/sylk_parser.py,sylk_row_span,function,src/python/sylk/sylk_parser.py,codec_io,,,,medium,partial,verify,not_started,ACCEPTED_VERIFIED,
sylk,src/python/sylk/sylk_parser.py,sylk_numeric_cell_count,function,src/python/sylk/sylk_parser.py,codec_io,,,,medium,partial,verify,not_started,ACCEPTED_VERIFIED,
sylk,src/python/sylk/sylk_parser.py,sylk_is_square,function,src/python/sylk/sylk_parser.py,codec_io,,,,medium,partial,verify,not_started,ACCEPTED_VERIFIED,
sylk,src/python/sylk/sylk_parser.py,sylk_avg_cell_length,function,src/python/sylk/sylk_parser.py,codec_io,,,,medium,partial,verify,not_started,ACCEPTED_VERIFIED,
sylk,src/python/sylk/sylk_parser.py,sylk_column_span,function,src/python/sylk/sylk_parser.py,codec_io,,,,medium,partial,verify,not_started,ACCEPTED_VERIFIED,
sylk,src/python/sylk/sylk_parser.py,sylk_numeric_sum,function,src/python/sylk/sylk_parser.py,codec_io,,,,medium,partial,verify,not_started,ACCEPTED_VERIFIED,
sylk,src/python/sylk/sylk_parser.py,sylk_avg_numeric_value,function,src/python/sylk/sylk_parser.py,codec_io,,,,medium,partial,verify,not_started,ACCEPTED_VERIFIED,
sylk,src/python/sylk/sylk_parser.py,sylk_total_string_length,function,src/python/sylk/sylk_parser.py,codec_io,,,,medium,partial,verify,not_started,ACCEPTED_VERIFIED,
sylk,src/python/sylk/sylk_parser.py,sylk_nonempty_row_ratio,function,src/python/sylk/sylk_parser.py,codec_io,,,,medium,partial,verify,not_started,ACCEPTED_VERIFIED,
sylk,src/python/sylk/sylk_parser.py,sylk_longest_row_index,function,src/python/sylk/sylk_parser.py,codec_io,,,,medium,partial,verify,not_started,ACCEPTED_VERIFIED,
sylk,src/python/sylk/sylk_parser.py,sylk_numeric_variance,function,src/python/sylk/sylk_parser.py,codec_io,,,,medium,partial,verify,not_started,ACCEPTED_VERIFIED,
sylk,src/python/sylk/sylk_parser.py,sylk_max_row_cell_count,function,src/python/sylk/sylk_parser.py,codec_io,,,,medium,partial,verify,not_started,ACCEPTED_VERIFIED,
sylk,src/python/sylk/sylk_parser.py,sylk_string_value_count,function,src/python/sylk/sylk_parser.py,codec_io,,,,medium,partial,verify,not_started,ACCEPTED_VERIFIED,
sylk,src/python/sylk/sylk_parser.py,sylk_has_empty_cells,function,src/python/sylk/sylk_parser.py,codec_io,,,,medium,partial,verify,not_started,ACCEPTED_VERIFIED,
sylk,src/python/sylk/sylk_parser.py,sylk_total_cells,function,src/python/sylk/sylk_parser.py,codec_io,,,,medium,partial,verify,not_started,ACCEPTED_VERIFIED,
sylk,src/python/sylk/sylk_parser.py,sylk_nonempty_cell_ratio,function,src/python/sylk/sylk_parser.py,codec_io,,,,medium,partial,verify,not_started,ACCEPTED_VERIFIED,
sylk,src/python/sylk/sylk_parser.py,sylk_min_row_index,function,src/python/sylk/sylk_parser.py,codec_io,,,,medium,partial,verify,not_started,ACCEPTED_VERIFIED,
sylk,src/python/sylk/sylk_parser.py,sylk_max_row_index,function,src/python/sylk/sylk_parser.py,codec_io,,,,medium,partial,verify,not_started,ACCEPTED_VERIFIED,
sylk,src/python/sylk/sylk_parser.py,sylk_numeric_cell_ratio,function,src/python/sylk/sylk_parser.py,codec_io,,,,medium,partial,verify,not_started,ACCEPTED_VERIFIED,
sylk,src/python/sylk/sylk_parser.py,sylk_value_length_sum,function,src/python/sylk/sylk_parser.py,codec_io,,,,medium,partial,verify,not_started,ACCEPTED_VERIFIED,
sylk,src/python/sylk/sylk_parser.py,sylk_avg_row_density,function,src/python/sylk/sylk_parser.py,codec_io,,,,medium,partial,verify,not_started,ACCEPTED_VERIFIED,
toml,src/python/toml/__init__.py,,,src/python/toml/__init__.py,codec_io,,,,low,unknown,no,not_needed,ACCEPTED_VERIFIED,
toml,src/python/toml/Compat/__init__.py,,,src/python/toml/Compat/__init__.py,facade_behavior,,,,low,unknown,no,not_needed,ACCEPTED_VERIFIED,
toml,src/python/toml/Compat/toml_key.py,TomlKey,class,src/python/toml/Compat/toml_key.py,facade_behavior,,,,high,yes,no,complete,ACCEPTED_VERIFIED,
toml,src/python/toml/Compat/toml_table.py,TomlTable,class,src/python/toml/Compat/toml_table.py,facade_behavior,,,,high,yes,no,complete,ACCEPTED_VERIFIED,
toml,src/python/toml/spec/__init__.py,,,src/python/toml/spec/__init__.py,spec_element_behavior,,,,low,unknown,no,complete,ACCEPTED_VERIFIED,TC-PH-012: spec class has behavioral methods (migrated 2026-06-22)
toml,src/python/toml/spec/table/__init__.py,,,src/python/toml/spec/table/__init__.py,spec_element_behavior,,,,low,unknown,no,complete,ACCEPTED_VERIFIED,TC-PH-012: spec class has behavioral methods (migrated 2026-06-22)
toml,src/python/toml/spec/table/key.py,Key,class,src/python/toml/spec/table/key.py,spec_element_behavior,,,,high,yes,no,complete,ACCEPTED_VERIFIED,
toml,src/python/toml/spec/table/table.py,Table,class,src/python/toml/spec/table/table.py,spec_element_behavior,,,,high,yes,no,complete,ACCEPTED_VERIFIED,
toml,src/python/toml/toml_codec.py,TomlError,class,src/python/toml/toml_codec.py,codec_io,,,,high,partial,verify,not_started,ACCEPTED_VERIFIED,
toml,src/python/toml/toml_codec.py,TomlInputError,class,src/python/toml/toml_codec.py,codec_io,,,,high,partial,verify,not_started,ACCEPTED_VERIFIED,
toml,src/python/toml/toml_codec.py,TomlParseError,class,src/python/toml/toml_codec.py,codec_io,,,,high,partial,verify,not_started,ACCEPTED_VERIFIED,
toml,src/python/toml/toml_codec.py,TomlWriteError,class,src/python/toml/toml_codec.py,codec_io,,,,high,partial,verify,not_started,ACCEPTED_VERIFIED,
toml,src/python/toml/toml_codec.py,_serialize_value,function,src/python/toml/toml_codec.py,codec_io,,,,low,partial,verify,not_started,ACCEPTED_VERIFIED,
toml,src/python/toml/toml_codec.py,_write_section,function,src/python/toml/toml_codec.py,codec_io,,,,low,partial,verify,not_started,ACCEPTED_VERIFIED,
toml,src/python/toml/toml_codec.py,probe_toml,function,src/python/toml/toml_codec.py,codec_io,,,,medium,partial,verify,not_started,ACCEPTED_VERIFIED,
toml,src/python/toml/toml_codec.py,load_toml,function,src/python/toml/toml_codec.py,codec_io,,,,medium,partial,verify,not_started,ACCEPTED_VERIFIED,
toml,src/python/toml/toml_codec.py,write_toml,function,src/python/toml/toml_codec.py,codec_io,,,,medium,partial,verify,not_started,ACCEPTED_VERIFIED,
toml,src/python/toml/toml_codec.py,get_keys,function,src/python/toml/toml_codec.py,codec_io,,,,medium,partial,verify,not_started,ACCEPTED_VERIFIED,
toml,src/python/toml/toml_codec.py,roundtrip,function,src/python/toml/toml_codec.py,codec_io,,,,medium,partial,verify,not_started,ACCEPTED_VERIFIED,
toml,src/python/toml/toml_codec.py,get_value,function,src/python/toml/toml_codec.py,codec_io,,,,medium,partial,verify,not_started,ACCEPTED_VERIFIED,
toml,src/python/toml/toml_codec.py,merge_toml,function,src/python/toml/toml_codec.py,codec_io,,,,medium,partial,verify,not_started,ACCEPTED_VERIFIED,
toml,src/python/toml/toml_codec.py,to_json_str,function,src/python/toml/toml_codec.py,codec_io,,,,medium,partial,verify,not_started,ACCEPTED_VERIFIED,
toml,src/python/toml/toml_codec.py,set_value,function,src/python/toml/toml_codec.py,codec_io,,,,medium,partial,verify,not_started,ACCEPTED_VERIFIED,
toml,src/python/toml/toml_codec.py,delete_key,function,src/python/toml/toml_codec.py,codec_io,,,,medium,partial,verify,not_started,ACCEPTED_VERIFIED,
toml,src/python/toml/toml_codec.py,list_sections,function,src/python/toml/toml_codec.py,codec_io,,,,medium,partial,verify,not_started,ACCEPTED_VERIFIED,
toml,src/python/toml/toml_codec.py,get_section_keys,function,src/python/toml/toml_codec.py,codec_io,,,,medium,partial,verify,not_started,ACCEPTED_VERIFIED,
toml,src/python/toml/toml_codec.py,has_key,function,src/python/toml/toml_codec.py,codec_io,,,,medium,partial,verify,not_started,ACCEPTED_VERIFIED,
toml,src/python/toml/toml_codec.py,count_keys,function,src/python/toml/toml_codec.py,codec_io,,,,medium,partial,verify,not_started,ACCEPTED_VERIFIED,
toml,src/python/toml/toml_codec.py,flatten,function,src/python/toml/toml_codec.py,codec_io,,,,medium,partial,verify,not_started,ACCEPTED_VERIFIED,
toml,src/python/toml/toml_codec.py,to_env,function,src/python/toml/toml_codec.py,codec_io,,,,medium,partial,verify,not_started,ACCEPTED_VERIFIED,
toml,src/python/toml/toml_codec.py,diff_keys,function,src/python/toml/toml_codec.py,codec_io,,,,medium,partial,verify,not_started,ACCEPTED_VERIFIED,
toml,src/python/toml/toml_codec.py,rename_key,function,src/python/toml/toml_codec.py,codec_io,,,,medium,partial,verify,not_started,ACCEPTED_VERIFIED,
toml,src/python/toml/toml_codec.py,has_section,function,src/python/toml/toml_codec.py,codec_io,,,,medium,partial,verify,not_started,ACCEPTED_VERIFIED,
toml,src/python/toml/toml_codec.py,update_section,function,src/python/toml/toml_codec.py,codec_io,,,,medium,partial,verify,not_started,ACCEPTED_VERIFIED,
toml,src/python/toml/toml_codec.py,get_all_keys,function,src/python/toml/toml_codec.py,codec_io,,,,medium,partial,verify,not_started,ACCEPTED_VERIFIED,
toml,src/python/toml/toml_codec.py,get_section_as_dict,function,src/python/toml/toml_codec.py,codec_io,,,,medium,partial,verify,not_started,ACCEPTED_VERIFIED,
toml,src/python/toml/toml_codec.py,has_any_section,function,src/python/toml/toml_codec.py,codec_io,,,,medium,partial,verify,not_started,ACCEPTED_VERIFIED,
toml,src/python/toml/toml_codec.py,count_values_in_section,function,src/python/toml/toml_codec.py,codec_io,,,,medium,partial,verify,not_started,ACCEPTED_VERIFIED,
toml,src/python/toml/toml_codec.py,toml_string_value_count,function,src/python/toml/toml_codec.py,codec_io,,,,medium,partial,verify,not_started,ACCEPTED_VERIFIED,
toml,src/python/toml/toml_codec.py,toml_list_count,function,src/python/toml/toml_codec.py,codec_io,,,,medium,partial,verify,not_started,ACCEPTED_VERIFIED,
toml,src/python/toml/toml_codec.py,toml_numeric_value_count,function,src/python/toml/toml_codec.py,codec_io,,,,medium,partial,verify,not_started,ACCEPTED_VERIFIED,
toml,src/python/toml/toml_codec.py,toml_boolean_value_count,function,src/python/toml/toml_codec.py,codec_io,,,,medium,partial,verify,not_started,ACCEPTED_VERIFIED,
toml,src/python/toml/toml_codec.py,count_sections_with_key,function,src/python/toml/toml_codec.py,codec_io,,,,medium,partial,verify,not_started,ACCEPTED_VERIFIED,
toml,src/python/toml/toml_codec.py,toml_table_count,function,src/python/toml/toml_codec.py,codec_io,,,,medium,partial,verify,not_started,ACCEPTED_VERIFIED,
toml,src/python/toml/toml_codec.py,toml_total_keys,function,src/python/toml/toml_codec.py,codec_io,,,,medium,partial,verify,not_started,ACCEPTED_VERIFIED,
toml,src/python/toml/toml_codec.py,toml_has_tables,function,src/python/toml/toml_codec.py,codec_io,,,,medium,partial,verify,not_started,ACCEPTED_VERIFIED,
toml,src/python/toml/toml_codec.py,toml_has_lists,function,src/python/toml/toml_codec.py,codec_io,,,,medium,partial,verify,not_started,ACCEPTED_VERIFIED,
toml,src/python/toml/toml_codec.py,toml_is_empty,function,src/python/toml/toml_codec.py,codec_io,,,,medium,partial,verify,not_started,ACCEPTED_VERIFIED,
toml,src/python/toml/toml_codec.py,toml_string_density,function,src/python/toml/toml_codec.py,codec_io,,,,medium,partial,verify,not_started,ACCEPTED_VERIFIED,
toml,src/python/toml/toml_codec.py,toml_numeric_density,function,src/python/toml/toml_codec.py,codec_io,,,,medium,partial,verify,not_started,ACCEPTED_VERIFIED,
toml,src/python/toml/toml_codec.py,toml_depth,function,src/python/toml/toml_codec.py,codec_io,,,,medium,partial,verify,not_started,ACCEPTED_VERIFIED,
toml,src/python/toml/toml_codec.py,toml_list_count,function,src/python/toml/toml_codec.py,codec_io,,,,medium,partial,verify,not_started,ACCEPTED_VERIFIED,
toml,src/python/toml/toml_codec.py,toml_avg_key_length,function,src/python/toml/toml_codec.py,codec_io,,,,medium,partial,verify,not_started,ACCEPTED_VERIFIED,
toml,src/python/toml/toml_codec.py,toml_max_value_length,function,src/python/toml/toml_codec.py,codec_io,,,,medium,partial,verify,not_started,ACCEPTED_VERIFIED,
toml,src/python/toml/toml_codec.py,toml_nested_table_count,function,src/python/toml/toml_codec.py,codec_io,,,,medium,partial,verify,not_started,ACCEPTED_VERIFIED,
toml,src/python/toml/toml_codec.py,toml_has_booleans,function,src/python/toml/toml_codec.py,codec_io,,,,medium,partial,verify,not_started,ACCEPTED_VERIFIED,
toml,src/python/toml/toml_codec.py,toml_key_count_per_table,function,src/python/toml/toml_codec.py,codec_io,,,,medium,partial,verify,not_started,ACCEPTED_VERIFIED,
toml,src/python/toml/toml_codec.py,toml_is_flat,function,src/python/toml/toml_codec.py,codec_io,,,,medium,partial,verify,not_started,ACCEPTED_VERIFIED,
toml,src/python/toml/toml_codec.py,toml_total_value_count,function,src/python/toml/toml_codec.py,codec_io,,,,medium,partial,verify,not_started,ACCEPTED_VERIFIED,
toml,src/python/toml/toml_codec.py,toml_max_list_length,function,src/python/toml/toml_codec.py,codec_io,,,,medium,partial,verify,not_started,ACCEPTED_VERIFIED,
toml,src/python/toml/toml_codec.py,toml_all_keys_lowercase,function,src/python/toml/toml_codec.py,codec_io,,,,medium,partial,verify,not_started,ACCEPTED_VERIFIED,
toml,src/python/toml/toml_codec.py,toml_has_numeric_values,function,src/python/toml/toml_codec.py,codec_io,,,,medium,partial,verify,not_started,ACCEPTED_VERIFIED,
toml,src/python/toml/toml_codec.py,toml_avg_list_length,function,src/python/toml/toml_codec.py,codec_io,,,,medium,partial,verify,not_started,ACCEPTED_VERIFIED,
toml,src/python/toml/toml_codec.py,toml_max_numeric_value,function,src/python/toml/toml_codec.py,codec_io,,,,medium,partial,verify,not_started,ACCEPTED_VERIFIED,
toml,src/python/toml/toml_codec.py,toml_min_numeric_value,function,src/python/toml/toml_codec.py,codec_io,,,,medium,partial,verify,not_started,ACCEPTED_VERIFIED,
toml,src/python/toml/toml_codec.py,toml_bool_ratio,function,src/python/toml/toml_codec.py,codec_io,,,,medium,partial,verify,not_started,ACCEPTED_VERIFIED,
toml,src/python/toml/toml_codec.py,toml_numeric_sum,function,src/python/toml/toml_codec.py,codec_io,,,,medium,partial,verify,not_started,ACCEPTED_VERIFIED,
toml,src/python/toml/toml_codec.py,toml_unique_value_count,function,src/python/toml/toml_codec.py,codec_io,,,,medium,partial,verify,not_started,ACCEPTED_VERIFIED,
toml,src/python/toml/toml_codec.py,toml_file_size_bytes,function,src/python/toml/toml_codec.py,codec_io,,,,medium,partial,verify,not_started,ACCEPTED_VERIFIED,
toml,src/python/toml/toml_codec.py,toml_max_key_length,function,src/python/toml/toml_codec.py,codec_io,,,,medium,partial,verify,not_started,ACCEPTED_VERIFIED,
toml,src/python/toml/toml_codec.py,toml_avg_value_length,function,src/python/toml/toml_codec.py,codec_io,,,,medium,partial,verify,not_started,ACCEPTED_VERIFIED,
toml,src/python/toml/toml_codec.py,toml_string_key_ratio,function,src/python/toml/toml_codec.py,codec_io,,,,medium,partial,verify,not_started,ACCEPTED_VERIFIED,
toml,src/python/toml/toml_codec.py,toml_min_key_length,function,src/python/toml/toml_codec.py,codec_io,,,,medium,partial,verify,not_started,ACCEPTED_VERIFIED,
toml,src/python/toml/toml_codec.py,toml_list_item_count,function,src/python/toml/toml_codec.py,codec_io,,,,medium,partial,verify,not_started,ACCEPTED_VERIFIED,
toml,src/python/toml/toml_codec.py,toml_is_single_table,function,src/python/toml/toml_codec.py,codec_io,,,,medium,partial,verify,not_started,ACCEPTED_VERIFIED,
toml,src/python/toml/toml_codec.py,toml_string_count,function,src/python/toml/toml_codec.py,codec_io,,,,medium,partial,verify,not_started,ACCEPTED_VERIFIED,
toml,src/python/toml/toml_codec.py,toml_numeric_count,function,src/python/toml/toml_codec.py,codec_io,,,,medium,partial,verify,not_started,ACCEPTED_VERIFIED,
toml,src/python/toml/toml_codec.py,toml_bool_count,function,src/python/toml/toml_codec.py,codec_io,,,,medium,partial,verify,not_started,ACCEPTED_VERIFIED,
toml,src/python/toml/toml_codec.py,toml_has_boolean_value,function,src/python/toml/toml_codec.py,codec_io,,,,medium,partial,verify,not_started,ACCEPTED_VERIFIED,
toml,src/python/toml/toml_codec.py,toml_key_count_squared,function,src/python/toml/toml_codec.py,codec_io,,,,medium,partial,verify,not_started,ACCEPTED_VERIFIED,
toml,src/python/toml/toml_codec.py,toml_has_exactly_two_keys,function,src/python/toml/toml_codec.py,codec_io,,,,medium,partial,verify,not_started,ACCEPTED_VERIFIED,
toml,src/python/toml/toml_codec.py,toml_has_only_booleans,function,src/python/toml/toml_codec.py,codec_io,,,,medium,partial,verify,not_started,ACCEPTED_VERIFIED,
toml,src/python/toml/toml_codec.py,toml_has_mixed_value_types,function,src/python/toml/toml_codec.py,codec_io,,,,medium,partial,verify,not_started,ACCEPTED_VERIFIED,
toml,src/python/toml/toml_codec.py,toml_non_boolean_count,function,src/python/toml/toml_codec.py,codec_io,,,,medium,partial,verify,not_started,ACCEPTED_VERIFIED,
toml,src/python/toml/toml_codec.py,toml_has_no_booleans,function,src/python/toml/toml_codec.py,codec_io,,,,medium,partial,verify,not_started,ACCEPTED_VERIFIED,
toml,src/python/toml/toml_codec.py,toml_has_at_least_one_numeric,function,src/python/toml/toml_codec.py,codec_io,,,,medium,partial,verify,not_started,ACCEPTED_VERIFIED,
tsv,src/python/tsv/__init__.py,,,src/python/tsv/__init__.py,codec_io,,,,low,unknown,no,not_needed,ACCEPTED_VERIFIED,
tsv,src/python/tsv/Compat/__init__.py,,,src/python/tsv/Compat/__init__.py,facade_behavior,,,,low,unknown,no,not_needed,ACCEPTED_VERIFIED,
tsv,src/python/tsv/Compat/tsv_field.py,TsvField,class,src/python/tsv/Compat/tsv_field.py,facade_behavior,,,,high,yes,no,complete,ACCEPTED_VERIFIED,
tsv,src/python/tsv/Compat/tsv_record.py,TsvRecord,class,src/python/tsv/Compat/tsv_record.py,facade_behavior,,,,high,yes,no,complete,ACCEPTED_VERIFIED,
tsv,src/python/tsv/spec/__init__.py,,,src/python/tsv/spec/__init__.py,spec_element_behavior,,,,low,unknown,no,complete,ACCEPTED_VERIFIED,TC-PH-012: spec class has behavioral methods (migrated 2026-06-22)
tsv,src/python/tsv/spec/record/__init__.py,,,src/python/tsv/spec/record/__init__.py,spec_element_behavior,,,,low,unknown,no,complete,ACCEPTED_VERIFIED,TC-PH-012: spec class has behavioral methods (migrated 2026-06-22)
tsv,src/python/tsv/spec/record/field.py,Field,class,src/python/tsv/spec/record/field.py,spec_element_behavior,,,,high,yes,no,complete,ACCEPTED_VERIFIED,
tsv,src/python/tsv/spec/record/record.py,Record,class,src/python/tsv/spec/record/record.py,spec_element_behavior,,,,high,yes,no,complete,ACCEPTED_VERIFIED,
tsv,src/python/tsv/tsv_parser.py,TsvError,class,src/python/tsv/tsv_parser.py,codec_io,,,,high,partial,verify,not_started,ACCEPTED_VERIFIED,
tsv,src/python/tsv/tsv_parser.py,TsvInputError,class,src/python/tsv/tsv_parser.py,codec_io,,,,high,partial,verify,not_started,ACCEPTED_VERIFIED,
tsv,src/python/tsv/tsv_parser.py,TsvSizeError,class,src/python/tsv/tsv_parser.py,codec_io,,,,high,partial,verify,not_started,ACCEPTED_VERIFIED,
tsv,src/python/tsv/tsv_parser.py,TsvParseError,class,src/python/tsv/tsv_parser.py,codec_io,,,,high,partial,verify,not_started,ACCEPTED_VERIFIED,
tsv,src/python/tsv/tsv_parser.py,parse_tsv_strict,function,src/python/tsv/tsv_parser.py,codec_io,,,,medium,partial,verify,not_started,ACCEPTED_VERIFIED,
tsv,src/python/tsv/tsv_parser.py,_parse_tsv_text,function,src/python/tsv/tsv_parser.py,codec_io,,,,low,partial,verify,not_started,ACCEPTED_VERIFIED,
tsv,src/python/tsv/tsv_parser.py,parse_tsv,function,src/python/tsv/tsv_parser.py,codec_io,,,,medium,partial,verify,not_started,ACCEPTED_VERIFIED,
tsv,src/python/tsv/tsv_parser.py,probe_tsv,function,src/python/tsv/tsv_parser.py,codec_io,,,,medium,partial,verify,not_started,ACCEPTED_VERIFIED,
tsv,src/python/tsv/tsv_parser.py,get_capabilities,function,src/python/tsv/tsv_parser.py,codec_io,,,,medium,partial,verify,not_started,ACCEPTED_VERIFIED,
tsv,src/python/tsv/tsv_parser.py,_load_tsv_data,function,src/python/tsv/tsv_parser.py,codec_io,,,,low,partial,verify,not_started,ACCEPTED_VERIFIED,
tsv,src/python/tsv/tsv_parser.py,write_tsv,function,src/python/tsv/tsv_parser.py,codec_io,,,,medium,partial,verify,not_started,ACCEPTED_VERIFIED,
tsv,src/python/tsv/tsv_parser.py,load_tsv,function,src/python/tsv/tsv_parser.py,codec_io,,,,medium,partial,verify,not_started,ACCEPTED_VERIFIED,
tsv,src/python/tsv/tsv_parser.py,get_headers,function,src/python/tsv/tsv_parser.py,codec_io,,,,medium,partial,verify,not_started,ACCEPTED_VERIFIED,
tsv,src/python/tsv/tsv_parser.py,get_column,function,src/python/tsv/tsv_parser.py,codec_io,,,,medium,partial,verify,not_started,ACCEPTED_VERIFIED,
tsv,src/python/tsv/tsv_parser.py,write_tsv_strict,function,src/python/tsv/tsv_parser.py,codec_io,,,,medium,partial,verify,not_started,ACCEPTED_VERIFIED,
tsv,src/python/tsv/tsv_parser.py,get_row,function,src/python/tsv/tsv_parser.py,codec_io,,,,medium,partial,verify,not_started,ACCEPTED_VERIFIED,
tsv,src/python/tsv/tsv_parser.py,validate_headers,function,src/python/tsv/tsv_parser.py,codec_io,,,,medium,partial,verify,not_started,ACCEPTED_VERIFIED,
tsv,src/python/tsv/tsv_parser.py,count_rows,function,src/python/tsv/tsv_parser.py,codec_io,,,,medium,partial,verify,not_started,ACCEPTED_VERIFIED,
tsv,src/python/tsv/tsv_parser.py,to_csv,function,src/python/tsv/tsv_parser.py,codec_io,,,,medium,partial,verify,not_started,ACCEPTED_VERIFIED,
tsv,src/python/tsv/tsv_parser.py,deduplicate_rows,function,src/python/tsv/tsv_parser.py,codec_io,,,,medium,partial,verify,not_started,ACCEPTED_VERIFIED,
tsv,src/python/tsv/tsv_parser.py,get_row_by_key,function,src/python/tsv/tsv_parser.py,codec_io,,,,medium,partial,verify,not_started,ACCEPTED_VERIFIED,
tsv,src/python/tsv/tsv_parser.py,merge_tsv,function,src/python/tsv/tsv_parser.py,codec_io,,,,medium,partial,verify,not_started,ACCEPTED_VERIFIED,
tsv,src/python/tsv/tsv_parser.py,min_column_tsv,function,src/python/tsv/tsv_parser.py,codec_io,,,,medium,partial,verify,not_started,ACCEPTED_VERIFIED,
tsv,src/python/tsv/tsv_parser.py,sample_rows,function,src/python/tsv/tsv_parser.py,codec_io,,,,medium,partial,verify,not_started,ACCEPTED_VERIFIED,
tsv,src/python/tsv/tsv_parser.py,sum_column_tsv,function,src/python/tsv/tsv_parser.py,codec_io,,,,medium,partial,verify,not_started,ACCEPTED_VERIFIED,
tsv,src/python/tsv/tsv_parser.py,sort_rows,function,src/python/tsv/tsv_parser.py,codec_io,,,,medium,partial,verify,not_started,ACCEPTED_VERIFIED,
tsv,src/python/tsv/tsv_parser.py,drop_column,function,src/python/tsv/tsv_parser.py,codec_io,,,,medium,partial,verify,not_started,ACCEPTED_VERIFIED,
tsv,src/python/tsv/tsv_parser.py,add_column,function,src/python/tsv/tsv_parser.py,codec_io,,,,medium,partial,verify,not_started,ACCEPTED_VERIFIED,
tsv,src/python/tsv/tsv_parser.py,rename_column,function,src/python/tsv/tsv_parser.py,codec_io,,,,medium,partial,verify,not_started,ACCEPTED_VERIFIED,
tsv,src/python/tsv/tsv_parser.py,get_column_values,function,src/python/tsv/tsv_parser.py,codec_io,,,,medium,partial,verify,not_started,ACCEPTED_VERIFIED,
tsv,src/python/tsv/tsv_parser.py,max_column_tsv,function,src/python/tsv/tsv_parser.py,codec_io,,,,medium,partial,verify,not_started,ACCEPTED_VERIFIED,
tsv,src/python/tsv/tsv_parser.py,column_count,function,src/python/tsv/tsv_parser.py,codec_io,,,,medium,partial,verify,not_started,ACCEPTED_VERIFIED,
tsv,src/python/tsv/tsv_parser.py,average_column_tsv,function,src/python/tsv/tsv_parser.py,codec_io,,,,medium,partial,verify,not_started,ACCEPTED_VERIFIED,
tsv,src/python/tsv/tsv_parser.py,median_column_tsv,function,src/python/tsv/tsv_parser.py,codec_io,,,,medium,partial,verify,not_started,ACCEPTED_VERIFIED,
tsv,src/python/tsv/tsv_parser.py,std_column_tsv,function,src/python/tsv/tsv_parser.py,codec_io,,,,medium,partial,verify,not_started,ACCEPTED_VERIFIED,
tsv,src/python/tsv/tsv_parser.py,filter_rows,function,src/python/tsv/tsv_parser.py,codec_io,,,,medium,partial,verify,not_started,ACCEPTED_VERIFIED,
tsv,src/python/tsv/tsv_parser.py,append_row,function,src/python/tsv/tsv_parser.py,codec_io,,,,medium,partial,verify,not_started,ACCEPTED_VERIFIED,
tsv,src/python/tsv/tsv_parser.py,roundtrip,function,src/python/tsv/tsv_parser.py,codec_io,,,,medium,partial,verify,not_started,ACCEPTED_VERIFIED,
tsv,src/python/tsv/tsv_parser.py,append_rows,function,src/python/tsv/tsv_parser.py,codec_io,,,,medium,partial,verify,not_started,ACCEPTED_VERIFIED,
tsv,src/python/tsv/tsv_parser.py,find_rows_containing,function,src/python/tsv/tsv_parser.py,codec_io,,,,medium,partial,verify,not_started,ACCEPTED_VERIFIED,
tsv,src/python/tsv/tsv_parser.py,get_numeric_columns,function,src/python/tsv/tsv_parser.py,codec_io,,,,medium,partial,verify,not_started,ACCEPTED_VERIFIED,
tsv,src/python/tsv/tsv_parser.py,unique_column_values,function,src/python/tsv/tsv_parser.py,codec_io,,,,medium,partial,verify,not_started,ACCEPTED_VERIFIED,
tsv,src/python/tsv/tsv_parser.py,tsv_numeric_cell_count,function,src/python/tsv/tsv_parser.py,codec_io,,,,medium,partial,verify,not_started,ACCEPTED_VERIFIED,
tsv,src/python/tsv/tsv_parser.py,tsv_nonempty_cell_count,function,src/python/tsv/tsv_parser.py,codec_io,,,,medium,partial,verify,not_started,ACCEPTED_VERIFIED,
tsv,src/python/tsv/tsv_parser.py,tsv_empty_row_count,function,src/python/tsv/tsv_parser.py,codec_io,,,,medium,partial,verify,not_started,ACCEPTED_VERIFIED,
tsv,src/python/tsv/tsv_parser.py,tsv_row_count,function,src/python/tsv/tsv_parser.py,codec_io,,,,medium,partial,verify,not_started,ACCEPTED_VERIFIED,
tsv,src/python/tsv/tsv_parser.py,tsv_max_cell_length,function,src/python/tsv/tsv_parser.py,codec_io,,,,medium,partial,verify,not_started,ACCEPTED_VERIFIED,
tsv,src/python/tsv/tsv_parser.py,tsv_column_count,function,src/python/tsv/tsv_parser.py,codec_io,,,,medium,partial,verify,not_started,ACCEPTED_VERIFIED,
tsv,src/python/tsv/tsv_parser.py,count_distinct_values,function,src/python/tsv/tsv_parser.py,codec_io,,,,medium,partial,verify,not_started,ACCEPTED_VERIFIED,
tsv,src/python/tsv/tsv_parser.py,tsv_has_header,function,src/python/tsv/tsv_parser.py,codec_io,,,,medium,partial,verify,not_started,ACCEPTED_VERIFIED,
tsv,src/python/tsv/tsv_parser.py,tsv_max_field_length,function,src/python/tsv/tsv_parser.py,codec_io,,,,medium,partial,verify,not_started,ACCEPTED_VERIFIED,
tsv,src/python/tsv/tsv_parser.py,tsv_duplicate_row_count,function,src/python/tsv/tsv_parser.py,codec_io,,,,medium,partial,verify,not_started,ACCEPTED_VERIFIED,
tsv,src/python/tsv/tsv_parser.py,tsv_total_cell_count,function,src/python/tsv/tsv_parser.py,codec_io,,,,medium,partial,verify,not_started,ACCEPTED_VERIFIED,
tsv,src/python/tsv/tsv_parser.py,tsv_average_cell_length,function,src/python/tsv/tsv_parser.py,codec_io,,,,medium,partial,verify,not_started,ACCEPTED_VERIFIED,
tsv,src/python/tsv/tsv_parser.py,tsv_numeric_density,function,src/python/tsv/tsv_parser.py,codec_io,,,,medium,partial,verify,not_started,ACCEPTED_VERIFIED,
tsv,src/python/tsv/tsv_parser.py,tsv_unique_row_count,function,src/python/tsv/tsv_parser.py,codec_io,,,,medium,partial,verify,not_started,ACCEPTED_VERIFIED,
tsv,src/python/tsv/tsv_parser.py,tsv_header_count,function,src/python/tsv/tsv_parser.py,codec_io,,,,medium,partial,verify,not_started,ACCEPTED_VERIFIED,
tsv,src/python/tsv/tsv_parser.py,tsv_min_cell_length,function,src/python/tsv/tsv_parser.py,codec_io,,,,medium,partial,verify,not_started,ACCEPTED_VERIFIED,
tsv,src/python/tsv/tsv_parser.py,tsv_all_rows_same_length,function,src/python/tsv/tsv_parser.py,codec_io,,,,medium,partial,verify,not_started,ACCEPTED_VERIFIED,
tsv,src/python/tsv/tsv_parser.py,tsv_all_rows,function,src/python/tsv/tsv_parser.py,codec_io,,,,medium,partial,verify,not_started,ACCEPTED_VERIFIED,
tsv,src/python/tsv/tsv_parser.py,tsv_max_numeric_value,function,src/python/tsv/tsv_parser.py,codec_io,,,,medium,partial,verify,not_started,ACCEPTED_VERIFIED,
tsv,src/python/tsv/tsv_parser.py,tsv_has_empty_rows,function,src/python/tsv/tsv_parser.py,codec_io,,,,medium,partial,verify,not_started,ACCEPTED_VERIFIED,
tsv,src/python/tsv/tsv_parser.py,tsv_is_rectangular,function,src/python/tsv/tsv_parser.py,codec_io,,,,medium,partial,verify,not_started,ACCEPTED_VERIFIED,
tsv,src/python/tsv/tsv_parser.py,tsv_empty_cell_count,function,src/python/tsv/tsv_parser.py,codec_io,,,,medium,partial,verify,not_started,ACCEPTED_VERIFIED,
tsv,src/python/tsv/tsv_parser.py,tsv_data_density,function,src/python/tsv/tsv_parser.py,codec_io,,,,medium,partial,verify,not_started,ACCEPTED_VERIFIED,
tsv,src/python/tsv/tsv_parser.py,tsv_min_numeric_value,function,src/python/tsv/tsv_parser.py,codec_io,,,,medium,partial,verify,not_started,ACCEPTED_VERIFIED,
tsv,src/python/tsv/tsv_parser.py,tsv_is_single_column,function,src/python/tsv/tsv_parser.py,codec_io,,,,medium,partial,verify,not_started,ACCEPTED_VERIFIED,
tsv,src/python/tsv/tsv_parser.py,tsv_is_all_numeric,function,src/python/tsv/tsv_parser.py,codec_io,,,,medium,partial,verify,not_started,ACCEPTED_VERIFIED,
tsv,src/python/tsv/tsv_parser.py,tsv_max_field_length,function,src/python/tsv/tsv_parser.py,codec_io,,,,medium,partial,verify,not_started,ACCEPTED_VERIFIED,
tsv,src/python/tsv/tsv_parser.py,tsv_unique_value_count,function,src/python/tsv/tsv_parser.py,codec_io,,,,medium,partial,verify,not_started,ACCEPTED_VERIFIED,
tsv,src/python/tsv/tsv_parser.py,tsv_row_length_variance,function,src/python/tsv/tsv_parser.py,codec_io,,,,medium,partial,verify,not_started,ACCEPTED_VERIFIED,
tsv,src/python/tsv/tsv_parser.py,tsv_column_type_counts,function,src/python/tsv/tsv_parser.py,codec_io,,,,medium,partial,verify,not_started,ACCEPTED_VERIFIED,
tsv,src/python/tsv/tsv_parser.py,tsv_string_density,function,src/python/tsv/tsv_parser.py,codec_io,,,,medium,partial,verify,not_started,ACCEPTED_VERIFIED,
tsv,src/python/tsv/tsv_parser.py,tsv_avg_row_length,function,src/python/tsv/tsv_parser.py,codec_io,,,,medium,partial,verify,not_started,ACCEPTED_VERIFIED,
tsv,src/python/tsv/tsv_parser.py,tsv_max_field_count,function,src/python/tsv/tsv_parser.py,codec_io,,,,medium,partial,verify,not_started,ACCEPTED_VERIFIED,
tsv,src/python/tsv/tsv_parser.py,tsv_is_multi_row,function,src/python/tsv/tsv_parser.py,codec_io,,,,medium,partial,verify,not_started,ACCEPTED_VERIFIED,
tsv,src/python/tsv/tsv_parser.py,tsv_min_field_count,function,src/python/tsv/tsv_parser.py,codec_io,,,,medium,partial,verify,not_started,ACCEPTED_VERIFIED,
tsv,src/python/tsv/tsv_parser.py,tsv_nonempty_row_ratio,function,src/python/tsv/tsv_parser.py,codec_io,,,,medium,partial,verify,not_started,ACCEPTED_VERIFIED,
tsv,src/python/tsv/tsv_parser.py,tsv_numeric_sum,function,src/python/tsv/tsv_parser.py,codec_io,,,,medium,partial,verify,not_started,ACCEPTED_VERIFIED,
tsv,src/python/tsv/tsv_parser.py,tsv_avg_numeric_value,function,src/python/tsv/tsv_parser.py,codec_io,,,,medium,partial,verify,not_started,ACCEPTED_VERIFIED,
tsv,src/python/tsv/tsv_parser.py,tsv_has_duplicates,function,src/python/tsv/tsv_parser.py,codec_io,,,,medium,partial,verify,not_started,ACCEPTED_VERIFIED,
tsv,src/python/tsv/tsv_parser.py,tsv_empty_column_count,function,src/python/tsv/tsv_parser.py,codec_io,,,,medium,partial,verify,not_started,ACCEPTED_VERIFIED,
tsv,src/python/tsv/tsv_parser.py,tsv_is_single_row,function,src/python/tsv/tsv_parser.py,codec_io,,,,medium,partial,verify,not_started,ACCEPTED_VERIFIED,
tsv,src/python/tsv/tsv_parser.py,tsv_longest_row_index,function,src/python/tsv/tsv_parser.py,codec_io,,,,medium,partial,verify,not_started,ACCEPTED_VERIFIED,
tsv,src/python/tsv/tsv_parser.py,tsv_max_row_cell_count,function,src/python/tsv/tsv_parser.py,codec_io,,,,medium,partial,verify,not_started,ACCEPTED_VERIFIED,
tsv,src/python/tsv/tsv_parser.py,tsv_distinct_value_ratio,function,src/python/tsv/tsv_parser.py,codec_io,,,,medium,partial,verify,not_started,ACCEPTED_VERIFIED,
tsv,src/python/tsv/tsv_parser.py,tsv_empty_cell_ratio,function,src/python/tsv/tsv_parser.py,codec_io,,,,medium,partial,verify,not_started,ACCEPTED_VERIFIED,
tsv,src/python/tsv/tsv_parser.py,tsv_column_value_variance,function,src/python/tsv/tsv_parser.py,codec_io,,,,medium,partial,verify,not_started,ACCEPTED_VERIFIED,
tsv,src/python/tsv/tsv_parser.py,tsv_field_length_sum,function,src/python/tsv/tsv_parser.py,codec_io,,,,medium,partial,verify,not_started,ACCEPTED_VERIFIED,
tsv,src/python/tsv/tsv_parser.py,tsv_numeric_field_ratio,function,src/python/tsv/tsv_parser.py,codec_io,,,,medium,partial,verify,not_started,ACCEPTED_VERIFIED,
tsv,src/python/tsv/tsv_parser.py,tsv_is_square,function,src/python/tsv/tsv_parser.py,codec_io,,,,medium,partial,verify,not_started,ACCEPTED_VERIFIED,
tsv,src/python/tsv/tsv_parser.py,tsv_cell_to_row_ratio,function,src/python/tsv/tsv_parser.py,codec_io,,,,medium,partial,verify,not_started,ACCEPTED_VERIFIED,
tsv,src/python/tsv/tsv_parser.py,tsv_string_cell_count,function,src/python/tsv/tsv_parser.py,codec_io,,,,medium,partial,verify,not_started,ACCEPTED_VERIFIED,
tsv,src/python/tsv/tsv_parser.py,tsv_total_string_length,function,src/python/tsv/tsv_parser.py,codec_io,,,,medium,partial,verify,not_started,ACCEPTED_VERIFIED,
tsv,src/python/tsv/tsv_parser.py,tsv_nonempty_row_count,function,src/python/tsv/tsv_parser.py,codec_io,,,,medium,partial,verify,not_started,ACCEPTED_VERIFIED,
tsv,src/python/tsv/tsv_parser.py,tsv_avg_fields_per_row,function,src/python/tsv/tsv_parser.py,codec_io,,,,medium,partial,verify,not_started,ACCEPTED_VERIFIED,
tsv,src/python/tsv/tsv_parser.py,tsv_nonempty_cell_ratio,function,src/python/tsv/tsv_parser.py,codec_io,,,,medium,partial,verify,not_started,ACCEPTED_VERIFIED,
xcf,src/python/xcf/__init__.py,,,src/python/xcf/__init__.py,codec_io,,,,low,unknown,no,not_needed,ACCEPTED_VERIFIED,
xcf,src/python/xcf/Compat/__init__.py,,,src/python/xcf/Compat/__init__.py,facade_behavior,,,,low,unknown,no,not_needed,ACCEPTED_VERIFIED,
xcf,src/python/xcf/Compat/xcf_header.py,XcfHeader,class,src/python/xcf/Compat/xcf_header.py,facade_behavior,,,,high,yes,no,complete,ACCEPTED_VERIFIED,
xcf,src/python/xcf/Compat/xcf_layer.py,XcfLayer,class,src/python/xcf/Compat/xcf_layer.py,facade_behavior,,,,high,yes,no,complete,ACCEPTED_VERIFIED,
xcf,src/python/xcf/spec/__init__.py,,,src/python/xcf/spec/__init__.py,spec_element_behavior,,,,low,unknown,no,complete,ACCEPTED_VERIFIED,TC-PH-012: spec class has behavioral methods (migrated 2026-06-22)
xcf,src/python/xcf/spec/layer/__init__.py,,,src/python/xcf/spec/layer/__init__.py,spec_element_behavior,,,,low,unknown,no,complete,ACCEPTED_VERIFIED,TC-PH-012: spec class has behavioral methods (migrated 2026-06-22)
xcf,src/python/xcf/spec/layer/header.py,Header,class,src/python/xcf/spec/layer/header.py,spec_element_behavior,,,,high,yes,no,complete,ACCEPTED_VERIFIED,
xcf,src/python/xcf/spec/layer/layer.py,Layer,class,src/python/xcf/spec/layer/layer.py,spec_element_behavior,,,,high,yes,no,complete,ACCEPTED_VERIFIED,
xcf,src/python/xcf/xcf_analytics.py,xcf_file_size_plus_image_type_id,function,src/python/xcf/xcf_analytics.py,utility_private,,,,medium,partial,verify,not_started,ACCEPTED_VERIFIED,
xcf,src/python/xcf/xcf_analytics.py,xcf_width_times_file_size,function,src/python/xcf/xcf_analytics.py,utility_private,,,,medium,partial,verify,not_started,ACCEPTED_VERIFIED,
xcf,src/python/xcf/xcf_analytics.py,xcf_file_size_plus_pixel_count,function,src/python/xcf/xcf_analytics.py,utility_private,,,,medium,partial,verify,not_started,ACCEPTED_VERIFIED,
xcf,src/python/xcf/xcf_analytics.py,xcf_height_times_file_size,function,src/python/xcf/xcf_analytics.py,utility_private,,,,medium,partial,verify,not_started,ACCEPTED_VERIFIED,
xcf,src/python/xcf/xcf_analytics.py,xcf_file_size_times_image_type_plus_one,function,src/python/xcf/xcf_analytics.py,utility_private,,,,medium,partial,verify,not_started,ACCEPTED_VERIFIED,
xcf,src/python/xcf/xcf_analytics.py,xcf_file_size_minus_image_type_times_10,function,src/python/xcf/xcf_analytics.py,utility_private,,,,medium,partial,verify,not_started,ACCEPTED_VERIFIED,
xcf,src/python/xcf/xcf_analytics.py,xcf_file_size_plus_width_plus_height,function,src/python/xcf/xcf_analytics.py,utility_private,,,,medium,partial,verify,not_started,ACCEPTED_VERIFIED,
xcf,src/python/xcf/xcf_analytics.py,xcf_file_size_minus_width_times_2,function,src/python/xcf/xcf_analytics.py,utility_private,,,,medium,partial,verify,not_started,ACCEPTED_VERIFIED,
xcf,src/python/xcf/xcf_analytics.py,xcf_file_size_plus_image_type_times_100,function,src/python/xcf/xcf_analytics.py,utility_private,,,,medium,partial,verify,not_started,ACCEPTED_VERIFIED,
xcf,src/python/xcf/xcf_analytics.py,xcf_file_size_minus_height_times_10,function,src/python/xcf/xcf_analytics.py,utility_private,,,,medium,partial,verify,not_started,ACCEPTED_VERIFIED,
xcf,src/python/xcf/xcf_analytics.py,xcf_file_size_times_width_plus_image_type,function,src/python/xcf/xcf_analytics.py,utility_private,,,,medium,partial,verify,not_started,ACCEPTED_VERIFIED,
xcf,src/python/xcf/xcf_analytics.py,xcf_file_size_plus_height_times_image_type_plus_one,function,src/python/xcf/xcf_analytics.py,utility_private,,,,medium,partial,verify,not_started,ACCEPTED_VERIFIED,
xcf,src/python/xcf/xcf_analytics.py,xcf_file_size_minus_image_type_times_50,function,src/python/xcf/xcf_analytics.py,utility_private,,,,medium,partial,verify,not_started,ACCEPTED_VERIFIED,
xcf,src/python/xcf/xcf_analytics.py,xcf_width_squared_plus_file_size,function,src/python/xcf/xcf_analytics.py,utility_private,,,,medium,partial,verify,not_started,ACCEPTED_VERIFIED,
xcf,src/python/xcf/xcf_analytics.py,xcf_height_squared_plus_file_size,function,src/python/xcf/xcf_analytics.py,utility_private,,,,medium,partial,verify,not_started,ACCEPTED_VERIFIED,
xcf,src/python/xcf/xcf_analytics.py,xcf_num_layers_times_file_size_plus_image_type_times_10,function,src/python/xcf/xcf_analytics.py,utility_private,,,,medium,partial,verify,not_started,ACCEPTED_VERIFIED,
xcf,src/python/xcf/xcf_analytics.py,xcf_height_per_layer,function,src/python/xcf/xcf_analytics.py,utility_private,,,,medium,partial,verify,not_started,ACCEPTED_VERIFIED,
xcf,src/python/xcf/xcf_analytics.py,xcf_width_per_layer,function,src/python/xcf/xcf_analytics.py,utility_private,,,,medium,partial,verify,not_started,ACCEPTED_VERIFIED,
xcf,src/python/xcf/xcf_analytics.py,xcf_file_size_plus_num_layers_times_width,function,src/python/xcf/xcf_analytics.py,utility_private,,,,medium,partial,verify,not_started,ACCEPTED_VERIFIED,
xcf,src/python/xcf/xcf_analytics.py,xcf_file_size_times_num_layers_plus_width_times_height,function,src/python/xcf/xcf_analytics.py,utility_private,,,,medium,partial,verify,not_started,ACCEPTED_VERIFIED,
xcf,src/python/xcf/xcf_analytics.py,xcf_file_size_plus_width_times_height_times_10,function,src/python/xcf/xcf_analytics.py,utility_private,,,,medium,partial,verify,not_started,ACCEPTED_VERIFIED,
xcf,src/python/xcf/xcf_analytics.py,xcf_file_size_times_image_type_plus_2,function,src/python/xcf/xcf_analytics.py,utility_private,,,,medium,partial,verify,not_started,ACCEPTED_VERIFIED,
xcf,src/python/xcf/xcf_analytics.py,xcf_file_size_times_image_type_plus_1,function,src/python/xcf/xcf_analytics.py,utility_private,,,,medium,partial,verify,not_started,ACCEPTED_VERIFIED,
xcf,src/python/xcf/xcf_analytics.py,xcf_file_size_times_layers_plus_image_type_times_10_plus_dimensions,function,src/python/xcf/xcf_analytics.py,utility_private,,,,medium,partial,verify,not_started,ACCEPTED_VERIFIED,
xcf,src/python/xcf/xcf_analytics.py,xcf_file_size_div_image_type_plus_1,function,src/python/xcf/xcf_analytics.py,utility_private,,,,medium,partial,verify,not_started,ACCEPTED_VERIFIED,
xcf,src/python/xcf/xcf_analytics.py,xcf_file_size_plus_width_plus_height_times_layers_times_5,function,src/python/xcf/xcf_analytics.py,utility_private,,,,medium,partial,verify,not_started,ACCEPTED_VERIFIED,
xcf,src/python/xcf/xcf_analytics.py,xcf_file_size_plus_image_type_plus_width_plus_height,function,src/python/xcf/xcf_analytics.py,utility_private,,,,medium,partial,verify,not_started,ACCEPTED_VERIFIED,
xcf,src/python/xcf/xcf_analytics.py,xcf_file_size_times_layers_times_image_type_plus_1_div_2,function,src/python/xcf/xcf_analytics.py,utility_private,,,,medium,partial,verify,not_started,ACCEPTED_VERIFIED,
xcf,src/python/xcf/xcf_analytics.py,xcf_height_squared,function,src/python/xcf/xcf_analytics.py,utility_private,,,,medium,partial,verify,not_started,ACCEPTED_VERIFIED,
xcf,src/python/xcf/xcf_analytics.py,xcf_height_plus_num_layers,function,src/python/xcf/xcf_analytics.py,utility_private,,,,medium,partial,verify,not_started,ACCEPTED_VERIFIED,
xcf,src/python/xcf/xcf_analytics.py,xcf_file_size_times_width_times_height_div_layers,function,src/python/xcf/xcf_analytics.py,utility_private,,,,medium,partial,verify,not_started,ACCEPTED_VERIFIED,
xcf,src/python/xcf/xcf_analytics.py,xcf_file_size_times_layers_plus_width_plus_height_times_image_type,function,src/python/xcf/xcf_analytics.py,utility_private,,,,medium,partial,verify,not_started,ACCEPTED_VERIFIED,
xcf,src/python/xcf/xcf_analytics.py,xcf_file_size_div_width_plus_height_plus_image_type,function,src/python/xcf/xcf_analytics.py,utility_private,,,,medium,partial,verify,not_started,ACCEPTED_VERIFIED,
xcf,src/python/xcf/xcf_analytics.py,xcf_file_size_plus_num_layers_times_image_type_times_100,function,src/python/xcf/xcf_analytics.py,utility_private,,,,medium,partial,verify,not_started,ACCEPTED_VERIFIED,
xcf,src/python/xcf/xcf_analytics.py,xcf_file_size_mod_100_plus_image_type_times_10_plus_width,function,src/python/xcf/xcf_analytics.py,utility_private,,,,medium,partial,verify,not_started,ACCEPTED_VERIFIED,
xcf,src/python/xcf/xcf_analytics.py,xcf_width_times_height_times_image_type_plus_1_plus_file_size_mod_10,function,src/python/xcf/xcf_analytics.py,utility_private,,,,medium,partial,verify,not_started,ACCEPTED_VERIFIED,
xcf,src/python/xcf/xcf_analytics.py,xcf_num_layers_squared,function,src/python/xcf/xcf_analytics.py,utility_private,,,,medium,partial,verify,not_started,ACCEPTED_VERIFIED,
xcf,src/python/xcf/xcf_analytics.py,xcf_image_type_id_squared,function,src/python/xcf/xcf_analytics.py,utility_private,,,,medium,partial,verify,not_started,ACCEPTED_VERIFIED,
xcf,src/python/xcf/xcf_analytics.py,xcf_file_size_plus_image_type_plus_num_layers_times_10,function,src/python/xcf/xcf_analytics.py,utility_private,,,,medium,partial,verify,not_started,ACCEPTED_VERIFIED,
xcf,src/python/xcf/xcf_analytics.py,xcf_file_size_times_3_div_7_plus_image_type_times_width,function,src/python/xcf/xcf_analytics.py,utility_private,,,,medium,partial,verify,not_started,ACCEPTED_VERIFIED,
xcf,src/python/xcf/xcf_analytics.py,xcf_file_size_plus_width_times_image_type_plus_height_times_layers,function,src/python/xcf/xcf_analytics.py,utility_private,,,,medium,partial,verify,not_started,ACCEPTED_VERIFIED,
xcf,src/python/xcf/xcf_analytics.py,xcf_file_size_mod_50_plus_width_times_height_times_layers,function,src/python/xcf/xcf_analytics.py,utility_private,,,,medium,partial,verify,not_started,ACCEPTED_VERIFIED,
xcf,src/python/xcf/xcf_analytics.py,xcf_width_squared,function,src/python/xcf/xcf_analytics.py,utility_private,,,,medium,partial,verify,not_started,ACCEPTED_VERIFIED,
xcf,src/python/xcf/xcf_analytics.py,xcf_height_squared,function,src/python/xcf/xcf_analytics.py,utility_private,,,,medium,partial,verify,not_started,ACCEPTED_VERIFIED,
xcf,src/python/xcf/xcf_analytics.py,xcf_file_size_plus_width_times_height_times_image_type_times_100,function,src/python/xcf/xcf_analytics.py,utility_private,,,,medium,partial,verify,not_started,ACCEPTED_VERIFIED,
xcf,src/python/xcf/xcf_analytics.py,xcf_file_size_times_width_plus_height_plus_image_type_times_50,function,src/python/xcf/xcf_analytics.py,utility_private,,,,medium,partial,verify,not_started,ACCEPTED_VERIFIED,
xcf,src/python/xcf/xcf_analytics.py,xcf_file_size_mod_10_times_100_plus_image_type_times_50_plus_width_times_height,function,src/python/xcf/xcf_analytics.py,utility_private,,,,medium,partial,verify,not_started,ACCEPTED_VERIFIED,
xcf,src/python/xcf/xcf_analytics.py,xcf_file_size_times_2_plus_image_type_times_200_plus_width_times_3,function,src/python/xcf/xcf_analytics.py,utility_private,,,,medium,partial,verify,not_started,ACCEPTED_VERIFIED,
xcf,src/python/xcf/xcf_analytics.py,xcf_file_size_plus_image_type_times_1000_plus_width_minus_height_times_50,function,src/python/xcf/xcf_analytics.py,utility_private,,,,medium,partial,verify,not_started,ACCEPTED_VERIFIED,
xcf,src/python/xcf/xcf_analytics.py,xcf_file_size_mod_20_plus_image_type_times_500_plus_width_squared_times_10,function,src/python/xcf/xcf_analytics.py,utility_private,,,,medium,partial,verify,not_started,ACCEPTED_VERIFIED,
xcf,src/python/xcf/xcf_analytics.py,xcf_file_size_plus_width_times_100_plus_height_times_10_times_image_type_plus_1,function,src/python/xcf/xcf_analytics.py,utility_private,,,,medium,partial,verify,not_started,ACCEPTED_VERIFIED,
xcf,src/python/xcf/xcf_analytics.py,xcf_file_size_mod_7_times_100_plus_image_type_times_300_plus_num_layers_times_20,function,src/python/xcf/xcf_analytics.py,utility_private,,,,medium,partial,verify,not_started,ACCEPTED_VERIFIED,
xcf,src/python/xcf/xcf_analytics.py,xcf_file_size_mod_11_times_200_plus_image_type_times_400_plus_width_times_height_times_50,function,src/python/xcf/xcf_analytics.py,utility_private,,,,medium,partial,verify,not_started,ACCEPTED_VERIFIED,
xcf,src/python/xcf/xcf_analytics.py,xcf_file_size_plus_num_layers_times_200_times_image_type_plus_1_mod_500,function,src/python/xcf/xcf_analytics.py,utility_private,,,,medium,partial,verify,not_started,ACCEPTED_VERIFIED,
xcf,src/python/xcf/xcf_analytics.py,xcf_file_size_mod_13_plus_image_type_times_600_plus_width_times_height_times_num_layers_times_100,function,src/python/xcf/xcf_analytics.py,utility_private,,,,medium,partial,verify,not_started,ACCEPTED_VERIFIED,
xcf,src/python/xcf/xcf_analytics.py,xcf_file_size_mod_3_times_100_plus_image_type_times_200_plus_width_times_50_plus_height_times_30,function,src/python/xcf/xcf_analytics.py,utility_private,,,,medium,partial,verify,not_started,ACCEPTED_VERIFIED,
xcf,src/python/xcf/xcf_analytics.py,xcf_file_size_mod_17_plus_image_type_times_700_plus_width_times_height_times_200,function,src/python/xcf/xcf_analytics.py,utility_private,,,,medium,partial,verify,not_started,ACCEPTED_VERIFIED,
xcf,src/python/xcf/xcf_analytics.py,xcf_file_size_mod_5_times_150_plus_image_type_times_300_plus_num_layers_times_width_times_height,function,src/python/xcf/xcf_analytics.py,utility_private,,,,medium,partial,verify,not_started,ACCEPTED_VERIFIED,
xcf,src/python/xcf/xcf_analytics.py,xcf_pixel_count_times_two,function,src/python/xcf/xcf_analytics.py,utility_private,,,,medium,partial,verify,not_started,ACCEPTED_VERIFIED,
xcf,src/python/xcf/xcf_analytics.py,xcf_file_size_times_two,function,src/python/xcf/xcf_analytics.py,utility_private,,,,medium,partial,verify,not_started,ACCEPTED_VERIFIED,
xcf,src/python/xcf/xcf_analytics.py,xcf_width_times_two,function,src/python/xcf/xcf_analytics.py,utility_private,,,,medium,partial,verify,not_started,ACCEPTED_VERIFIED,
xcf,src/python/xcf/xcf_analytics.py,xcf_height_times_two,function,src/python/xcf/xcf_analytics.py,utility_private,,,,medium,partial,verify,not_started,ACCEPTED_VERIFIED,
xcf,src/python/xcf/xcf_analytics.py,xcf_height_squared,function,src/python/xcf/xcf_analytics.py,utility_private,,,,medium,partial,verify,not_started,ACCEPTED_VERIFIED,
xcf,src/python/xcf/xcf_analytics.py,xcf_file_size_mod_19_plus_image_type_times_800_plus_width_times_height_times_150,function,src/python/xcf/xcf_analytics.py,utility_private,,,,medium,partial,verify,not_started,ACCEPTED_VERIFIED,
xcf,src/python/xcf/xcf_analytics.py,xcf_file_size_mod_4_times_200_plus_image_type_times_250_plus_width_times_100_plus_height_times_80,function,src/python/xcf/xcf_analytics.py,utility_private,,,,medium,partial,verify,not_started,ACCEPTED_VERIFIED,
xcf,src/python/xcf/xcf_analytics.py,xcf_file_size_mod_7_plus_image_type_times_900_plus_width_times_height_times_num_layers_times_200,function,src/python/xcf/xcf_analytics.py,utility_private,,,,medium,partial,verify,not_started,ACCEPTED_VERIFIED,
xcf,src/python/xcf/xcf_analytics.py,xcf_file_size_mod_6_times_200_plus_image_type_times_300_plus_width_plus_height_times_50,function,src/python/xcf/xcf_analytics.py,utility_private,,,,medium,partial,verify,not_started,ACCEPTED_VERIFIED,
xcf,src/python/xcf/xcf_analytics.py,xcf_width_squared,function,src/python/xcf/xcf_analytics.py,utility_private,,,,medium,partial,verify,not_started,ACCEPTED_VERIFIED,
xcf,src/python/xcf/xcf_analytics.py,xcf_file_size_mod_9_times_100_plus_image_type_times_1000_plus_num_layers_times_500,function,src/python/xcf/xcf_analytics.py,utility_private,,,,medium,partial,verify,not_started,ACCEPTED_VERIFIED,
xcf,src/python/xcf/xcf_analytics.py,xcf_file_size_mod_8_plus_image_type_times_500_plus_width_times_height_plus_1_times_100,function,src/python/xcf/xcf_analytics.py,utility_private,,,,medium,partial,verify,not_started,ACCEPTED_VERIFIED,
xcf,src/python/xcf/xcf_analytics.py,xcf_file_size_mod_11_plus_image_type_times_1100_plus_width_times_height_plus_num_layers_times_300,function,src/python/xcf/xcf_analytics.py,utility_private,,,,medium,partial,verify,not_started,ACCEPTED_VERIFIED,
xcf,src/python/xcf/xcf_analytics.py,xcf_file_size_mod_10_plus_image_type_times_800_plus_num_layers_times_width_times_height_times_400,function,src/python/xcf/xcf_analytics.py,utility_private,,,,medium,partial,verify,not_started,ACCEPTED_VERIFIED,
xcf,src/python/xcf/xcf_analytics.py,xcf_file_size_mod_13_plus_image_type_times_1200_plus_num_layers_plus_1_times_width_times_height_times_500,function,src/python/xcf/xcf_analytics.py,utility_private,,,,medium,partial,verify,not_started,ACCEPTED_VERIFIED,
xcf,src/python/xcf/xcf_analytics.py,xcf_file_size_mod_15_times_30_plus_image_type_times_600_plus_num_layers_times_width_plus_height_times_200,function,src/python/xcf/xcf_analytics.py,utility_private,,,,medium,partial,verify,not_started,ACCEPTED_VERIFIED,
xcf,src/python/xcf/xcf_analytics.py,xcf_file_size_mod_11_times_20_plus_image_type_times_500_plus_num_layers_times_width_times_height_times_300,function,src/python/xcf/xcf_analytics.py,utility_private,,,,medium,partial,verify,not_started,ACCEPTED_VERIFIED,
xcf,src/python/xcf/xcf_analytics.py,xcf_file_size_mod_13_times_50_plus_image_type_times_400_plus_nl_plus_width_plus_height_times_100,function,src/python/xcf/xcf_analytics.py,utility_private,,,,medium,partial,verify,not_started,ACCEPTED_VERIFIED,
xcf,src/python/xcf/xcf_analytics.py,xcf_file_size_mod_17_times_15_plus_image_type_times_700_plus_num_layers_times_width_plus_height_times_150,function,src/python/xcf/xcf_analytics.py,utility_private,,,,medium,partial,verify,not_started,ACCEPTED_VERIFIED,
xcf,src/python/xcf/xcf_analytics.py,xcf_file_size_mod_19_times_30_plus_image_type_times_300_plus_num_layers_times_200,function,src/python/xcf/xcf_analytics.py,utility_private,,,,medium,partial,verify,not_started,ACCEPTED_VERIFIED,
xcf,src/python/xcf/xcf_analytics.py,xcf_file_size_bytes_squared,function,src/python/xcf/xcf_analytics.py,utility_private,,,,medium,partial,verify,not_started,ACCEPTED_VERIFIED,
xcf,src/python/xcf/xcf_analytics.py,xcf_total_pixel_count_times_two,function,src/python/xcf/xcf_analytics.py,utility_private,,,,medium,partial,verify,not_started,ACCEPTED_VERIFIED,
xcf,src/python/xcf/xcf_analytics.py,xcf_width_times_three,function,src/python/xcf/xcf_analytics.py,utility_private,,,,medium,partial,verify,not_started,ACCEPTED_VERIFIED,
xcf,src/python/xcf/xcf_analytics.py,xcf_height_times_three,function,src/python/xcf/xcf_analytics.py,utility_private,,,,medium,partial,verify,not_started,ACCEPTED_VERIFIED,
xcf,src/python/xcf/xcf_analytics.py,xcf_file_size_times_three,function,src/python/xcf/xcf_analytics.py,utility_private,,,,medium,partial,verify,not_started,ACCEPTED_VERIFIED,
xcf,src/python/xcf/xcf_analytics.py,xcf_image_type_id_times_three,function,src/python/xcf/xcf_analytics.py,utility_private,,,,medium,partial,verify,not_started,ACCEPTED_VERIFIED,
xcf,src/python/xcf/xcf_analytics.py,xcf_width_times_four,function,src/python/xcf/xcf_analytics.py,utility_private,,,,medium,partial,verify,not_started,ACCEPTED_VERIFIED,
xcf,src/python/xcf/xcf_analytics.py,xcf_height_times_four,function,src/python/xcf/xcf_analytics.py,utility_private,,,,medium,partial,verify,not_started,ACCEPTED_VERIFIED,
xcf,src/python/xcf/xcf_analytics.py,xcf_file_size_times_four,function,src/python/xcf/xcf_analytics.py,utility_private,,,,medium,partial,verify,not_started,ACCEPTED_VERIFIED,
xcf,src/python/xcf/xcf_analytics.py,xcf_image_type_id_times_four,function,src/python/xcf/xcf_analytics.py,utility_private,,,,medium,partial,verify,not_started,ACCEPTED_VERIFIED,
xcf,src/python/xcf/xcf_analytics.py,xcf_file_size_times_five,function,src/python/xcf/xcf_analytics.py,utility_private,,,,medium,partial,verify,not_started,ACCEPTED_VERIFIED,
xcf,src/python/xcf/xcf_analytics.py,xcf_image_type_id_times_five,function,src/python/xcf/xcf_analytics.py,utility_private,,,,medium,partial,verify,not_started,ACCEPTED_VERIFIED,
xcf,src/python/xcf/xcf_analytics.py,xcf_file_size_times_six,function,src/python/xcf/xcf_analytics.py,utility_private,,,,medium,partial,verify,not_started,ACCEPTED_VERIFIED,
xcf,src/python/xcf/xcf_analytics.py,xcf_image_type_id_times_six,function,src/python/xcf/xcf_analytics.py,utility_private,,,,medium,partial,verify,not_started,ACCEPTED_VERIFIED,
xcf,src/python/xcf/xcf_analytics.py,xcf_file_size_times_seven,function,src/python/xcf/xcf_analytics.py,utility_private,,,,medium,partial,verify,not_started,ACCEPTED_VERIFIED,
xcf,src/python/xcf/xcf_analytics.py,xcf_image_type_id_times_seven,function,src/python/xcf/xcf_analytics.py,utility_private,,,,medium,partial,verify,not_started,ACCEPTED_VERIFIED,
xcf,src/python/xcf/xcf_analytics.py,xcf_file_size_times_eight,function,src/python/xcf/xcf_analytics.py,utility_private,,,,medium,partial,verify,not_started,ACCEPTED_VERIFIED,
xcf,src/python/xcf/xcf_analytics.py,xcf_image_type_id_times_eight,function,src/python/xcf/xcf_analytics.py,utility_private,,,,medium,partial,verify,not_started,ACCEPTED_VERIFIED,
xcf,src/python/xcf/xcf_analytics.py,xcf_file_size_times_nine,function,src/python/xcf/xcf_analytics.py,utility_private,,,,medium,partial,verify,not_started,ACCEPTED_VERIFIED,
xcf,src/python/xcf/xcf_analytics.py,xcf_image_type_id_times_nine,function,src/python/xcf/xcf_analytics.py,utility_private,,,,medium,partial,verify,not_started,ACCEPTED_VERIFIED,
xcf,src/python/xcf/xcf_analytics.py,xcf_file_size_bytes_times_ten,function,src/python/xcf/xcf_analytics.py,utility_private,,,,medium,partial,verify,not_started,ACCEPTED_VERIFIED,
xcf,src/python/xcf/xcf_analytics.py,xcf_image_type_id_times_ten,function,src/python/xcf/xcf_analytics.py,utility_private,,,,medium,partial,verify,not_started,ACCEPTED_VERIFIED,
xcf,src/python/xcf/xcf_analytics.py,xcf_file_size_bytes_times_eleven,function,src/python/xcf/xcf_analytics.py,utility_private,,,,medium,partial,verify,not_started,ACCEPTED_VERIFIED,
xcf,src/python/xcf/xcf_analytics.py,xcf_image_type_id_times_eleven,function,src/python/xcf/xcf_analytics.py,utility_private,,,,medium,partial,verify,not_started,ACCEPTED_VERIFIED,
xcf,src/python/xcf/xcf_analytics.py,xcf_file_size_bytes_times_twelve,function,src/python/xcf/xcf_analytics.py,utility_private,,,,medium,partial,verify,not_started,ACCEPTED_VERIFIED,
xcf,src/python/xcf/xcf_analytics.py,xcf_image_type_id_times_twelve,function,src/python/xcf/xcf_analytics.py,utility_private,,,,medium,partial,verify,not_started,ACCEPTED_VERIFIED,
xcf,src/python/xcf/xcf_analytics.py,xcf_file_size_bytes_times_thirteen,function,src/python/xcf/xcf_analytics.py,utility_private,,,,medium,partial,verify,not_started,ACCEPTED_VERIFIED,
xcf,src/python/xcf/xcf_analytics.py,xcf_image_type_id_times_thirteen,function,src/python/xcf/xcf_analytics.py,utility_private,,,,medium,partial,verify,not_started,ACCEPTED_VERIFIED,
xcf,src/python/xcf/xcf_analytics.py,xcf_file_size_bytes_times_fourteen,function,src/python/xcf/xcf_analytics.py,utility_private,,,,medium,partial,verify,not_started,ACCEPTED_VERIFIED,
xcf,src/python/xcf/xcf_analytics.py,xcf_image_type_id_times_fourteen,function,src/python/xcf/xcf_analytics.py,utility_private,,,,medium,partial,verify,not_started,ACCEPTED_VERIFIED,
xcf,src/python/xcf/xcf_analytics.py,xcf_file_size_bytes_times_fifteen,function,src/python/xcf/xcf_analytics.py,utility_private,,,,medium,partial,verify,not_started,ACCEPTED_VERIFIED,
xcf,src/python/xcf/xcf_analytics.py,xcf_image_type_id_times_fifteen,function,src/python/xcf/xcf_analytics.py,utility_private,,,,medium,partial,verify,not_started,ACCEPTED_VERIFIED,
xcf,src/python/xcf/xcf_analytics.py,xcf_file_size_bytes_times_sixteen,function,src/python/xcf/xcf_analytics.py,utility_private,,,,medium,partial,verify,not_started,ACCEPTED_VERIFIED,
xcf,src/python/xcf/xcf_analytics.py,xcf_image_type_id_times_sixteen,function,src/python/xcf/xcf_analytics.py,utility_private,,,,medium,partial,verify,not_started,ACCEPTED_VERIFIED,
xcf,src/python/xcf/xcf_analytics.py,xcf_file_size_bytes_times_seventeen,function,src/python/xcf/xcf_analytics.py,utility_private,,,,medium,partial,verify,not_started,ACCEPTED_VERIFIED,
xcf,src/python/xcf/xcf_analytics.py,xcf_image_type_id_times_seventeen,function,src/python/xcf/xcf_analytics.py,utility_private,,,,medium,partial,verify,not_started,ACCEPTED_VERIFIED,
xcf,src/python/xcf/xcf_analytics.py,xcf_file_size_bytes_times_eighteen,function,src/python/xcf/xcf_analytics.py,utility_private,,,,medium,partial,verify,not_started,ACCEPTED_VERIFIED,
xcf,src/python/xcf/xcf_analytics.py,xcf_image_type_id_times_eighteen,function,src/python/xcf/xcf_analytics.py,utility_private,,,,medium,partial,verify,not_started,ACCEPTED_VERIFIED,
xcf,src/python/xcf/xcf_analytics.py,xcf_file_size_bytes_times_nineteen,function,src/python/xcf/xcf_analytics.py,utility_private,,,,medium,partial,verify,not_started,ACCEPTED_VERIFIED,
xcf,src/python/xcf/xcf_analytics.py,xcf_image_type_id_times_nineteen,function,src/python/xcf/xcf_analytics.py,utility_private,,,,medium,partial,verify,not_started,ACCEPTED_VERIFIED,
xcf,src/python/xcf/xcf_analytics.py,xcf_file_size_bytes_times_twenty,function,src/python/xcf/xcf_analytics.py,utility_private,,,,medium,partial,verify,not_started,ACCEPTED_VERIFIED,
xcf,src/python/xcf/xcf_analytics.py,xcf_image_type_id_times_twenty,function,src/python/xcf/xcf_analytics.py,utility_private,,,,medium,partial,verify,not_started,ACCEPTED_VERIFIED,
xcf,src/python/xcf/xcf_analytics.py,xcf_file_size_bytes_times_twenty_one,function,src/python/xcf/xcf_analytics.py,utility_private,,,,medium,partial,verify,not_started,ACCEPTED_VERIFIED,
xcf,src/python/xcf/xcf_analytics.py,xcf_image_type_id_times_twenty_one,function,src/python/xcf/xcf_analytics.py,utility_private,,,,medium,partial,verify,not_started,ACCEPTED_VERIFIED,
xcf,src/python/xcf/xcf_analytics.py,xcf_file_size_bytes_times_twenty_two,function,src/python/xcf/xcf_analytics.py,utility_private,,,,medium,partial,verify,not_started,ACCEPTED_VERIFIED,
xcf,src/python/xcf/xcf_analytics.py,xcf_image_type_id_times_twenty_two,function,src/python/xcf/xcf_analytics.py,utility_private,,,,medium,partial,verify,not_started,ACCEPTED_VERIFIED,
xcf,src/python/xcf/xcf_analytics.py,xcf_file_size_bytes_times_twenty_three,function,src/python/xcf/xcf_analytics.py,utility_private,,,,medium,partial,verify,not_started,ACCEPTED_VERIFIED,
xcf,src/python/xcf/xcf_analytics.py,xcf_image_type_id_times_twenty_three,function,src/python/xcf/xcf_analytics.py,utility_private,,,,medium,partial,verify,not_started,ACCEPTED_VERIFIED,
xcf,src/python/xcf/xcf_analytics.py,xcf_file_size_bytes_times_twenty_four,function,src/python/xcf/xcf_analytics.py,utility_private,,,,medium,partial,verify,not_started,ACCEPTED_VERIFIED,
xcf,src/python/xcf/xcf_analytics.py,xcf_image_type_id_times_twenty_four,function,src/python/xcf/xcf_analytics.py,utility_private,,,,medium,partial,verify,not_started,ACCEPTED_VERIFIED,
xcf,src/python/xcf/xcf_analytics.py,xcf_file_size_bytes_times_twenty_five,function,src/python/xcf/xcf_analytics.py,utility_private,,,,medium,partial,verify,not_started,ACCEPTED_VERIFIED,
xcf,src/python/xcf/xcf_analytics.py,xcf_image_type_id_times_twenty_five,function,src/python/xcf/xcf_analytics.py,utility_private,,,,medium,partial,verify,not_started,ACCEPTED_VERIFIED,
xcf,src/python/xcf/xcf_analytics.py,xcf_file_size_bytes_times_twenty_six,function,src/python/xcf/xcf_analytics.py,utility_private,,,,medium,partial,verify,not_started,ACCEPTED_VERIFIED,
xcf,src/python/xcf/xcf_analytics.py,xcf_image_type_id_times_twenty_six,function,src/python/xcf/xcf_analytics.py,utility_private,,,,medium,partial,verify,not_started,ACCEPTED_VERIFIED,
xcf,src/python/xcf/xcf_analytics.py,xcf_file_size_bytes_times_twenty_seven,function,src/python/xcf/xcf_analytics.py,utility_private,,,,medium,partial,verify,not_started,ACCEPTED_VERIFIED,
xcf,src/python/xcf/xcf_analytics.py,xcf_image_type_id_times_twenty_seven,function,src/python/xcf/xcf_analytics.py,utility_private,,,,medium,partial,verify,not_started,ACCEPTED_VERIFIED,
xcf,src/python/xcf/xcf_analytics.py,xcf_file_size_bytes_times_twenty_eight,function,src/python/xcf/xcf_analytics.py,utility_private,,,,medium,partial,verify,not_started,ACCEPTED_VERIFIED,
xcf,src/python/xcf/xcf_analytics.py,xcf_image_type_id_times_twenty_eight,function,src/python/xcf/xcf_analytics.py,utility_private,,,,medium,partial,verify,not_started,ACCEPTED_VERIFIED,
xcf,src/python/xcf/xcf_analytics.py,xcf_file_size_bytes_times_twenty_nine,function,src/python/xcf/xcf_analytics.py,utility_private,,,,medium,partial,verify,not_started,ACCEPTED_VERIFIED,
xcf,src/python/xcf/xcf_analytics.py,xcf_image_type_id_times_twenty_nine,function,src/python/xcf/xcf_analytics.py,utility_private,,,,medium,partial,verify,not_started,ACCEPTED_VERIFIED,
xcf,src/python/xcf/xcf_analytics.py,xcf_file_size_bytes_times_thirty,function,src/python/xcf/xcf_analytics.py,utility_private,,,,medium,partial,verify,not_started,ACCEPTED_VERIFIED,
xcf,src/python/xcf/xcf_analytics.py,xcf_image_type_id_times_thirty,function,src/python/xcf/xcf_analytics.py,utility_private,,,,medium,partial,verify,not_started,ACCEPTED_VERIFIED,
xcf,src/python/xcf/xcf_analytics.py,xcf_file_size_bytes_times_thirty_one,function,src/python/xcf/xcf_analytics.py,utility_private,,,,medium,partial,verify,not_started,ACCEPTED_VERIFIED,
xcf,src/python/xcf/xcf_analytics.py,xcf_image_type_id_times_thirty_one,function,src/python/xcf/xcf_analytics.py,utility_private,,,,medium,partial,verify,not_started,ACCEPTED_VERIFIED,
xcf,src/python/xcf/xcf_analytics.py,xcf_file_size_bytes_times_thirty_two,function,src/python/xcf/xcf_analytics.py,utility_private,,,,medium,partial,verify,not_started,ACCEPTED_VERIFIED,
xcf,src/python/xcf/xcf_analytics.py,xcf_image_type_id_times_thirty_two,function,src/python/xcf/xcf_analytics.py,utility_private,,,,medium,partial,verify,not_started,ACCEPTED_VERIFIED,
xcf,src/python/xcf/xcf_analytics.py,xcf_file_size_bytes_times_thirty_three,function,src/python/xcf/xcf_analytics.py,utility_private,,,,medium,partial,verify,not_started,ACCEPTED_VERIFIED,
xcf,src/python/xcf/xcf_analytics.py,xcf_image_type_id_times_thirty_three,function,src/python/xcf/xcf_analytics.py,utility_private,,,,medium,partial,verify,not_started,ACCEPTED_VERIFIED,
xcf,src/python/xcf/xcf_analytics.py,xcf_file_size_bytes_times_thirty_four,function,src/python/xcf/xcf_analytics.py,utility_private,,,,medium,partial,verify,not_started,ACCEPTED_VERIFIED,
xcf,src/python/xcf/xcf_analytics.py,xcf_image_type_id_times_thirty_four,function,src/python/xcf/xcf_analytics.py,utility_private,,,,medium,partial,verify,not_started,ACCEPTED_VERIFIED,
xcf,src/python/xcf/xcf_analytics.py,xcf_file_size_bytes_times_thirty_five,function,src/python/xcf/xcf_analytics.py,utility_private,,,,medium,partial,verify,not_started,ACCEPTED_VERIFIED,
xcf,src/python/xcf/xcf_analytics.py,xcf_image_type_id_times_thirty_five,function,src/python/xcf/xcf_analytics.py,utility_private,,,,medium,partial,verify,not_started,ACCEPTED_VERIFIED,
xcf,src/python/xcf/xcf_analytics.py,xcf_file_size_bytes_times_thirty_six,function,src/python/xcf/xcf_analytics.py,utility_private,,,,medium,partial,verify,not_started,ACCEPTED_VERIFIED,
xcf,src/python/xcf/xcf_analytics.py,xcf_image_type_id_times_thirty_six,function,src/python/xcf/xcf_analytics.py,utility_private,,,,medium,partial,verify,not_started,ACCEPTED_VERIFIED,
xcf,src/python/xcf/xcf_analytics.py,xcf_file_size_bytes_times_thirty_seven,function,src/python/xcf/xcf_analytics.py,utility_private,,,,medium,partial,verify,not_started,ACCEPTED_VERIFIED,
xcf,src/python/xcf/xcf_analytics.py,xcf_image_type_id_times_thirty_seven,function,src/python/xcf/xcf_analytics.py,utility_private,,,,medium,partial,verify,not_started,ACCEPTED_VERIFIED,
xcf,src/python/xcf/xcf_analytics.py,xcf_file_size_bytes_times_thirty_eight,function,src/python/xcf/xcf_analytics.py,utility_private,,,,medium,partial,verify,not_started,ACCEPTED_VERIFIED,
xcf,src/python/xcf/xcf_analytics.py,xcf_image_type_id_times_thirty_eight,function,src/python/xcf/xcf_analytics.py,utility_private,,,,medium,partial,verify,not_started,ACCEPTED_VERIFIED,
xcf,src/python/xcf/xcf_analytics.py,xcf_file_size_bytes_times_thirty_nine,function,src/python/xcf/xcf_analytics.py,utility_private,,,,medium,partial,verify,not_started,ACCEPTED_VERIFIED,
xcf,src/python/xcf/xcf_analytics.py,xcf_image_type_id_times_thirty_nine,function,src/python/xcf/xcf_analytics.py,utility_private,,,,medium,partial,verify,not_started,ACCEPTED_VERIFIED,
xcf,src/python/xcf/xcf_analytics.py,xcf_file_size_bytes_times_forty,function,src/python/xcf/xcf_analytics.py,utility_private,,,,medium,partial,verify,not_started,ACCEPTED_VERIFIED,
xcf,src/python/xcf/xcf_analytics.py,xcf_image_type_id_times_forty,function,src/python/xcf/xcf_analytics.py,utility_private,,,,medium,partial,verify,not_started,ACCEPTED_VERIFIED,
xcf,src/python/xcf/xcf_analytics.py,xcf_file_size_bytes_times_forty_one,function,src/python/xcf/xcf_analytics.py,utility_private,,,,medium,partial,verify,not_started,ACCEPTED_VERIFIED,
xcf,src/python/xcf/xcf_analytics.py,xcf_image_type_id_times_forty_one,function,src/python/xcf/xcf_analytics.py,utility_private,,,,medium,partial,verify,not_started,ACCEPTED_VERIFIED,
xcf,src/python/xcf/xcf_analytics.py,xcf_file_size_bytes_times_forty_two,function,src/python/xcf/xcf_analytics.py,utility_private,,,,medium,partial,verify,not_started,ACCEPTED_VERIFIED,
xcf,src/python/xcf/xcf_analytics.py,xcf_image_type_id_times_forty_two,function,src/python/xcf/xcf_analytics.py,utility_private,,,,medium,partial,verify,not_started,ACCEPTED_VERIFIED,
xcf,src/python/xcf/xcf_analytics.py,xcf_file_size_bytes_times_forty_three,function,src/python/xcf/xcf_analytics.py,utility_private,,,,medium,partial,verify,not_started,ACCEPTED_VERIFIED,
xcf,src/python/xcf/xcf_analytics.py,xcf_image_type_id_times_forty_three,function,src/python/xcf/xcf_analytics.py,utility_private,,,,medium,partial,verify,not_started,ACCEPTED_VERIFIED,
xcf,src/python/xcf/xcf_analytics.py,xcf_file_size_bytes_times_forty_four,function,src/python/xcf/xcf_analytics.py,utility_private,,,,medium,partial,verify,not_started,ACCEPTED_VERIFIED,
xcf,src/python/xcf/xcf_analytics.py,xcf_image_type_id_times_forty_four,function,src/python/xcf/xcf_analytics.py,utility_private,,,,medium,partial,verify,not_started,ACCEPTED_VERIFIED,
xcf,src/python/xcf/xcf_analytics.py,xcf_image_area,function,src/python/xcf/xcf_analytics.py,utility_private,,,,medium,partial,verify,not_started,ACCEPTED_VERIFIED,
xcf,src/python/xcf/xcf_analytics.py,xcf_file_size_per_pixel,function,src/python/xcf/xcf_analytics.py,utility_private,,,,medium,partial,verify,not_started,ACCEPTED_VERIFIED,
xcf,src/python/xcf/xcf_analytics.py,xcf_file_size_bytes_times_forty_five,function,src/python/xcf/xcf_analytics.py,utility_private,,,,medium,partial,verify,not_started,ACCEPTED_VERIFIED,
xcf,src/python/xcf/xcf_analytics.py,xcf_image_type_id_times_forty_five,function,src/python/xcf/xcf_analytics.py,utility_private,,,,medium,partial,verify,not_started,ACCEPTED_VERIFIED,
xcf,src/python/xcf/xcf_analytics.py,xcf_file_size_bytes_times_forty_six,function,src/python/xcf/xcf_analytics.py,utility_private,,,,medium,partial,verify,not_started,ACCEPTED_VERIFIED,
xcf,src/python/xcf/xcf_analytics.py,xcf_image_type_id_times_forty_six,function,src/python/xcf/xcf_analytics.py,utility_private,,,,medium,partial,verify,not_started,ACCEPTED_VERIFIED,
xcf,src/python/xcf/xcf_analytics.py,xcf_file_size_bytes_times_forty_seven,function,src/python/xcf/xcf_analytics.py,utility_private,,,,medium,partial,verify,not_started,ACCEPTED_VERIFIED,
xcf,src/python/xcf/xcf_analytics.py,xcf_image_type_id_times_forty_seven,function,src/python/xcf/xcf_analytics.py,utility_private,,,,medium,partial,verify,not_started,ACCEPTED_VERIFIED,
xcf,src/python/xcf/xcf_analytics.py,xcf_file_size_bytes_times_forty_eight,function,src/python/xcf/xcf_analytics.py,utility_private,,,,medium,partial,verify,not_started,ACCEPTED_VERIFIED,
xcf,src/python/xcf/xcf_analytics.py,xcf_image_type_id_times_forty_eight,function,src/python/xcf/xcf_analytics.py,utility_private,,,,medium,partial,verify,not_started,ACCEPTED_VERIFIED,
xcf,src/python/xcf/xcf_analytics.py,xcf_file_size_bytes_times_forty_nine,function,src/python/xcf/xcf_analytics.py,utility_private,,,,medium,partial,verify,not_started,ACCEPTED_VERIFIED,
xcf,src/python/xcf/xcf_analytics.py,xcf_image_type_id_times_forty_nine,function,src/python/xcf/xcf_analytics.py,utility_private,,,,medium,partial,verify,not_started,ACCEPTED_VERIFIED,
xcf,src/python/xcf/xcf_analytics.py,xcf_file_size_bytes_times_fifty,function,src/python/xcf/xcf_analytics.py,utility_private,,,,medium,partial,verify,not_started,ACCEPTED_VERIFIED,
xcf,src/python/xcf/xcf_analytics.py,xcf_image_type_id_times_fifty,function,src/python/xcf/xcf_analytics.py,utility_private,,,,medium,partial,verify,not_started,ACCEPTED_VERIFIED,
xcf,src/python/xcf/xcf_analytics.py,xcf_file_size_bytes_times_fifty_one,function,src/python/xcf/xcf_analytics.py,utility_private,,,,medium,partial,verify,not_started,ACCEPTED_VERIFIED,
xcf,src/python/xcf/xcf_analytics.py,xcf_image_type_id_times_fifty_one,function,src/python/xcf/xcf_analytics.py,utility_private,,,,medium,partial,verify,not_started,ACCEPTED_VERIFIED,
xcf,src/python/xcf/xcf_analytics.py,xcf_file_size_bytes_times_fifty_two,function,src/python/xcf/xcf_analytics.py,utility_private,,,,medium,partial,verify,not_started,ACCEPTED_VERIFIED,
xcf,src/python/xcf/xcf_analytics.py,xcf_image_type_id_times_fifty_two,function,src/python/xcf/xcf_analytics.py,utility_private,,,,medium,partial,verify,not_started,ACCEPTED_VERIFIED,
xcf,src/python/xcf/xcf_analytics.py,xcf_file_size_bytes_times_fifty_three,function,src/python/xcf/xcf_analytics.py,utility_private,,,,medium,partial,verify,not_started,ACCEPTED_VERIFIED,
xcf,src/python/xcf/xcf_analytics.py,xcf_image_type_id_times_fifty_three,function,src/python/xcf/xcf_analytics.py,utility_private,,,,medium,partial,verify,not_started,ACCEPTED_VERIFIED,
xcf,src/python/xcf/xcf_analytics.py,xcf_bytes_per_layer,function,src/python/xcf/xcf_analytics.py,utility_private,,,,medium,partial,verify,not_started,ACCEPTED_VERIFIED,
xcf,src/python/xcf/xcf_analytics.py,xcf_is_landscape,function,src/python/xcf/xcf_analytics.py,utility_private,,,,medium,partial,verify,not_started,ACCEPTED_VERIFIED,
xcf,src/python/xcf/xcf_analytics.py,xcf_file_size_bytes_times_fifty_four,function,src/python/xcf/xcf_analytics.py,utility_private,,,,medium,partial,verify,not_started,ACCEPTED_VERIFIED,
xcf,src/python/xcf/xcf_analytics.py,xcf_image_type_id_times_fifty_four,function,src/python/xcf/xcf_analytics.py,utility_private,,,,medium,partial,verify,not_started,ACCEPTED_VERIFIED,
xcf,src/python/xcf/xcf_analytics.py,xcf_file_size_bytes_times_fifty_five,function,src/python/xcf/xcf_analytics.py,utility_private,,,,medium,partial,verify,not_started,ACCEPTED_VERIFIED,
xcf,src/python/xcf/xcf_analytics.py,xcf_image_type_id_times_fifty_five,function,src/python/xcf/xcf_analytics.py,utility_private,,,,medium,partial,verify,not_started,ACCEPTED_VERIFIED,
xcf,src/python/xcf/xcf_analytics.py,xcf_file_size_bytes_times_fifty_six,function,src/python/xcf/xcf_analytics.py,utility_private,,,,medium,partial,verify,not_started,ACCEPTED_VERIFIED,
xcf,src/python/xcf/xcf_analytics.py,xcf_image_type_id_times_fifty_six,function,src/python/xcf/xcf_analytics.py,utility_private,,,,medium,partial,verify,not_started,ACCEPTED_VERIFIED,
xcf,src/python/xcf/xcf_analytics.py,xcf_file_size_bytes_times_fifty_seven,function,src/python/xcf/xcf_analytics.py,utility_private,,,,medium,partial,verify,not_started,ACCEPTED_VERIFIED,
xcf,src/python/xcf/xcf_analytics.py,xcf_image_type_id_times_fifty_seven,function,src/python/xcf/xcf_analytics.py,utility_private,,,,medium,partial,verify,not_started,ACCEPTED_VERIFIED,
xcf,src/python/xcf/xcf_analytics.py,xcf_file_size_bytes_times_fifty_eight,function,src/python/xcf/xcf_analytics.py,utility_private,,,,medium,partial,verify,not_started,ACCEPTED_VERIFIED,
xcf,src/python/xcf/xcf_analytics.py,xcf_image_type_id_times_fifty_eight,function,src/python/xcf/xcf_analytics.py,utility_private,,,,medium,partial,verify,not_started,ACCEPTED_VERIFIED,
xcf,src/python/xcf/xcf_analytics.py,xcf_file_size_bytes_times_fifty_nine,function,src/python/xcf/xcf_analytics.py,utility_private,,,,medium,partial,verify,not_started,ACCEPTED_VERIFIED,
xcf,src/python/xcf/xcf_analytics.py,xcf_image_type_id_times_fifty_nine,function,src/python/xcf/xcf_analytics.py,utility_private,,,,medium,partial,verify,not_started,ACCEPTED_VERIFIED,
xcf,src/python/xcf/xcf_analytics.py,xcf_file_size_bytes_times_sixty,function,src/python/xcf/xcf_analytics.py,utility_private,,,,medium,partial,verify,not_started,ACCEPTED_VERIFIED,
xcf,src/python/xcf/xcf_analytics.py,xcf_image_type_id_times_sixty,function,src/python/xcf/xcf_analytics.py,utility_private,,,,medium,partial,verify,not_started,ACCEPTED_VERIFIED,
xcf,src/python/xcf/xcf_analytics.py,xcf_file_size_bytes_times_sixty_one,function,src/python/xcf/xcf_analytics.py,utility_private,,,,medium,partial,verify,not_started,ACCEPTED_VERIFIED,
xcf,src/python/xcf/xcf_analytics.py,xcf_image_type_id_times_sixty_one,function,src/python/xcf/xcf_analytics.py,utility_private,,,,medium,partial,verify,not_started,ACCEPTED_VERIFIED,
xcf,src/python/xcf/xcf_analytics.py,xcf_file_size_bytes_times_sixty_two,function,src/python/xcf/xcf_analytics.py,utility_private,,,,medium,partial,verify,not_started,ACCEPTED_VERIFIED,
xcf,src/python/xcf/xcf_analytics.py,xcf_image_type_id_times_sixty_two,function,src/python/xcf/xcf_analytics.py,utility_private,,,,medium,partial,verify,not_started,ACCEPTED_VERIFIED,
xcf,src/python/xcf/xcf_analytics.py,xcf_file_size_bytes_times_sixty_three,function,src/python/xcf/xcf_analytics.py,utility_private,,,,medium,partial,verify,not_started,ACCEPTED_VERIFIED,
xcf,src/python/xcf/xcf_analytics.py,xcf_image_type_id_times_sixty_three,function,src/python/xcf/xcf_analytics.py,utility_private,,,,medium,partial,verify,not_started,ACCEPTED_VERIFIED,
xcf,src/python/xcf/xcf_analytics.py,xcf_file_size_bytes_times_sixty_four,function,src/python/xcf/xcf_analytics.py,utility_private,,,,medium,partial,verify,not_started,ACCEPTED_VERIFIED,
xcf,src/python/xcf/xcf_analytics.py,xcf_image_type_id_times_sixty_four,function,src/python/xcf/xcf_analytics.py,utility_private,,,,medium,partial,verify,not_started,ACCEPTED_VERIFIED,
xcf,src/python/xcf/xcf_analytics.py,xcf_pixel_area,function,src/python/xcf/xcf_analytics.py,utility_private,,,,medium,partial,verify,not_started,ACCEPTED_VERIFIED,
xcf,src/python/xcf/xcf_analytics.py,xcf_bytes_per_dimension,function,src/python/xcf/xcf_analytics.py,utility_private,,,,medium,partial,verify,not_started,ACCEPTED_VERIFIED,
xcf,src/python/xcf/xcf_analytics.py,xcf_file_size_bytes_times_sixty_five,function,src/python/xcf/xcf_analytics.py,utility_private,,,,medium,partial,verify,not_started,ACCEPTED_VERIFIED,
xcf,src/python/xcf/xcf_analytics.py,xcf_image_type_id_times_sixty_five,function,src/python/xcf/xcf_analytics.py,utility_private,,,,medium,partial,verify,not_started,ACCEPTED_VERIFIED,
xcf,src/python/xcf/xcf_analytics.py,xcf_file_size_bytes_times_sixty_six,function,src/python/xcf/xcf_analytics.py,utility_private,,,,medium,partial,verify,not_started,ACCEPTED_VERIFIED,
xcf,src/python/xcf/xcf_analytics.py,xcf_image_type_id_times_sixty_six,function,src/python/xcf/xcf_analytics.py,utility_private,,,,medium,partial,verify,not_started,ACCEPTED_VERIFIED,
xcf,src/python/xcf/xcf_analytics.py,xcf_file_size_bytes_times_sixty_seven,function,src/python/xcf/xcf_analytics.py,utility_private,,,,medium,partial,verify,not_started,ACCEPTED_VERIFIED,
xcf,src/python/xcf/xcf_analytics.py,xcf_image_type_id_times_sixty_seven,function,src/python/xcf/xcf_analytics.py,utility_private,,,,medium,partial,verify,not_started,ACCEPTED_VERIFIED,
xcf,src/python/xcf/xcf_analytics.py,xcf_file_size_bytes_times_sixty_eight,function,src/python/xcf/xcf_analytics.py,utility_private,,,,medium,partial,verify,not_started,ACCEPTED_VERIFIED,
xcf,src/python/xcf/xcf_analytics.py,xcf_image_type_id_times_sixty_eight,function,src/python/xcf/xcf_analytics.py,utility_private,,,,medium,partial,verify,not_started,ACCEPTED_VERIFIED,
xcf,src/python/xcf/xcf_analytics.py,xcf_file_size_mod_13_times_200_plus_image_type_times_1100_plus_width_times_height_times_num_layers_times_250,function,src/python/xcf/xcf_analytics.py,utility_private,,,,medium,partial,verify,not_started,ACCEPTED_VERIFIED,
xcf,src/python/xcf/xcf_analytics.py,xcf_file_size_mod_11_plus_image_type_times_600_plus_width_times_3_plus_height_times_2,function,src/python/xcf/xcf_analytics.py,utility_private,,,,medium,partial,verify,not_started,ACCEPTED_VERIFIED,
xcf,src/python/xcf/xcf_analytics.py,xcf_file_size_bytes_times_sixty_nine,function,src/python/xcf/xcf_analytics.py,utility_private,,,,medium,partial,verify,not_started,ACCEPTED_VERIFIED,
xcf,src/python/xcf/xcf_analytics.py,xcf_image_type_id_times_sixty_nine,function,src/python/xcf/xcf_analytics.py,utility_private,,,,medium,partial,verify,not_started,ACCEPTED_VERIFIED,
xcf,src/python/xcf/xcf_analytics.py,xcf_width_times_height_plus_file_size_mod_17_times_100_plus_num_layers_times_300,function,src/python/xcf/xcf_analytics.py,utility_private,,,,medium,partial,verify,not_started,ACCEPTED_VERIFIED,
xcf,src/python/xcf/xcf_analytics.py,xcf_image_type_times_700_plus_width_squared_plus_height_squared,function,src/python/xcf/xcf_analytics.py,utility_private,,,,medium,partial,verify,not_started,ACCEPTED_VERIFIED,
xcf,src/python/xcf/xcf_analytics.py,xcf_file_size_bytes_times_seventy,function,src/python/xcf/xcf_analytics.py,utility_private,,,,medium,partial,verify,not_started,ACCEPTED_VERIFIED,
xcf,src/python/xcf/xcf_analytics.py,xcf_image_type_id_times_seventy,function,src/python/xcf/xcf_analytics.py,utility_private,,,,medium,partial,verify,not_started,ACCEPTED_VERIFIED,
xcf,src/python/xcf/xcf_analytics.py,xcf_file_size_bytes_times_seventy_one,function,src/python/xcf/xcf_analytics.py,utility_private,,,,medium,partial,verify,not_started,ACCEPTED_VERIFIED,
xcf,src/python/xcf/xcf_analytics.py,xcf_image_type_id_times_seventy_one,function,src/python/xcf/xcf_analytics.py,utility_private,,,,medium,partial,verify,not_started,ACCEPTED_VERIFIED,
xcf,src/python/xcf/xcf_analytics.py,xcf_file_size_bytes_times_seventy_two,function,src/python/xcf/xcf_analytics.py,utility_private,,,,medium,partial,verify,not_started,ACCEPTED_VERIFIED,
xcf,src/python/xcf/xcf_analytics.py,xcf_image_type_id_times_seventy_two,function,src/python/xcf/xcf_analytics.py,utility_private,,,,medium,partial,verify,not_started,ACCEPTED_VERIFIED,
xcf,src/python/xcf/xcf_analytics.py,xcf_file_size_bytes_times_seventy_three,function,src/python/xcf/xcf_analytics.py,utility_private,,,,medium,partial,verify,not_started,ACCEPTED_VERIFIED,
xcf,src/python/xcf/xcf_analytics.py,xcf_image_type_id_times_seventy_three,function,src/python/xcf/xcf_analytics.py,utility_private,,,,medium,partial,verify,not_started,ACCEPTED_VERIFIED,
xcf,src/python/xcf/xcf_analytics.py,xcf_bytes_per_pixel_area,function,src/python/xcf/xcf_analytics.py,utility_private,,,,medium,partial,verify,not_started,ACCEPTED_VERIFIED,
xcf,src/python/xcf/xcf_analytics.py,xcf_layer_count_plus_image_type,function,src/python/xcf/xcf_analytics.py,utility_private,,,,medium,partial,verify,not_started,ACCEPTED_VERIFIED,
xcf,src/python/xcf/xcf_analytics.py,xcf_file_size_bytes_times_seventy_four,function,src/python/xcf/xcf_analytics.py,utility_private,,,,medium,partial,verify,not_started,ACCEPTED_VERIFIED,
xcf,src/python/xcf/xcf_analytics.py,xcf_image_type_id_times_seventy_four,function,src/python/xcf/xcf_analytics.py,utility_private,,,,medium,partial,verify,not_started,ACCEPTED_VERIFIED,
xcf,src/python/xcf/xcf_analytics.py,xcf_file_size_bytes_times_seventy_five,function,src/python/xcf/xcf_analytics.py,utility_private,,,,medium,partial,verify,not_started,ACCEPTED_VERIFIED,
xcf,src/python/xcf/xcf_analytics.py,xcf_image_type_id_times_seventy_five,function,src/python/xcf/xcf_analytics.py,utility_private,,,,medium,partial,verify,not_started,ACCEPTED_VERIFIED,
xcf,src/python/xcf/xcf_analytics.py,xcf_file_size_bytes_times_seventy_six,function,src/python/xcf/xcf_analytics.py,utility_private,,,,medium,partial,verify,not_started,ACCEPTED_VERIFIED,
xcf,src/python/xcf/xcf_analytics.py,xcf_image_type_id_times_seventy_six,function,src/python/xcf/xcf_analytics.py,utility_private,,,,medium,partial,verify,not_started,ACCEPTED_VERIFIED,
xcf,src/python/xcf/xcf_analytics.py,xcf_file_size_bytes_times_seventy_seven,function,src/python/xcf/xcf_analytics.py,utility_private,,,,medium,partial,verify,not_started,ACCEPTED_VERIFIED,
xcf,src/python/xcf/xcf_analytics.py,xcf_image_type_id_times_seventy_seven,function,src/python/xcf/xcf_analytics.py,utility_private,,,,medium,partial,verify,not_started,ACCEPTED_VERIFIED,
xcf,src/python/xcf/xcf_analytics.py,xcf_file_size_bytes_times_seventy_eight,function,src/python/xcf/xcf_analytics.py,utility_private,,,,medium,partial,verify,not_started,ACCEPTED_VERIFIED,
xcf,src/python/xcf/xcf_analytics.py,xcf_image_type_id_times_seventy_eight,function,src/python/xcf/xcf_analytics.py,utility_private,,,,medium,partial,verify,not_started,ACCEPTED_VERIFIED,
xcf,src/python/xcf/xcf_analytics.py,xcf_width_times_height_times_3_plus_file_size_mod_23_times_50_plus_image_type_times_200,function,src/python/xcf/xcf_analytics.py,utility_private,,,,medium,partial,verify,not_started,ACCEPTED_VERIFIED,
xcf,src/python/xcf/xcf_analytics.py,xcf_file_size_mod_29_times_100_plus_image_type_times_900_plus_width_sq_plus_height_sq,function,src/python/xcf/xcf_analytics.py,utility_private,,,,medium,partial,verify,not_started,ACCEPTED_VERIFIED,
xcf,src/python/xcf/xcf_analytics.py,xcf_file_size_bytes_times_seventy_nine,function,src/python/xcf/xcf_analytics.py,utility_private,,,,medium,partial,verify,not_started,ACCEPTED_VERIFIED,
xcf,src/python/xcf/xcf_analytics.py,xcf_image_type_id_times_seventy_nine,function,src/python/xcf/xcf_analytics.py,utility_private,,,,medium,partial,verify,not_started,ACCEPTED_VERIFIED,
xcf,src/python/xcf/xcf_analytics.py,xcf_file_size_bytes_times_eighty,function,src/python/xcf/xcf_analytics.py,utility_private,,,,medium,partial,verify,not_started,ACCEPTED_VERIFIED,
xcf,src/python/xcf/xcf_analytics.py,xcf_image_type_id_times_eighty,function,src/python/xcf/xcf_analytics.py,utility_private,,,,medium,partial,verify,not_started,ACCEPTED_VERIFIED,
xcf,src/python/xcf/xcf_analytics.py,xcf_file_size_bytes_times_eighty_one,function,src/python/xcf/xcf_analytics.py,utility_private,,,,medium,partial,verify,not_started,ACCEPTED_VERIFIED,
xcf,src/python/xcf/xcf_analytics.py,xcf_image_type_id_times_eighty_one,function,src/python/xcf/xcf_analytics.py,utility_private,,,,medium,partial,verify,not_started,ACCEPTED_VERIFIED,
xcf,src/python/xcf/xcf_analytics.py,xcf_file_size_bytes_times_eighty_two,function,src/python/xcf/xcf_analytics.py,utility_private,,,,medium,partial,verify,not_started,ACCEPTED_VERIFIED,
xcf,src/python/xcf/xcf_analytics.py,xcf_image_type_id_times_eighty_two,function,src/python/xcf/xcf_analytics.py,utility_private,,,,medium,partial,verify,not_started,ACCEPTED_VERIFIED,
xcf,src/python/xcf/xcf_analytics.py,xcf_file_size_bytes_times_eighty_three,function,src/python/xcf/xcf_analytics.py,utility_private,,,,medium,partial,verify,not_started,ACCEPTED_VERIFIED,
xcf,src/python/xcf/xcf_analytics.py,xcf_image_type_id_times_eighty_three,function,src/python/xcf/xcf_analytics.py,utility_private,,,,medium,partial,verify,not_started,ACCEPTED_VERIFIED,
xcf,src/python/xcf/xcf_analytics.py,xcf_wh_times_400_plus_image_type_times_300_plus_file_size_mod_31_times_100,function,src/python/xcf/xcf_analytics.py,utility_private,,,,medium,partial,verify,not_started,ACCEPTED_VERIFIED,
xcf,src/python/xcf/xcf_analytics.py,xcf_file_size_mod_37_times_200_plus_image_type_times_800_plus_wh_squared,function,src/python/xcf/xcf_analytics.py,utility_private,,,,medium,partial,verify,not_started,ACCEPTED_VERIFIED,
xcf,src/python/xcf/xcf_analytics.py,xcf_file_size_bytes_times_eighty_four,function,src/python/xcf/xcf_analytics.py,utility_private,,,,medium,partial,verify,not_started,ACCEPTED_VERIFIED,
xcf,src/python/xcf/xcf_analytics.py,xcf_image_type_id_times_eighty_four,function,src/python/xcf/xcf_analytics.py,utility_private,,,,medium,partial,verify,not_started,ACCEPTED_VERIFIED,
xcf,src/python/xcf/xcf_analytics.py,xcf_file_size_mod_41_times_300_plus_image_type_times_900_plus_wh_times_500_plus_7,function,src/python/xcf/xcf_analytics.py,utility_private,,,,medium,partial,verify,not_started,ACCEPTED_VERIFIED,
xcf,src/python/xcf/xcf_analytics.py,xcf_file_size_times_2_plus_image_type_times_1100_plus_wh_sum_times_250_plus_13,function,src/python/xcf/xcf_analytics.py,utility_private,,,,medium,partial,verify,not_started,ACCEPTED_VERIFIED,
xcf,src/python/xcf/xcf_analytics.py,xcf_file_size_bytes_times_eighty_five,function,src/python/xcf/xcf_analytics.py,utility_private,,,,medium,partial,verify,not_started,ACCEPTED_VERIFIED,
xcf,src/python/xcf/xcf_analytics.py,xcf_image_type_id_times_eighty_five,function,src/python/xcf/xcf_analytics.py,utility_private,,,,medium,partial,verify,not_started,ACCEPTED_VERIFIED,
xcf,src/python/xcf/xcf_analytics.py,xcf_area_plus_file_size,function,src/python/xcf/xcf_analytics.py,utility_private,,,,medium,partial,verify,not_started,ACCEPTED_VERIFIED,
xcf,src/python/xcf/xcf_analytics.py,xcf_layers_times_width,function,src/python/xcf/xcf_analytics.py,utility_private,,,,medium,partial,verify,not_started,ACCEPTED_VERIFIED,
xcf,src/python/xcf/xcf_analytics.py,xcf_file_size_bytes_times_eighty_six,function,src/python/xcf/xcf_analytics.py,utility_private,,,,medium,partial,verify,not_started,ACCEPTED_VERIFIED,
xcf,src/python/xcf/xcf_analytics.py,xcf_image_type_id_times_eighty_six,function,src/python/xcf/xcf_analytics.py,utility_private,,,,medium,partial,verify,not_started,ACCEPTED_VERIFIED,
xcf,src/python/xcf/xcf_analytics.py,xcf_file_size_mod_53_times_200_plus_image_type_times_1200_plus_wh_times_700_plus_11,function,src/python/xcf/xcf_analytics.py,utility_private,,,,medium,partial,verify,not_started,ACCEPTED_VERIFIED,
xcf,src/python/xcf/xcf_analytics.py,xcf_file_size_plus_image_type_times_1300_plus_wh_sum_times_400_plus_17,function,src/python/xcf/xcf_analytics.py,utility_private,,,,medium,partial,verify,not_started,ACCEPTED_VERIFIED,
xcf,src/python/xcf/xcf_analytics.py,xcf_file_size_bytes_times_eighty_seven,function,src/python/xcf/xcf_analytics.py,utility_private,,,,medium,partial,verify,not_started,ACCEPTED_VERIFIED,
xcf,src/python/xcf/xcf_analytics.py,xcf_image_type_id_times_eighty_seven,function,src/python/xcf/xcf_analytics.py,utility_private,,,,medium,partial,verify,not_started,ACCEPTED_VERIFIED,
xcf,src/python/xcf/xcf_analytics.py,xcf_wh_times_600_plus_it_times_400_plus_fsz_mod_41_times_100,function,src/python/xcf/xcf_analytics.py,utility_private,,,,medium,partial,verify,not_started,ACCEPTED_VERIFIED,
xcf,src/python/xcf/xcf_analytics.py,xcf_fsz_mod_43_times_300_plus_it_times_900_plus_w_sq_h_sq_times_50,function,src/python/xcf/xcf_analytics.py,utility_private,,,,medium,partial,verify,not_started,ACCEPTED_VERIFIED,
xcf,src/python/xcf/xcf_analytics.py,xcf_file_size_mod_11_times_400_plus_image_type_times_1400_plus_wh_times_900,function,src/python/xcf/xcf_analytics.py,utility_private,,,,medium,partial,verify,not_started,ACCEPTED_VERIFIED,
xcf,src/python/xcf/xcf_analytics.py,xcf_file_size_mod_13_times_500_plus_image_type_times_600_plus_file_size_mod_7_times_200,function,src/python/xcf/xcf_analytics.py,utility_private,,,,medium,partial,verify,not_started,ACCEPTED_VERIFIED,
xcf,src/python/xcf/xcf_analytics.py,xcf_file_size_mod_13_times_150_plus_image_type_times_600_plus_width_times_height_times_100,function,src/python/xcf/xcf_analytics.py,utility_private,,,,medium,partial,verify,not_started,ACCEPTED_VERIFIED,
xcf,src/python/xcf/xcf_analytics.py,xcf_file_size_mod_7_plus_image_type_times_400_plus_width_times_height_times_num_layers_times_300,function,src/python/xcf/xcf_analytics.py,utility_private,,,,medium,partial,verify,not_started,ACCEPTED_VERIFIED,
xcf,src/python/xcf/xcf_analytics.py,xcf_file_size_mod_17_times_200_plus_image_type_times_700_plus_width_times_50_plus_height_times_30,function,src/python/xcf/xcf_analytics.py,utility_private,,,,medium,partial,verify,not_started,ACCEPTED_VERIFIED,
xcf,src/python/xcf/xcf_analytics.py,xcf_file_size_times_6_plus_image_type_times_800_plus_width_times_height_times_100,function,src/python/xcf/xcf_analytics.py,utility_private,,,,medium,partial,verify,not_started,ACCEPTED_VERIFIED,
xcf,src/python/xcf/xcf_analytics.py,xcf_file_size_mod_17_times_600_plus_image_type_times_1600_plus_wh_times_1100,function,src/python/xcf/xcf_analytics.py,utility_private,,,,medium,partial,verify,not_started,ACCEPTED_VERIFIED,
xcf,src/python/xcf/xcf_analytics.py,xcf_file_size_mod_23_times_700_plus_image_type_times_800_plus_wh_times_1200,function,src/python/xcf/xcf_analytics.py,utility_private,,,,medium,partial,verify,not_started,ACCEPTED_VERIFIED,
xcf,src/python/xcf/xcf_analytics.py,xcf_file_size_mod_11_times_150_plus_image_type_times_800_plus_width_times_height_times_200,function,src/python/xcf/xcf_analytics.py,utility_private,,,,medium,partial,verify,not_started,ACCEPTED_VERIFIED,
xcf,src/python/xcf/xcf_analytics.py,xcf_file_size_mod_7_times_200_plus_image_type_times_500_plus_width_plus_height_times_100,function,src/python/xcf/xcf_analytics.py,utility_private,,,,medium,partial,verify,not_started,ACCEPTED_VERIFIED,
xcf,src/python/xcf/xcf_analytics.py,xcf_file_size_mod_23_times_300_plus_image_type_times_600_plus_width_times_40_plus_height_times_20,function,src/python/xcf/xcf_analytics.py,utility_private,,,,medium,partial,verify,not_started,ACCEPTED_VERIFIED,
xcf,src/python/xcf/xcf_analytics.py,xcf_file_size_times_7_plus_image_type_times_900_plus_width_times_height_times_150,function,src/python/xcf/xcf_analytics.py,utility_private,,,,medium,partial,verify,not_started,ACCEPTED_VERIFIED,
xcf,src/python/xcf/xcf_analytics.py,xcf_file_size_mod_31_times_800_plus_image_type_times_2000_plus_wh_times_1500,function,src/python/xcf/xcf_analytics.py,utility_private,,,,medium,partial,verify,not_started,ACCEPTED_VERIFIED,
xcf,src/python/xcf/xcf_analytics.py,xcf_file_size_times_9_plus_image_type_times_1100_plus_wh_times_1400,function,src/python/xcf/xcf_analytics.py,utility_private,,,,medium,partial,verify,not_started,ACCEPTED_VERIFIED,
xcf,src/python/xcf/xcf_analytics.py,xcf_file_size_mod_13_times_200_plus_image_type_times_900_plus_width_times_height_times_300,function,src/python/xcf/xcf_analytics.py,utility_private,,,,medium,partial,verify,not_started,ACCEPTED_VERIFIED,
xcf,src/python/xcf/xcf_analytics.py,xcf_file_size_mod_9_times_300_plus_image_type_times_600_plus_layer_count_times_400,function,src/python/xcf/xcf_analytics.py,utility_private,,,,medium,partial,verify,not_started,ACCEPTED_VERIFIED,
xcf,src/python/xcf/xcf_analytics.py,xcf_file_size_mod_41_times_900_plus_image_type_times_2500_plus_wh_times_1800,function,src/python/xcf/xcf_analytics.py,utility_private,,,,medium,partial,verify,not_started,ACCEPTED_VERIFIED,
xcf,src/python/xcf/xcf_analytics.py,xcf_file_size_times_11_plus_image_type_times_1300_plus_wh_times_1600,function,src/python/xcf/xcf_analytics.py,utility_private,,,,medium,partial,verify,not_started,ACCEPTED_VERIFIED,
xcf,src/python/xcf/xcf_analytics.py,xcf_file_size_mod_17_times_100_plus_image_type_times_1100_plus_width_times_height_times_250,function,src/python/xcf/xcf_analytics.py,utility_private,,,,medium,partial,verify,not_started,ACCEPTED_VERIFIED,
xcf,src/python/xcf/xcf_analytics.py,xcf_file_size_mod_11_times_200_plus_image_type_times_700_plus_layer_count_times_500,function,src/python/xcf/xcf_analytics.py,utility_private,,,,medium,partial,verify,not_started,ACCEPTED_VERIFIED,
xcf,src/python/xcf/xcf_analytics.py,xcf_file_size_mod_31_times_400_plus_image_type_times_700_plus_width_times_60_plus_height_times_30,function,src/python/xcf/xcf_analytics.py,utility_private,,,,medium,partial,verify,not_started,ACCEPTED_VERIFIED,
xcf,src/python/xcf/xcf_analytics.py,xcf_file_size_times_9_plus_image_type_times_1000_plus_width_plus_height_times_80,function,src/python/xcf/xcf_analytics.py,utility_private,,,,medium,partial,verify,not_started,ACCEPTED_VERIFIED,
xcf,src/python/xcf/xcf_analytics.py,xcf_file_size_mod_19_times_100_plus_image_type_times_1200_plus_width_times_height_times_400,function,src/python/xcf/xcf_analytics.py,utility_private,,,,medium,partial,verify,not_started,ACCEPTED_VERIFIED,
xcf,src/python/xcf/xcf_analytics.py,xcf_file_size_mod_13_times_300_plus_image_type_times_800_plus_width_plus_height_times_200,function,src/python/xcf/xcf_analytics.py,utility_private,,,,medium,partial,verify,not_started,ACCEPTED_VERIFIED,
xcf,src/python/xcf/xcf_analytics.py,xcf_file_size_mod_29_times_200_plus_image_type_times_1500_plus_width_times_height_times_500,function,src/python/xcf/xcf_analytics.py,utility_private,,,,medium,partial,verify,not_started,ACCEPTED_VERIFIED,
xcf,src/python/xcf/xcf_analytics.py,xcf_file_size_mod_23_times_150_plus_image_type_times_1000_plus_layer_count_times_600,function,src/python/xcf/xcf_analytics.py,utility_private,,,,medium,partial,verify,not_started,ACCEPTED_VERIFIED,
xcf,src/python/xcf/xcf_analytics.py,xcf_file_size_mod_37_times_500_plus_image_type_times_800_plus_width_times_70_plus_height_times_40,function,src/python/xcf/xcf_analytics.py,utility_private,,,,medium,partial,verify,not_started,ACCEPTED_VERIFIED,
xcf,src/python/xcf/xcf_analytics.py,xcf_file_size_times_10_plus_image_type_times_1100_plus_width_times_height_times_200,function,src/python/xcf/xcf_analytics.py,utility_private,,,,medium,partial,verify,not_started,ACCEPTED_VERIFIED,
xcf,src/python/xcf/xcf_analytics.py,xcf_file_size_bytes_times_eighty_nine,function,src/python/xcf/xcf_analytics.py,utility_private,,,,medium,partial,verify,not_started,ACCEPTED_VERIFIED,
xcf,src/python/xcf/xcf_analytics.py,xcf_image_type_id_times_eighty_nine,function,src/python/xcf/xcf_analytics.py,utility_private,,,,medium,partial,verify,not_started,ACCEPTED_VERIFIED,
xcf,src/python/xcf/xcf_analytics.py,xcf_file_size_mod_41_times_200_plus_image_type_times_1200_plus_width_times_height_times_300,function,src/python/xcf/xcf_analytics.py,utility_private,,,,medium,partial,verify,not_started,ACCEPTED_VERIFIED,
xcf,src/python/xcf/xcf_analytics.py,xcf_file_size_mod_19_times_300_plus_image_type_times_900_plus_layer_count_times_700,function,src/python/xcf/xcf_analytics.py,utility_private,,,,medium,partial,verify,not_started,ACCEPTED_VERIFIED,
xcf,src/python/xcf/xcf_analytics.py,xcf_file_size_mod_37_times_250_plus_image_type_times_1300_plus_width_times_height_times_400,function,src/python/xcf/xcf_analytics.py,utility_private,,,,medium,partial,verify,not_started,ACCEPTED_VERIFIED,
xcf,src/python/xcf/xcf_analytics.py,xcf_file_size_mod_23_times_200_plus_image_type_times_800_plus_layer_count_times_500,function,src/python/xcf/xcf_analytics.py,utility_private,,,,medium,partial,verify,not_started,ACCEPTED_VERIFIED,
xcf,src/python/xcf/xcf_analytics.py,xcf_file_size_bytes_times_ninety,function,src/python/xcf/xcf_analytics.py,utility_private,,,,medium,partial,verify,not_started,ACCEPTED_VERIFIED,
xcf,src/python/xcf/xcf_analytics.py,xcf_image_type_id_times_ninety,function,src/python/xcf/xcf_analytics.py,utility_private,,,,medium,partial,verify,not_started,ACCEPTED_VERIFIED,
xcf,src/python/xcf/xcf_analytics.py,xcf_file_size_mod_43_times_600_plus_image_type_times_900_plus_width_times_80_plus_height_times_50,function,src/python/xcf/xcf_analytics.py,utility_private,,,,medium,partial,verify,not_started,ACCEPTED_VERIFIED,
xcf,src/python/xcf/xcf_analytics.py,xcf_file_size_times_11_plus_image_type_times_1200_plus_width_plus_height_times_90,function,src/python/xcf/xcf_analytics.py,utility_private,,,,medium,partial,verify,not_started,ACCEPTED_VERIFIED,
xcf,src/python/xcf/xcf_analytics.py,xcf_file_size_mod_43_times_300_plus_image_type_times_1400_plus_width_times_height_times_600,function,src/python/xcf/xcf_analytics.py,utility_private,,,,medium,partial,verify,not_started,ACCEPTED_VERIFIED,
xcf,src/python/xcf/xcf_analytics.py,xcf_file_size_mod_29_times_250_plus_image_type_times_1100_plus_layer_count_times_800,function,src/python/xcf/xcf_analytics.py,utility_private,,,,medium,partial,verify,not_started,ACCEPTED_VERIFIED,
xcf,src/python/xcf/xcf_analytics.py,xcf_file_size_bytes_times_ninety_one,function,src/python/xcf/xcf_analytics.py,utility_private,,,,medium,partial,verify,not_started,ACCEPTED_VERIFIED,
xcf,src/python/xcf/xcf_analytics.py,xcf_image_type_id_times_ninety_one,function,src/python/xcf/xcf_analytics.py,utility_private,,,,medium,partial,verify,not_started,ACCEPTED_VERIFIED,
xcf,src/python/xcf/xcf_analytics.py,xcf_file_size_mod_47_times_400_plus_image_type_times_1600_plus_width_times_height_times_450,function,src/python/xcf/xcf_analytics.py,utility_private,,,,medium,partial,verify,not_started,ACCEPTED_VERIFIED,
xcf,src/python/xcf/xcf_analytics.py,xcf_file_size_times_13_plus_image_type_times_1400_plus_layer_count_times_800,function,src/python/xcf/xcf_analytics.py,utility_private,,,,medium,partial,verify,not_started,ACCEPTED_VERIFIED,
xcf,src/python/xcf/xcf_analytics.py,xcf_file_size_mod_53_times_350_plus_image_type_times_1200_plus_width_times_height_times_700,function,src/python/xcf/xcf_analytics.py,utility_private,,,,medium,partial,verify,not_started,ACCEPTED_VERIFIED,
xcf,src/python/xcf/xcf_analytics.py,xcf_file_size_mod_37_times_200_plus_image_type_times_900_plus_layer_count_times_1000,function,src/python/xcf/xcf_analytics.py,utility_private,,,,medium,partial,verify,not_started,ACCEPTED_VERIFIED,
xcf,src/python/xcf/xcf_analytics.py,xcf_file_size_mod_47_times_700_plus_image_type_times_1000_plus_width_times_90_plus_height_times_60,function,src/python/xcf/xcf_analytics.py,utility_private,,,,medium,partial,verify,not_started,ACCEPTED_VERIFIED,
xcf,src/python/xcf/xcf_analytics.py,xcf_file_size_times_12_plus_image_type_times_1300_plus_width_times_height_times_250,function,src/python/xcf/xcf_analytics.py,utility_private,,,,medium,partial,verify,not_started,ACCEPTED_VERIFIED,
xcf,src/python/xcf/xcf_analytics.py,xcf_file_size_bytes_times_ninety_two,function,src/python/xcf/xcf_analytics.py,utility_private,,,,medium,partial,verify,not_started,ACCEPTED_VERIFIED,
xcf,src/python/xcf/xcf_analytics.py,xcf_image_type_id_times_ninety_two,function,src/python/xcf/xcf_analytics.py,utility_private,,,,medium,partial,verify,not_started,ACCEPTED_VERIFIED,
xcf,src/python/xcf/xcf_analytics.py,xcf_file_size_mod_41_times_300_plus_image_type_times_1500_plus_width_times_height_times_800,function,src/python/xcf/xcf_analytics.py,utility_private,,,,medium,partial,verify,not_started,ACCEPTED_VERIFIED,
xcf,src/python/xcf/xcf_analytics.py,xcf_file_size_mod_31_times_150_plus_image_type_times_700_plus_layer_count_times_1200,function,src/python/xcf/xcf_analytics.py,utility_private,,,,medium,partial,verify,not_started,ACCEPTED_VERIFIED,
xcf,src/python/xcf/xcf_analytics.py,xcf_file_size_mod_23_times_250_plus_image_type_times_1300_plus_width_times_height_times_900,function,src/python/xcf/xcf_analytics.py,utility_private,,,,medium,partial,verify,not_started,ACCEPTED_VERIFIED,
xcf,src/python/xcf/xcf_analytics.py,xcf_file_size_mod_19_times_100_plus_image_type_times_600_plus_layer_count_times_1400,function,src/python/xcf/xcf_analytics.py,utility_private,,,,medium,partial,verify,not_started,ACCEPTED_VERIFIED,
xcf,src/python/xcf/xcf_analytics.py,xcf_file_size_bytes_times_ninety_three,function,src/python/xcf/xcf_analytics.py,utility_private,,,,medium,partial,verify,not_started,ACCEPTED_VERIFIED,
xcf,src/python/xcf/xcf_analytics.py,xcf_image_type_id_times_ninety_three,function,src/python/xcf/xcf_analytics.py,utility_private,,,,medium,partial,verify,not_started,ACCEPTED_VERIFIED,
xcf,src/python/xcf/xcf_analytics.py,xcf_file_size_mod_13_times_200_plus_image_type_times_1700_plus_width_times_height_times_1000,function,src/python/xcf/xcf_analytics.py,utility_private,,,,medium,partial,verify,not_started,ACCEPTED_VERIFIED,
xcf,src/python/xcf/xcf_analytics.py,xcf_file_size_mod_17_times_50_plus_image_type_times_500_plus_layer_count_times_1600,function,src/python/xcf/xcf_analytics.py,utility_private,,,,medium,partial,verify,not_started,ACCEPTED_VERIFIED,
xcf,src/python/xcf/xcf_analytics.py,xcf_file_size_bytes_times_ninety_four,function,src/python/xcf/xcf_analytics.py,utility_private,,,,medium,partial,verify,not_started,ACCEPTED_VERIFIED,
xcf,src/python/xcf/xcf_analytics.py,xcf_image_type_id_times_ninety_four,function,src/python/xcf/xcf_analytics.py,utility_private,,,,medium,partial,verify,not_started,ACCEPTED_VERIFIED,
xcf,src/python/xcf/xcf_analytics.py,xcf_file_size_mod_11_times_150_plus_image_type_times_1800_plus_width_times_height_times_1100,function,src/python/xcf/xcf_analytics.py,utility_private,,,,medium,partial,verify,not_started,ACCEPTED_VERIFIED,
xcf,src/python/xcf/xcf_analytics.py,xcf_file_size_mod_7_times_75_plus_image_type_times_400_plus_layer_count_times_1800,function,src/python/xcf/xcf_analytics.py,utility_private,,,,medium,partial,verify,not_started,ACCEPTED_VERIFIED,
xcf,src/python/xcf/xcf_analytics.py,xcf_file_size_bytes_times_ninety_five,function,src/python/xcf/xcf_analytics.py,utility_private,,,,medium,partial,verify,not_started,ACCEPTED_VERIFIED,
xcf,src/python/xcf/xcf_analytics.py,xcf_image_type_id_times_ninety_five,function,src/python/xcf/xcf_analytics.py,utility_private,,,,medium,partial,verify,not_started,ACCEPTED_VERIFIED,
xcf,src/python/xcf/xcf_analytics.py,xcf_file_size_mod_109_times_200_plus_image_type_times_1900_plus_width_times_height_times_1200,function,src/python/xcf/xcf_analytics.py,utility_private,,,,medium,partial,verify,not_started,ACCEPTED_VERIFIED,
xcf,src/python/xcf/xcf_analytics.py,xcf_file_size_mod_113_times_100_plus_image_type_times_450_plus_layer_count_times_1900,function,src/python/xcf/xcf_analytics.py,utility_private,,,,medium,partial,verify,not_started,ACCEPTED_VERIFIED,
xcf,src/python/xcf/xcf_analytics.py,xcf_file_size_mod_53_times_800_plus_image_type_times_1100_plus_width_times_100_plus_height_times_70,function,src/python/xcf/xcf_analytics.py,utility_private,,,,medium,partial,verify,not_started,ACCEPTED_VERIFIED,
xcf,src/python/xcf/xcf_analytics.py,xcf_file_size_times_13_plus_image_type_times_1400_plus_width_times_height_times_300,function,src/python/xcf/xcf_analytics.py,utility_private,,,,medium,partial,verify,not_started,ACCEPTED_VERIFIED,
xcf,src/python/xcf/xcf_analytics.py,xcf_file_size_mod_17_times_150_plus_image_type_times_700_plus_width_times_height_times_250_plus_layer_count_times_400,function,src/python/xcf/xcf_analytics.py,utility_private,,,,medium,partial,verify,not_started,ACCEPTED_VERIFIED,
xcf,src/python/xcf/xcf_analytics.py,xcf_file_size_times_7_plus_image_type_times_550_plus_width_times_120_plus_height_times_90_plus_layer_count_times_1100,function,src/python/xcf/xcf_analytics.py,utility_private,,,,medium,partial,verify,not_started,ACCEPTED_VERIFIED,
xcf,src/python/xcf/xcf_analytics.py,xcf_file_size_mod_127_times_250_plus_image_type_times_2000_plus_width_times_height_times_1300,function,src/python/xcf/xcf_analytics.py,utility_private,,,,medium,partial,verify,not_started,ACCEPTED_VERIFIED,
xcf,src/python/xcf/xcf_analytics.py,xcf_file_size_mod_131_times_125_plus_image_type_times_500_plus_layer_count_times_2000,function,src/python/xcf/xcf_analytics.py,utility_private,,,,medium,partial,verify,not_started,ACCEPTED_VERIFIED,
xcf,src/python/xcf/xcf_analytics.py,xcf_file_size_bytes_times_ninety_seven,function,src/python/xcf/xcf_analytics.py,utility_private,,,,medium,partial,verify,not_started,ACCEPTED_VERIFIED,
xcf,src/python/xcf/xcf_analytics.py,xcf_image_type_id_times_ninety_seven,function,src/python/xcf/xcf_analytics.py,utility_private,,,,medium,partial,verify,not_started,ACCEPTED_VERIFIED,
xcf,src/python/xcf/xcf_analytics.py,xcf_file_size_mod_137_times_300_plus_image_type_times_2100_plus_width_times_height_times_1400,function,src/python/xcf/xcf_analytics.py,utility_private,,,,medium,partial,verify,not_started,ACCEPTED_VERIFIED,
xcf,src/python/xcf/xcf_analytics.py,xcf_file_size_mod_139_times_150_plus_image_type_times_550_plus_layer_count_times_2100,function,src/python/xcf/xcf_analytics.py,utility_private,,,,medium,partial,verify,not_started,ACCEPTED_VERIFIED,
xcf,src/python/xcf/xcf_analytics.py,xcf_file_size_mod_149_times_350_plus_image_type_times_2200_plus_width_times_height_times_1500,function,src/python/xcf/xcf_analytics.py,utility_private,,,,medium,partial,verify,not_started,ACCEPTED_VERIFIED,
xcf,src/python/xcf/xcf_analytics.py,xcf_file_size_mod_151_times_175_plus_image_type_times_600_plus_layer_count_times_2200,function,src/python/xcf/xcf_analytics.py,utility_private,,,,medium,partial,verify,not_started,ACCEPTED_VERIFIED,
xcf,src/python/xcf/xcf_analytics.py,xcf_file_size_mod_59_times_900_plus_image_type_times_1200_plus_width_times_110_plus_height_times_80,function,src/python/xcf/xcf_analytics.py,utility_private,,,,medium,partial,verify,not_started,ACCEPTED_VERIFIED,
xcf,src/python/xcf/xcf_analytics.py,xcf_file_size_times_14_plus_image_type_times_1500_plus_width_times_height_times_350,function,src/python/xcf/xcf_analytics.py,utility_private,,,,medium,partial,verify,not_started,ACCEPTED_VERIFIED,
xcf,src/python/xcf/xcf_analytics.py,xcf_file_size_bytes_times_ninety_eight,function,src/python/xcf/xcf_analytics.py,utility_private,,,,medium,partial,verify,not_started,ACCEPTED_VERIFIED,
xcf,src/python/xcf/xcf_analytics.py,xcf_image_type_id_times_ninety_eight,function,src/python/xcf/xcf_analytics.py,utility_private,,,,medium,partial,verify,not_started,ACCEPTED_VERIFIED,
xcf,src/python/xcf/xcf_analytics.py,xcf_file_size_mod_157_times_200_plus_image_type_times_2300_plus_width_times_height_times_1600,function,src/python/xcf/xcf_analytics.py,utility_private,,,,medium,partial,verify,not_started,ACCEPTED_VERIFIED,
xcf,src/python/xcf/xcf_analytics.py,xcf_file_size_mod_163_times_225_plus_image_type_times_650_plus_layer_count_times_2300,function,src/python/xcf/xcf_analytics.py,utility_private,,,,medium,partial,verify,not_started,ACCEPTED_VERIFIED,
xcf,src/python/xcf/xcf_analytics.py,xcf_file_size_bytes_times_ninety_nine,function,src/python/xcf/xcf_analytics.py,utility_private,,,,medium,partial,verify,not_started,ACCEPTED_VERIFIED,
xcf,src/python/xcf/xcf_analytics.py,xcf_image_type_id_times_ninety_nine,function,src/python/xcf/xcf_analytics.py,utility_private,,,,medium,partial,verify,not_started,ACCEPTED_VERIFIED,
xcf,src/python/xcf/xcf_analytics.py,xcf_file_size_mod_167_times_250_plus_image_type_times_2400_plus_width_times_height_times_1700,function,src/python/xcf/xcf_analytics.py,utility_private,,,,medium,partial,verify,not_started,ACCEPTED_VERIFIED,
xcf,src/python/xcf/xcf_analytics.py,xcf_file_size_mod_173_times_200_plus_image_type_times_700_plus_layer_count_times_2400,function,src/python/xcf/xcf_analytics.py,utility_private,,,,medium,partial,verify,not_started,ACCEPTED_VERIFIED,
xcf,src/python/xcf/xcf_analytics.py,xcf_file_size_bytes_times_one_hundred,function,src/python/xcf/xcf_analytics.py,utility_private,,,,medium,partial,verify,not_started,ACCEPTED_VERIFIED,
xcf,src/python/xcf/xcf_analytics.py,xcf_image_type_id_times_one_hundred,function,src/python/xcf/xcf_analytics.py,utility_private,,,,medium,partial,verify,not_started,ACCEPTED_VERIFIED,
xcf,src/python/xcf/xcf_analytics.py,xcf_file_size_times_19_plus_image_type_times_600_plus_width_times_130_plus_height_times_110_plus_layer_count_times_1200,function,src/python/xcf/xcf_analytics.py,utility_private,,,,medium,partial,verify,not_started,ACCEPTED_VERIFIED,
xcf,src/python/xcf/xcf_analytics.py,xcf_file_size_mod_19_times_200_plus_image_type_times_800_plus_width_times_height_times_300_plus_layer_count_times_1500,function,src/python/xcf/xcf_analytics.py,utility_private,,,,medium,partial,verify,not_started,ACCEPTED_VERIFIED,
xcf,src/python/xcf/xcf_analytics.py,xcf_file_size_mod_179_times_275_plus_image_type_times_2500_plus_width_times_height_times_1800,function,src/python/xcf/xcf_analytics.py,utility_private,,,,medium,partial,verify,not_started,ACCEPTED_VERIFIED,
xcf,src/python/xcf/xcf_analytics.py,xcf_file_size_mod_181_times_225_plus_image_type_times_750_plus_layer_count_times_2500,function,src/python/xcf/xcf_analytics.py,utility_private,,,,medium,partial,verify,not_started,ACCEPTED_VERIFIED,
xcf,src/python/xcf/xcf_analytics.py,xcf_file_size_mod_61_times_1000_plus_image_type_times_1300_plus_width_times_120_plus_height_times_90,function,src/python/xcf/xcf_analytics.py,utility_private,,,,medium,partial,verify,not_started,ACCEPTED_VERIFIED,
xcf,src/python/xcf/xcf_analytics.py,xcf_file_size_times_15_plus_image_type_times_1600_plus_width_times_height_times_400,function,src/python/xcf/xcf_analytics.py,utility_private,,,,medium,partial,verify,not_started,ACCEPTED_VERIFIED,
xcf,src/python/xcf/xcf_analytics.py,xcf_file_size_mod_197_times_300_plus_image_type_times_2600_plus_width_times_height_times_1900,function,src/python/xcf/xcf_analytics.py,utility_private,,,,medium,partial,verify,not_started,ACCEPTED_VERIFIED,
xcf,src/python/xcf/xcf_analytics.py,xcf_file_size_mod_199_times_250_plus_image_type_times_800_plus_layer_count_times_2600,function,src/python/xcf/xcf_analytics.py,utility_private,,,,medium,partial,verify,not_started,ACCEPTED_VERIFIED,
xcf,src/python/xcf/xcf_analytics.py,xcf_file_size_mod_167_times_5_plus_image_type_times_2400_plus_width_times_height_times_1700,function,src/python/xcf/xcf_analytics.py,utility_private,,,,medium,partial,verify,not_started,ACCEPTED_VERIFIED,
xcf,src/python/xcf/xcf_analytics.py,xcf_file_size_mod_173_times_10_plus_image_type_times_700_plus_layer_count_times_2400,function,src/python/xcf/xcf_analytics.py,utility_private,,,,medium,partial,verify,not_started,ACCEPTED_VERIFIED,
xcf,src/python/xcf/xcf_analytics.py,xcf_file_size_bytes_times_one_hundred_and_one,function,src/python/xcf/xcf_analytics.py,utility_private,,,,medium,partial,verify,not_started,ACCEPTED_VERIFIED,
xcf,src/python/xcf/xcf_analytics.py,xcf_image_type_id_times_one_hundred_and_one,function,src/python/xcf/xcf_analytics.py,utility_private,,,,medium,partial,verify,not_started,ACCEPTED_VERIFIED,
xcf,src/python/xcf/xcf_analytics.py,xcf_file_size_mod_211_times_325_plus_image_type_times_2700_plus_width_times_height_times_2000,function,src/python/xcf/xcf_analytics.py,utility_private,,,,medium,partial,verify,not_started,ACCEPTED_VERIFIED,
xcf,src/python/xcf/xcf_analytics.py,xcf_file_size_mod_223_times_275_plus_image_type_times_850_plus_layer_count_times_2700,function,src/python/xcf/xcf_analytics.py,utility_private,,,,medium,partial,verify,not_started,ACCEPTED_VERIFIED,
xcf,src/python/xcf/xcf_analytics.py,xcf_file_size_mod_67_times_1100_plus_image_type_times_1400_plus_width_times_130_plus_height_times_100,function,src/python/xcf/xcf_analytics.py,utility_private,,,,medium,partial,verify,not_started,ACCEPTED_VERIFIED,
xcf,src/python/xcf/xcf_analytics.py,xcf_file_size_times_16_plus_image_type_times_1700_plus_width_times_height_times_450,function,src/python/xcf/xcf_analytics.py,utility_private,,,,medium,partial,verify,not_started,ACCEPTED_VERIFIED,
xcf,src/python/xcf/xcf_analytics.py,xcf_file_size_mod_23_times_250_plus_image_type_times_900_plus_width_times_height_times_400_plus_layer_count_times_1600,function,src/python/xcf/xcf_analytics.py,utility_private,,,,medium,partial,verify,not_started,ACCEPTED_VERIFIED,
xcf,src/python/xcf/xcf_analytics.py,xcf_file_size_times_23_plus_image_type_times_650_plus_width_times_140_plus_height_times_120_plus_layer_count_times_1300,function,src/python/xcf/xcf_analytics.py,utility_private,,,,medium,partial,verify,not_started,ACCEPTED_VERIFIED,
xcf,src/python/xcf/xcf_analytics.py,xcf_file_size_bytes_times_one_hundred_and_two,function,src/python/xcf/xcf_analytics.py,utility_private,,,,medium,partial,verify,not_started,ACCEPTED_VERIFIED,
xcf,src/python/xcf/xcf_analytics.py,xcf_image_type_id_times_one_hundred_and_two,function,src/python/xcf/xcf_analytics.py,utility_private,,,,medium,partial,verify,not_started,ACCEPTED_VERIFIED,
xcf,src/python/xcf/xcf_analytics.py,xcf_file_size_mod_227_times_12_plus_image_type_times_2500_plus_width_times_height_times_1800,function,src/python/xcf/xcf_analytics.py,utility_private,,,,medium,partial,verify,not_started,ACCEPTED_VERIFIED,
xcf,src/python/xcf/xcf_analytics.py,xcf_file_size_mod_229_times_15_plus_image_type_times_750_plus_layer_count_times_2500,function,src/python/xcf/xcf_analytics.py,utility_private,,,,medium,partial,verify,not_started,ACCEPTED_VERIFIED,
xcf,src/python/xcf/xcf_analytics.py,xcf_file_size_mod_233_times_350_plus_image_type_times_2800_plus_width_times_height_times_2100,function,src/python/xcf/xcf_analytics.py,utility_private,,,,medium,partial,verify,not_started,ACCEPTED_VERIFIED,
xcf,src/python/xcf/xcf_analytics.py,xcf_file_size_mod_239_times_300_plus_image_type_times_900_plus_layer_count_times_2800,function,src/python/xcf/xcf_analytics.py,utility_private,,,,medium,partial,verify,not_started,ACCEPTED_VERIFIED,
xcf,src/python/xcf/xcf_analytics.py,xcf_file_size_bytes_times_one_hundred_and_three,function,src/python/xcf/xcf_analytics.py,utility_private,,,,medium,partial,verify,not_started,ACCEPTED_VERIFIED,
xcf,src/python/xcf/xcf_analytics.py,xcf_image_type_id_times_one_hundred_and_three,function,src/python/xcf/xcf_analytics.py,utility_private,,,,medium,partial,verify,not_started,ACCEPTED_VERIFIED,
xcf,src/python/xcf/xcf_analytics.py,xcf_file_size_mod_233_times_14_plus_image_type_times_2600_plus_width_times_height_times_1900,function,src/python/xcf/xcf_analytics.py,utility_private,,,,medium,partial,verify,not_started,ACCEPTED_VERIFIED,
xcf,src/python/xcf/xcf_analytics.py,xcf_file_size_mod_239_times_18_plus_image_type_times_800_plus_layer_count_times_2600,function,src/python/xcf/xcf_analytics.py,utility_private,,,,medium,partial,verify,not_started,ACCEPTED_VERIFIED,
xcf,src/python/xcf/xcf_analytics.py,xcf_file_size_mod_241_times_16_plus_image_type_times_2700_plus_width_times_height_times_2000,function,src/python/xcf/xcf_analytics.py,utility_private,,,,medium,partial,verify,not_started,ACCEPTED_VERIFIED,
xcf,src/python/xcf/xcf_analytics.py,xcf_file_size_mod_251_times_20_plus_image_type_times_850_plus_layer_count_times_2700,function,src/python/xcf/xcf_analytics.py,utility_private,,,,medium,partial,verify,not_started,ACCEPTED_VERIFIED,
xcf,src/python/xcf/xcf_analytics.py,xcf_file_size_mod_71_times_1200_plus_image_type_times_1500_plus_width_times_140_plus_height_times_110,function,src/python/xcf/xcf_analytics.py,utility_private,,,,medium,partial,verify,not_started,ACCEPTED_VERIFIED,
xcf,src/python/xcf/xcf_analytics.py,xcf_file_size_times_17_plus_image_type_times_1800_plus_width_times_height_times_500,function,src/python/xcf/xcf_analytics.py,utility_private,,,,medium,partial,verify,not_started,ACCEPTED_VERIFIED,
xcf,src/python/xcf/xcf_analytics.py,xcf_file_size_mod_277_times_425_plus_image_type_times_3100_plus_width_times_height_times_2400,function,src/python/xcf/xcf_analytics.py,utility_private,,,,medium,partial,verify,not_started,ACCEPTED_VERIFIED,
xcf,src/python/xcf/xcf_analytics.py,xcf_file_size_mod_281_times_375_plus_image_type_times_1050_plus_layer_count_times_3100,function,src/python/xcf/xcf_analytics.py,utility_private,,,,medium,partial,verify,not_started,ACCEPTED_VERIFIED,
xcf,src/python/xcf/xcf_analytics.py,xcf_file_size_mod_269_times_400_plus_image_type_times_3000_plus_width_times_height_times_2300,function,src/python/xcf/xcf_analytics.py,utility_private,,,,medium,partial,verify,not_started,ACCEPTED_VERIFIED,
xcf,src/python/xcf/xcf_analytics.py,xcf_file_size_mod_271_times_350_plus_image_type_times_1000_plus_layer_count_times_3000,function,src/python/xcf/xcf_analytics.py,utility_private,,,,medium,partial,verify,not_started,ACCEPTED_VERIFIED,
xcf,src/python/xcf/xcf_analytics.py,xcf_file_size_mod_257_times_375_plus_image_type_times_2900_plus_width_times_height_times_2200,function,src/python/xcf/xcf_analytics.py,utility_private,,,,medium,partial,verify,not_started,ACCEPTED_VERIFIED,
xcf,src/python/xcf/xcf_analytics.py,xcf_file_size_mod_263_times_325_plus_image_type_times_950_plus_layer_count_times_2900,function,src/python/xcf/xcf_analytics.py,utility_private,,,,medium,partial,verify,not_started,ACCEPTED_VERIFIED,
xcf,src/python/xcf/xcf_analytics.py,xcf_file_size_mod_257_times_18_plus_image_type_times_2800_plus_width_times_height_times_2100,function,src/python/xcf/xcf_analytics.py,utility_private,,,,medium,partial,verify,not_started,ACCEPTED_VERIFIED,
xcf,src/python/xcf/xcf_analytics.py,xcf_file_size_mod_263_times_22_plus_image_type_times_900_plus_layer_count_times_2800,function,src/python/xcf/xcf_analytics.py,utility_private,,,,medium,partial,verify,not_started,ACCEPTED_VERIFIED,
xcf,src/python/xcf/xcf_analytics.py,xcf_file_size_mod_269_times_24_plus_image_type_times_2900_plus_width_times_height_times_2200,function,src/python/xcf/xcf_analytics.py,utility_private,,,,medium,partial,verify,not_started,ACCEPTED_VERIFIED,
xcf,src/python/xcf/xcf_analytics.py,xcf_file_size_mod_271_times_26_plus_image_type_times_950_plus_layer_count_times_2900,function,src/python/xcf/xcf_analytics.py,utility_private,,,,medium,partial,verify,not_started,ACCEPTED_VERIFIED,
xcf,src/python/xcf/xcf_analytics.py,xcf_file_size_mod_79_times_1300_plus_image_type_times_1600_plus_width_times_150_plus_height_times_120,function,src/python/xcf/xcf_analytics.py,utility_private,,,,medium,partial,verify,not_started,ACCEPTED_VERIFIED,
xcf,src/python/xcf/xcf_analytics.py,xcf_file_size_times_18_plus_image_type_times_1900_plus_width_times_height_times_550,function,src/python/xcf/xcf_analytics.py,utility_private,,,,medium,partial,verify,not_started,ACCEPTED_VERIFIED,
xcf,src/python/xcf/xcf_analytics.py,xcf_file_size_mod_277_times_28_plus_image_type_times_3000_plus_width_times_height_times_2300,function,src/python/xcf/xcf_analytics.py,utility_private,,,,medium,partial,verify,not_started,ACCEPTED_VERIFIED,
xcf,src/python/xcf/xcf_analytics.py,xcf_file_size_mod_281_times_30_plus_image_type_times_1000_plus_layer_count_times_3000,function,src/python/xcf/xcf_analytics.py,utility_private,,,,medium,partial,verify,not_started,ACCEPTED_VERIFIED,
xcf,src/python/xcf/xcf_analytics.py,xcf_file_size_mod_83_times_1400_plus_image_type_times_1700_plus_width_times_160_plus_height_times_130,function,src/python/xcf/xcf_analytics.py,utility_private,,,,medium,partial,verify,not_started,ACCEPTED_VERIFIED,
xcf,src/python/xcf/xcf_analytics.py,xcf_file_size_times_19_plus_image_type_times_2000_plus_width_times_height_times_600,function,src/python/xcf/xcf_analytics.py,utility_private,,,,medium,partial,verify,not_started,ACCEPTED_VERIFIED,
xcf,src/python/xcf/xcf_analytics.py,xcf_file_size_mod_89_times_1500_plus_image_type_times_1800_plus_width_times_170_plus_height_times_140,function,src/python/xcf/xcf_analytics.py,utility_private,,,,medium,partial,verify,not_started,ACCEPTED_VERIFIED,
xcf,src/python/xcf/xcf_analytics.py,xcf_file_size_times_20_plus_image_type_times_2100_plus_width_times_height_times_650,function,src/python/xcf/xcf_analytics.py,utility_private,,,,medium,partial,verify,not_started,ACCEPTED_VERIFIED,
xcf,src/python/xcf/xcf_analytics.py,xcf_file_size_mod_97_times_1600_plus_image_type_times_1900_plus_width_times_180_plus_height_times_150,function,src/python/xcf/xcf_analytics.py,utility_private,,,,medium,partial,verify,not_started,ACCEPTED_VERIFIED,
xcf,src/python/xcf/xcf_analytics.py,xcf_file_size_times_21_plus_image_type_times_2200_plus_width_times_height_times_700,function,src/python/xcf/xcf_analytics.py,utility_private,,,,medium,partial,verify,not_started,ACCEPTED_VERIFIED,
xcf,src/python/xcf/xcf_analytics.py,xcf_file_size_mod_101_times_1700_plus_image_type_times_2000_plus_width_times_190_plus_height_times_160,function,src/python/xcf/xcf_analytics.py,utility_private,,,,medium,partial,verify,not_started,ACCEPTED_VERIFIED,
xcf,src/python/xcf/xcf_analytics.py,xcf_file_size_times_22_plus_image_type_times_2300_plus_width_times_height_times_750,function,src/python/xcf/xcf_analytics.py,utility_private,,,,medium,partial,verify,not_started,ACCEPTED_VERIFIED,
xcf,src/python/xcf/xcf_analytics.py,xcf_file_size_mod_103_times_1800_plus_image_type_times_2100_plus_width_times_200_plus_height_times_170,function,src/python/xcf/xcf_analytics.py,utility_private,,,,medium,partial,verify,not_started,ACCEPTED_VERIFIED,
xcf,src/python/xcf/xcf_analytics.py,xcf_file_size_times_23_plus_image_type_times_2400_plus_width_times_height_times_800,function,src/python/xcf/xcf_analytics.py,utility_private,,,,medium,partial,verify,not_started,ACCEPTED_VERIFIED,
xcf,src/python/xcf/xcf_analytics.py,xcf_file_size_mod_113_times_1900_plus_image_type_times_2200_plus_width_times_210_plus_height_times_180,function,src/python/xcf/xcf_analytics.py,utility_private,,,,medium,partial,verify,not_started,ACCEPTED_VERIFIED,
xcf,src/python/xcf/xcf_analytics.py,xcf_file_size_times_25_plus_image_type_times_2500_plus_width_times_height_times_850,function,src/python/xcf/xcf_analytics.py,utility_private,,,,medium,partial,verify,not_started,ACCEPTED_VERIFIED,
xcf,src/python/xcf/xcf_analytics.py,xcf_file_size_mod_283_times_450_plus_image_type_times_3200_plus_width_times_height_times_2500,function,src/python/xcf/xcf_analytics.py,utility_private,,,,medium,partial,verify,not_started,ACCEPTED_VERIFIED,
xcf,src/python/xcf/xcf_analytics.py,xcf_file_size_mod_293_times_400_plus_image_type_times_1100_plus_layer_count_times_3200,function,src/python/xcf/xcf_analytics.py,utility_private,,,,medium,partial,verify,not_started,ACCEPTED_VERIFIED,
xcf,src/python/xcf/xcf_analytics.py,xcf_file_size_mod_307_times_475_plus_image_type_times_3300_plus_width_times_height_times_2600,function,src/python/xcf/xcf_analytics.py,utility_private,,,,medium,partial,verify,not_started,ACCEPTED_VERIFIED,
xcf,src/python/xcf/xcf_analytics.py,xcf_file_size_mod_311_times_425_plus_image_type_times_1150_plus_layer_count_times_3300,function,src/python/xcf/xcf_analytics.py,utility_private,,,,medium,partial,verify,not_started,ACCEPTED_VERIFIED,
xcf,src/python/xcf/xcf_analytics.py,xcf_file_size_mod_313_times_500_plus_image_type_times_3400_plus_width_times_height_times_2700,function,src/python/xcf/xcf_analytics.py,utility_private,,,,medium,partial,verify,not_started,ACCEPTED_VERIFIED,
xcf,src/python/xcf/xcf_analytics.py,xcf_file_size_mod_317_times_450_plus_image_type_times_1200_plus_layer_count_times_3400,function,src/python/xcf/xcf_analytics.py,utility_private,,,,medium,partial,verify,not_started,ACCEPTED_VERIFIED,
xcf,src/python/xcf/xcf_analytics.py,xcf_file_size_mod_127_times_1950_plus_image_type_times_2300_plus_width_times_220_plus_height_times_190,function,src/python/xcf/xcf_analytics.py,utility_private,,,,medium,partial,verify,not_started,ACCEPTED_VERIFIED,
xcf,src/python/xcf/xcf_analytics.py,xcf_file_size_times_26_plus_image_type_times_2600_plus_width_times_height_times_900,function,src/python/xcf/xcf_analytics.py,utility_private,,,,medium,partial,verify,not_started,ACCEPTED_VERIFIED,
xcf,src/python/xcf/xcf_analytics.py,xcf_file_size_mod_131_times_2000_plus_image_type_times_2400_plus_width_times_230_plus_height_times_200,function,src/python/xcf/xcf_analytics.py,utility_private,,,,medium,partial,verify,not_started,ACCEPTED_VERIFIED,
xcf,src/python/xcf/xcf_analytics.py,xcf_file_size_times_27_plus_image_type_times_2700_plus_width_times_height_times_950,function,src/python/xcf/xcf_analytics.py,utility_private,,,,medium,partial,verify,not_started,ACCEPTED_VERIFIED,
xcf,src/python/xcf/xcf_analytics.py,xcf_file_size_mod_137_times_2050_plus_image_type_times_2500_plus_width_times_240_plus_height_times_210,function,src/python/xcf/xcf_analytics.py,utility_private,,,,medium,partial,verify,not_started,ACCEPTED_VERIFIED,
xcf,src/python/xcf/xcf_analytics.py,xcf_file_size_times_28_plus_image_type_times_2800_plus_width_times_height_times_1000,function,src/python/xcf/xcf_analytics.py,utility_private,,,,medium,partial,verify,not_started,ACCEPTED_VERIFIED,
xcf,src/python/xcf/xcf_analytics.py,xcf_file_size_mod_139_times_2100_plus_image_type_times_2600_plus_width_times_250_plus_height_times_220,function,src/python/xcf/xcf_analytics.py,utility_private,,,,medium,partial,verify,not_started,ACCEPTED_VERIFIED,
xcf,src/python/xcf/xcf_analytics.py,xcf_file_size_times_29_plus_image_type_times_2900_plus_width_times_height_times_1050,function,src/python/xcf/xcf_analytics.py,utility_private,,,,medium,partial,verify,not_started,ACCEPTED_VERIFIED,
xcf,src/python/xcf/xcf_analytics.py,xcf_file_size_mod_149_times_2150_plus_image_type_times_2700_plus_width_times_260_plus_height_times_230,function,src/python/xcf/xcf_analytics.py,utility_private,,,,medium,partial,verify,not_started,ACCEPTED_VERIFIED,
xcf,src/python/xcf/xcf_analytics.py,xcf_file_size_times_30_plus_image_type_times_3000_plus_width_times_height_times_1100,function,src/python/xcf/xcf_analytics.py,utility_private,,,,medium,partial,verify,not_started,ACCEPTED_VERIFIED,
xcf,src/python/xcf/xcf_analytics.py,xcf_file_size_mod_331_times_525_plus_image_type_times_3500_plus_width_times_height_times_2800,function,src/python/xcf/xcf_analytics.py,utility_private,,,,medium,partial,verify,not_started,ACCEPTED_VERIFIED,
xcf,src/python/xcf/xcf_analytics.py,xcf_file_size_mod_337_times_475_plus_image_type_times_1250_plus_layer_count_times_3500,function,src/python/xcf/xcf_analytics.py,utility_private,,,,medium,partial,verify,not_started,ACCEPTED_VERIFIED,
xcf,src/python/xcf/xcf_analytics.py,xcf_file_size_mod_151_times_2200_plus_image_type_times_2800_plus_width_times_270_plus_height_times_240,function,src/python/xcf/xcf_analytics.py,utility_private,,,,medium,partial,verify,not_started,ACCEPTED_VERIFIED,
xcf,src/python/xcf/xcf_analytics.py,xcf_file_size_times_31_plus_image_type_times_3100_plus_width_times_height_times_1150,function,src/python/xcf/xcf_analytics.py,utility_private,,,,medium,partial,verify,not_started,ACCEPTED_VERIFIED,
xcf,src/python/xcf/xcf_analytics.py,xcf_file_size_mod_347_times_550_plus_image_type_times_3600_plus_width_times_height_times_2900,function,src/python/xcf/xcf_analytics.py,utility_private,,,,medium,partial,verify,not_started,ACCEPTED_VERIFIED,
xcf,src/python/xcf/xcf_analytics.py,xcf_file_size_mod_349_times_500_plus_image_type_times_1300_plus_layer_count_times_3600,function,src/python/xcf/xcf_analytics.py,utility_private,,,,medium,partial,verify,not_started,ACCEPTED_VERIFIED,
xcf,src/python/xcf/xcf_analytics.py,xcf_file_size_mod_293_times_19_plus_image_type_times_3400_plus_width_times_height_times_3100,function,src/python/xcf/xcf_analytics.py,utility_private,,,,medium,partial,verify,not_started,ACCEPTED_VERIFIED,
xcf,src/python/xcf/xcf_analytics.py,xcf_file_size_times_29_plus_image_type_times_7_plus_width_times_6_plus_height_times_5,function,src/python/xcf/xcf_analytics.py,utility_private,,,,medium,partial,verify,not_started,ACCEPTED_VERIFIED,
xcf,src/python/xcf/xcf_analytics.py,xcf_file_size_mod_157_times_2250_plus_image_type_times_2900_plus_width_times_280_plus_height_times_250,function,src/python/xcf/xcf_analytics.py,utility_private,,,,medium,partial,verify,not_started,ACCEPTED_VERIFIED,
xcf,src/python/xcf/xcf_analytics.py,xcf_file_size_times_33_plus_image_type_times_3200_plus_width_times_height_times_1200,function,src/python/xcf/xcf_analytics.py,utility_private,,,,medium,partial,verify,not_started,ACCEPTED_VERIFIED,
xcf,src/python/xcf/xcf_analytics.py,xcf_file_size_mod_353_times_575_plus_image_type_times_3700_plus_width_times_height_times_3000,function,src/python/xcf/xcf_analytics.py,utility_private,,,,medium,partial,verify,not_started,ACCEPTED_VERIFIED,
xcf,src/python/xcf/xcf_analytics.py,xcf_file_size_mod_359_times_525_plus_image_type_times_1350_plus_layer_count_times_3700,function,src/python/xcf/xcf_analytics.py,utility_private,,,,medium,partial,verify,not_started,ACCEPTED_VERIFIED,
xcf,src/python/xcf/xcf_analytics.py,xcf_file_size_mod_367_times_600_plus_image_type_times_3800_plus_width_times_height_times_3100,function,src/python/xcf/xcf_analytics.py,utility_private,,,,medium,partial,verify,not_started,ACCEPTED_VERIFIED,
xcf,src/python/xcf/xcf_analytics.py,xcf_file_size_mod_373_times_550_plus_image_type_times_1400_plus_layer_count_times_3800,function,src/python/xcf/xcf_analytics.py,utility_private,,,,medium,partial,verify,not_started,ACCEPTED_VERIFIED,
xcf,src/python/xcf/xcf_analytics.py,xcf_file_size_mod_163_times_2300_plus_image_type_times_3000_plus_width_times_290_plus_height_times_260,function,src/python/xcf/xcf_analytics.py,utility_private,,,,medium,partial,verify,not_started,ACCEPTED_VERIFIED,
xcf,src/python/xcf/xcf_analytics.py,xcf_file_size_times_35_plus_image_type_times_3300_plus_width_times_height_times_1250,function,src/python/xcf/xcf_analytics.py,utility_private,,,,medium,partial,verify,not_started,ACCEPTED_VERIFIED,
xcf,src/python/xcf/xcf_analytics.py,xcf_file_size_mod_379_times_625_plus_image_type_times_3900_plus_width_times_height_times_3200,function,src/python/xcf/xcf_analytics.py,utility_private,,,,medium,partial,verify,not_started,ACCEPTED_VERIFIED,
xcf,src/python/xcf/xcf_analytics.py,xcf_file_size_mod_383_times_575_plus_image_type_times_1450_plus_layer_count_times_3900,function,src/python/xcf/xcf_analytics.py,utility_private,,,,medium,partial,verify,not_started,ACCEPTED_VERIFIED,
xcf,src/python/xcf/xcf_analytics.py,xcf_file_size_mod_389_times_650_plus_image_type_times_4000_plus_width_times_height_times_3300,function,src/python/xcf/xcf_analytics.py,utility_private,,,,medium,partial,verify,not_started,ACCEPTED_VERIFIED,
xcf,src/python/xcf/xcf_analytics.py,xcf_file_size_mod_397_times_600_plus_image_type_times_1500_plus_layer_count_times_4000,function,src/python/xcf/xcf_analytics.py,utility_private,,,,medium,partial,verify,not_started,ACCEPTED_VERIFIED,
xcf,src/python/xcf/xcf_analytics.py,xcf_file_size_mod_401_times_675_plus_image_type_times_4100_plus_width_times_height_times_3400,function,src/python/xcf/xcf_analytics.py,utility_private,,,,medium,partial,verify,not_started,ACCEPTED_VERIFIED,
xcf,src/python/xcf/xcf_analytics.py,xcf_file_size_mod_409_times_625_plus_image_type_times_1550_plus_layer_count_times_4100,function,src/python/xcf/xcf_analytics.py,utility_private,,,,medium,partial,verify,not_started,ACCEPTED_VERIFIED,
xcf,src/python/xcf/xcf_analytics.py,xcf_file_size_mod_419_times_700_plus_image_type_times_4200_plus_width_times_height_times_3500,function,src/python/xcf/xcf_analytics.py,utility_private,,,,medium,partial,verify,not_started,ACCEPTED_VERIFIED,
xcf,src/python/xcf/xcf_analytics.py,xcf_file_size_mod_421_times_650_plus_image_type_times_1600_plus_layer_count_times_4200,function,src/python/xcf/xcf_analytics.py,utility_private,,,,medium,partial,verify,not_started,ACCEPTED_VERIFIED,
xcf,src/python/xcf/xcf_analytics.py,xcf_file_size_mod_431_times_725_plus_image_type_times_4300_plus_width_times_height_times_3600,function,src/python/xcf/xcf_analytics.py,utility_private,,,,medium,partial,verify,not_started,ACCEPTED_VERIFIED,
xcf,src/python/xcf/xcf_analytics.py,xcf_file_size_mod_433_times_675_plus_image_type_times_1650_plus_layer_count_times_4300,function,src/python/xcf/xcf_analytics.py,utility_private,,,,medium,partial,verify,not_started,ACCEPTED_VERIFIED,
xcf,src/python/xcf/xcf_analytics.py,xcf_file_size_mod_439_times_750_plus_image_type_times_4400_plus_width_times_height_times_3700,function,src/python/xcf/xcf_analytics.py,utility_private,,,,medium,partial,verify,not_started,ACCEPTED_VERIFIED,
xcf,src/python/xcf/xcf_analytics.py,xcf_file_size_mod_443_times_700_plus_image_type_times_1700_plus_layer_count_times_4400,function,src/python/xcf/xcf_analytics.py,utility_private,,,,medium,partial,verify,not_started,ACCEPTED_VERIFIED,
xcf,src/python/xcf/xcf_analytics.py,xcf_file_size_mod_167_times_2350_plus_image_type_times_3100_plus_width_times_300_plus_height_times_270,function,src/python/xcf/xcf_analytics.py,utility_private,,,,medium,partial,verify,not_started,ACCEPTED_VERIFIED,
xcf,src/python/xcf/xcf_analytics.py,xcf_file_size_times_37_plus_image_type_times_3400_plus_width_times_height_times_1300,function,src/python/xcf/xcf_analytics.py,utility_private,,,,medium,partial,verify,not_started,ACCEPTED_VERIFIED,
xcf,src/python/xcf/xcf_analytics.py,xcf_file_size_mod_173_times_2400_plus_image_type_times_3200_plus_width_times_310_plus_height_times_280,function,src/python/xcf/xcf_analytics.py,utility_private,,,,medium,partial,verify,not_started,ACCEPTED_VERIFIED,
xcf,src/python/xcf/xcf_analytics.py,xcf_file_size_times_39_plus_image_type_times_3500_plus_width_times_height_times_1350,function,src/python/xcf/xcf_analytics.py,utility_private,,,,medium,partial,verify,not_started,ACCEPTED_VERIFIED,
xcf,src/python/xcf/xcf_analytics.py,xcf_file_size_mod_419_times_25_plus_image_type_times_3700_plus_width_times_height_times_3400,function,src/python/xcf/xcf_analytics.py,utility_private,,,,medium,partial,verify,not_started,ACCEPTED_VERIFIED,
xcf,src/python/xcf/xcf_analytics.py,xcf_file_size_times_41_plus_image_type_times_3600_plus_width_times_height_times_1400,function,src/python/xcf/xcf_analytics.py,utility_private,,,,medium,partial,verify,not_started,ACCEPTED_VERIFIED,
xcf,src/python/xcf/xcf_analytics.py,xcf_file_size_mod_181_times_2500_plus_image_type_times_3300_plus_width_times_330_plus_height_times_300,function,src/python/xcf/xcf_analytics.py,utility_private,,,,medium,partial,verify,not_started,ACCEPTED_VERIFIED,
xcf,src/python/xcf/xcf_analytics.py,xcf_file_size_times_43_plus_image_type_times_3700_plus_width_times_height_times_1450,function,src/python/xcf/xcf_analytics.py,utility_private,,,,medium,partial,verify,not_started,ACCEPTED_VERIFIED,
xcf,src/python/xcf/xcf_analytics.py,xcf_file_size_mod_191_times_2550_plus_image_type_times_3400_plus_width_times_340_plus_height_times_310,function,src/python/xcf/xcf_analytics.py,utility_private,,,,medium,partial,verify,not_started,ACCEPTED_VERIFIED,
xcf,src/python/xcf/xcf_analytics.py,xcf_file_size_times_45_plus_image_type_times_3800_plus_width_times_height_times_1500,function,src/python/xcf/xcf_analytics.py,utility_private,,,,medium,partial,verify,not_started,ACCEPTED_VERIFIED,
xcf,src/python/xcf/xcf_analytics.py,xcf_file_size_mod_193_times_2600_plus_image_type_times_3500_plus_width_times_350_plus_height_times_320,function,src/python/xcf/xcf_analytics.py,utility_private,,,,medium,partial,verify,not_started,ACCEPTED_VERIFIED,
xcf,src/python/xcf/xcf_analytics.py,xcf_file_size_times_47_plus_image_type_times_3900_plus_width_times_height_times_1550,function,src/python/xcf/xcf_analytics.py,utility_private,,,,medium,partial,verify,not_started,ACCEPTED_VERIFIED,
xcf,src/python/xcf/xcf_analytics.py,xcf_file_size_mod_197_times_2650_plus_image_type_times_3600_plus_width_times_360_plus_height_times_330,function,src/python/xcf/xcf_analytics.py,utility_private,,,,medium,partial,verify,not_started,ACCEPTED_VERIFIED,
xcf,src/python/xcf/xcf_analytics.py,xcf_file_size_times_49_plus_image_type_times_4000_plus_width_times_height_times_1600,function,src/python/xcf/xcf_analytics.py,utility_private,,,,medium,partial,verify,not_started,ACCEPTED_VERIFIED,
xcf,src/python/xcf/xcf_analytics.py,xcf_file_size_mod_199_times_2700_plus_image_type_times_3700_plus_width_times_370_plus_height_times_340,function,src/python/xcf/xcf_analytics.py,utility_private,,,,medium,partial,verify,not_started,ACCEPTED_VERIFIED,
xcf,src/python/xcf/xcf_analytics.py,xcf_file_size_times_51_plus_image_type_times_4100_plus_width_times_height_times_1650,function,src/python/xcf/xcf_analytics.py,utility_private,,,,medium,partial,verify,not_started,ACCEPTED_VERIFIED,
xcf,src/python/xcf/xcf_analytics.py,xcf_file_size_mod_211_times_2750_plus_image_type_times_3800_plus_width_times_380_plus_height_times_350,function,src/python/xcf/xcf_analytics.py,utility_private,,,,medium,partial,verify,not_started,ACCEPTED_VERIFIED,
xcf,src/python/xcf/xcf_analytics.py,xcf_file_size_times_53_plus_image_type_times_4200_plus_width_times_height_times_1700,function,src/python/xcf/xcf_analytics.py,utility_private,,,,medium,partial,verify,not_started,ACCEPTED_VERIFIED,
xcf,src/python/xcf/xcf_analytics.py,xcf_file_size_mod_449_times_775_plus_image_type_times_4500_plus_width_times_height_times_3800,function,src/python/xcf/xcf_analytics.py,utility_private,,,,medium,partial,verify,not_started,ACCEPTED_VERIFIED,
xcf,src/python/xcf/xcf_analytics.py,xcf_file_size_mod_457_times_725_plus_image_type_times_1750_plus_layer_count_times_4500,function,src/python/xcf/xcf_analytics.py,utility_private,,,,medium,partial,verify,not_started,ACCEPTED_VERIFIED,
xcf,src/python/xcf/xcf_analytics.py,xcf_file_size_mod_461_times_29_plus_image_type_times_3900_plus_width_times_height_times_3600,function,src/python/xcf/xcf_analytics.py,utility_private,,,,medium,partial,verify,not_started,ACCEPTED_VERIFIED,
xcf,src/python/xcf/xcf_analytics.py,xcf_file_size_times_55_plus_image_type_times_4300_plus_width_times_height_times_1750,function,src/python/xcf/xcf_analytics.py,utility_private,,,,medium,partial,verify,not_started,ACCEPTED_VERIFIED,
xcf,src/python/xcf/xcf_analytics.py,xcf_file_size_mod_211_times_2800_plus_image_type_times_3900_plus_width_times_390_plus_height_times_360,function,src/python/xcf/xcf_analytics.py,utility_private,,,,medium,partial,verify,not_started,ACCEPTED_VERIFIED,
xcf,src/python/xcf/xcf_analytics.py,xcf_file_size_times_57_plus_image_type_times_4300_plus_width_times_height_times_1750,function,src/python/xcf/xcf_analytics.py,utility_private,,,,medium,partial,verify,not_started,ACCEPTED_VERIFIED,
xcf,src/python/xcf/xcf_analytics.py,xcf_file_size_mod_461_times_800_plus_image_type_times_4600_plus_width_times_height_times_3900,function,src/python/xcf/xcf_analytics.py,utility_private,,,,medium,partial,verify,not_started,ACCEPTED_VERIFIED,
xcf,src/python/xcf/xcf_analytics.py,xcf_file_size_mod_463_times_750_plus_image_type_times_1800_plus_layer_count_times_4600,function,src/python/xcf/xcf_analytics.py,utility_private,,,,medium,partial,verify,not_started,ACCEPTED_VERIFIED,
xcf,src/python/xcf/xcf_analytics.py,xcf_file_size_mod_467_times_825_plus_image_type_times_4700_plus_width_times_height_times_4000,function,src/python/xcf/xcf_analytics.py,utility_private,,,,medium,partial,verify,not_started,ACCEPTED_VERIFIED,
xcf,src/python/xcf/xcf_analytics.py,xcf_file_size_mod_479_times_775_plus_image_type_times_1850_plus_layer_count_times_4700,function,src/python/xcf/xcf_analytics.py,utility_private,,,,medium,partial,verify,not_started,ACCEPTED_VERIFIED,
xcf,src/python/xcf/xcf_analytics.py,xcf_file_size_mod_213_times_2850_plus_image_type_times_4000_plus_width_times_400_plus_height_times_370,function,src/python/xcf/xcf_analytics.py,utility_private,,,,medium,partial,verify,not_started,ACCEPTED_VERIFIED,
xcf,src/python/xcf/xcf_analytics.py,xcf_file_size_times_59_plus_image_type_times_4400_plus_width_times_height_times_1800,function,src/python/xcf/xcf_analytics.py,utility_private,,,,medium,partial,verify,not_started,ACCEPTED_VERIFIED,
xcf,src/python/xcf/xcf_analytics.py,xcf_file_size_mod_487_times_850_plus_image_type_times_4800_plus_width_times_height_times_4100,function,src/python/xcf/xcf_analytics.py,utility_private,,,,medium,partial,verify,not_started,ACCEPTED_VERIFIED,
xcf,src/python/xcf/xcf_analytics.py,xcf_file_size_mod_491_times_800_plus_image_type_times_1900_plus_layer_count_times_4800,function,src/python/xcf/xcf_analytics.py,utility_private,,,,medium,partial,verify,not_started,ACCEPTED_VERIFIED,
xcf,src/python/xcf/xcf_analytics.py,xcf_file_size_mod_217_times_2900_plus_image_type_times_4100_plus_width_times_410_plus_height_times_380,function,src/python/xcf/xcf_analytics.py,utility_private,,,,medium,partial,verify,not_started,ACCEPTED_VERIFIED,
xcf,src/python/xcf/xcf_analytics.py,xcf_file_size_times_61_plus_image_type_times_4500_plus_width_times_height_times_1850,function,src/python/xcf/xcf_analytics.py,utility_private,,,,medium,partial,verify,not_started,ACCEPTED_VERIFIED,
xcf,src/python/xcf/xcf_analytics.py,xcf_file_size_mod_499_times_875_plus_image_type_times_4900_plus_width_times_height_times_4200,function,src/python/xcf/xcf_analytics.py,utility_private,,,,medium,partial,verify,not_started,ACCEPTED_VERIFIED,
xcf,src/python/xcf/xcf_analytics.py,xcf_file_size_mod_503_times_825_plus_image_type_times_1950_plus_layer_count_times_4900,function,src/python/xcf/xcf_analytics.py,utility_private,,,,medium,partial,verify,not_started,ACCEPTED_VERIFIED,
xcf,src/python/xcf/xcf_analytics.py,xcf_file_size_mod_221_times_2950_plus_image_type_times_4200_plus_width_times_420_plus_height_times_390,function,src/python/xcf/xcf_analytics.py,utility_private,,,,medium,partial,verify,not_started,ACCEPTED_VERIFIED,
xcf,src/python/xcf/xcf_analytics.py,xcf_file_size_times_63_plus_image_type_times_4600_plus_width_times_height_times_1900,function,src/python/xcf/xcf_analytics.py,utility_private,,,,medium,partial,verify,not_started,ACCEPTED_VERIFIED,
xcf,src/python/xcf/xcf_analytics.py,xcf_file_size_mod_509_times_31_plus_image_type_times_4600_plus_width_times_height_times_3800,function,src/python/xcf/xcf_analytics.py,utility_private,,,,medium,partial,verify,not_started,ACCEPTED_VERIFIED,
xcf,src/python/xcf/xcf_analytics.py,xcf_file_size_times_65_plus_image_type_times_4700_plus_width_times_height_times_1950,function,src/python/xcf/xcf_analytics.py,utility_private,,,,medium,partial,verify,not_started,ACCEPTED_VERIFIED,
xcf,src/python/xcf/xcf_analytics.py,xcf_file_size_mod_225_times_3000_plus_image_type_times_4300_plus_width_times_430_plus_height_times_400,function,src/python/xcf/xcf_analytics.py,utility_private,,,,medium,partial,verify,not_started,ACCEPTED_VERIFIED,
xcf,src/python/xcf/xcf_analytics.py,xcf_file_size_times_67_plus_image_type_times_4800_plus_width_times_height_times_2000,function,src/python/xcf/xcf_analytics.py,utility_private,,,,medium,partial,verify,not_started,ACCEPTED_VERIFIED,
xcf,src/python/xcf/xcf_analytics.py,xcf_file_size_mod_509_times_900_plus_image_type_times_5000_plus_width_times_height_times_4300,function,src/python/xcf/xcf_analytics.py,utility_private,,,,medium,partial,verify,not_started,ACCEPTED_VERIFIED,
xcf,src/python/xcf/xcf_analytics.py,xcf_file_size_mod_521_times_850_plus_image_type_times_2000_plus_layer_count_times_5000,function,src/python/xcf/xcf_analytics.py,utility_private,,,,medium,partial,verify,not_started,ACCEPTED_VERIFIED,
xcf,src/python/xcf/xcf_analytics.py,xcf_file_size_mod_229_times_3050_plus_image_type_times_4400_plus_width_times_440_plus_height_times_410,function,src/python/xcf/xcf_analytics.py,utility_private,,,,medium,partial,verify,not_started,ACCEPTED_VERIFIED,
xcf,src/python/xcf/xcf_analytics.py,xcf_file_size_times_69_plus_image_type_times_4900_plus_width_times_height_times_2050,function,src/python/xcf/xcf_analytics.py,utility_private,,,,medium,partial,verify,not_started,ACCEPTED_VERIFIED,
xcf,src/python/xcf/xcf_analytics.py,xcf_file_size_mod_523_times_925_plus_image_type_times_5100_plus_width_times_height_times_4400,function,src/python/xcf/xcf_analytics.py,utility_private,,,,medium,partial,verify,not_started,ACCEPTED_VERIFIED,
xcf,src/python/xcf/xcf_analytics.py,xcf_file_size_mod_541_times_875_plus_image_type_times_2050_plus_layer_count_times_5100,function,src/python/xcf/xcf_analytics.py,utility_private,,,,medium,partial,verify,not_started,ACCEPTED_VERIFIED,
xcf,src/python/xcf/xcf_analytics.py,xcf_file_size_mod_237_times_3100_plus_image_type_times_4500_plus_width_times_450_plus_height_times_420,function,src/python/xcf/xcf_analytics.py,utility_private,,,,medium,partial,verify,not_started,ACCEPTED_VERIFIED,
xcf,src/python/xcf/xcf_analytics.py,xcf_file_size_times_71_plus_image_type_times_5000_plus_width_times_height_times_2100,function,src/python/xcf/xcf_analytics.py,utility_private,,,,medium,partial,verify,not_started,ACCEPTED_VERIFIED,
xcf,src/python/xcf/xcf_analytics.py,xcf_file_size_mod_547_times_950_plus_image_type_times_5200_plus_width_times_height_times_4500,function,src/python/xcf/xcf_analytics.py,utility_private,,,,medium,partial,verify,not_started,ACCEPTED_VERIFIED,
xcf,src/python/xcf/xcf_analytics.py,xcf_file_size_mod_557_times_900_plus_image_type_times_2100_plus_layer_count_times_5200,function,src/python/xcf/xcf_analytics.py,utility_private,,,,medium,partial,verify,not_started,ACCEPTED_VERIFIED,
xcf,src/python/xcf/xcf_analytics.py,xcf_file_size_mod_243_times_3150_plus_image_type_times_4600_plus_width_times_460_plus_height_times_430,function,src/python/xcf/xcf_analytics.py,utility_private,,,,medium,partial,verify,not_started,ACCEPTED_VERIFIED,
xcf,src/python/xcf/xcf_analytics.py,xcf_file_size_times_73_plus_image_type_times_5100_plus_width_times_height_times_2150,function,src/python/xcf/xcf_analytics.py,utility_private,,,,medium,partial,verify,not_started,ACCEPTED_VERIFIED,
xcf,src/python/xcf/xcf_analytics.py,xcf_file_size_mod_563_times_975_plus_image_type_times_5300_plus_width_times_height_times_4600,function,src/python/xcf/xcf_analytics.py,utility_private,,,,medium,partial,verify,not_started,ACCEPTED_VERIFIED,
xcf,src/python/xcf/xcf_analytics.py,xcf_file_size_mod_569_times_925_plus_image_type_times_2150_plus_layer_count_times_5300,function,src/python/xcf/xcf_analytics.py,utility_private,,,,medium,partial,verify,not_started,ACCEPTED_VERIFIED,
xcf,src/python/xcf/xcf_analytics.py,xcf_file_size_mod_247_times_3200_plus_image_type_times_4700_plus_width_times_470_plus_height_times_440,function,src/python/xcf/xcf_analytics.py,utility_private,,,,medium,partial,verify,not_started,ACCEPTED_VERIFIED,
xcf,src/python/xcf/xcf_analytics.py,xcf_file_size_times_75_plus_image_type_times_5200_plus_width_times_height_times_2200,function,src/python/xcf/xcf_analytics.py,utility_private,,,,medium,partial,verify,not_started,ACCEPTED_VERIFIED,
xcf,src/python/xcf/xcf_analytics.py,xcf_file_size_mod_571_times_1000_plus_image_type_times_5400_plus_width_times_height_times_4700,function,src/python/xcf/xcf_analytics.py,utility_private,,,,medium,partial,verify,not_started,ACCEPTED_VERIFIED,
xcf,src/python/xcf/xcf_analytics.py,xcf_file_size_mod_577_times_950_plus_image_type_times_2200_plus_layer_count_times_5400,function,src/python/xcf/xcf_analytics.py,utility_private,,,,medium,partial,verify,not_started,ACCEPTED_VERIFIED,
xcf,src/python/xcf/xcf_analytics.py,xcf_file_size_mod_249_times_3250_plus_image_type_times_4800_plus_width_times_480_plus_height_times_450,function,src/python/xcf/xcf_analytics.py,utility_private,,,,medium,partial,verify,not_started,ACCEPTED_VERIFIED,
xcf,src/python/xcf/xcf_analytics.py,xcf_file_size_times_77_plus_image_type_times_5300_plus_width_times_height_times_2250,function,src/python/xcf/xcf_analytics.py,utility_private,,,,medium,partial,verify,not_started,ACCEPTED_VERIFIED,
xcf,src/python/xcf/xcf_analytics.py,xcf_file_size_mod_587_times_1025_plus_image_type_times_5500_plus_width_times_height_times_4800,function,src/python/xcf/xcf_analytics.py,utility_private,,,,medium,partial,verify,not_started,ACCEPTED_VERIFIED,
xcf,src/python/xcf/xcf_analytics.py,xcf_file_size_mod_593_times_975_plus_image_type_times_2250_plus_layer_count_times_5500,function,src/python/xcf/xcf_analytics.py,utility_private,,,,medium,partial,verify,not_started,ACCEPTED_VERIFIED,
xcf,src/python/xcf/xcf_analytics.py,xcf_file_size_mod_251_times_3300_plus_image_type_times_4900_plus_width_times_490_plus_height_times_460,function,src/python/xcf/xcf_analytics.py,utility_private,,,,medium,partial,verify,not_started,ACCEPTED_VERIFIED,
xcf,src/python/xcf/xcf_analytics.py,xcf_file_size_times_79_plus_image_type_times_5400_plus_width_times_height_times_2300,function,src/python/xcf/xcf_analytics.py,utility_private,,,,medium,partial,verify,not_started,ACCEPTED_VERIFIED,
xcf,src/python/xcf/xcf_analytics.py,xcf_file_size_mod_599_times_31_plus_image_type_times_5000_plus_width_times_height_times_4200,function,src/python/xcf/xcf_analytics.py,utility_private,,,,medium,partial,verify,not_started,ACCEPTED_VERIFIED,
xcf,src/python/xcf/xcf_analytics.py,xcf_file_size_times_81_plus_image_type_times_5600_plus_width_times_height_times_2100,function,src/python/xcf/xcf_analytics.py,utility_private,,,,medium,partial,verify,not_started,ACCEPTED_VERIFIED,
xcf,src/python/xcf/xcf_analytics.py,xcf_file_size_mod_599_times_1050_plus_image_type_times_5600_plus_width_times_height_times_4900,function,src/python/xcf/xcf_analytics.py,utility_private,,,,medium,partial,verify,not_started,ACCEPTED_VERIFIED,
xcf,src/python/xcf/xcf_analytics.py,xcf_file_size_mod_601_times_1000_plus_image_type_times_2300_plus_layer_count_times_5600,function,src/python/xcf/xcf_analytics.py,utility_private,,,,medium,partial,verify,not_started,ACCEPTED_VERIFIED,
xcf,src/python/xcf/xcf_analytics.py,xcf_file_size_mod_253_times_3350_plus_image_type_times_5000_plus_width_times_500_plus_height_times_470,function,src/python/xcf/xcf_analytics.py,utility_private,,,,medium,partial,verify,not_started,ACCEPTED_VERIFIED,
xcf,src/python/xcf/xcf_analytics.py,xcf_file_size_times_81_plus_image_type_times_5500_plus_width_times_height_times_2350,function,src/python/xcf/xcf_analytics.py,utility_private,,,,medium,partial,verify,not_started,ACCEPTED_VERIFIED,
xcf,src/python/xcf/xcf_analytics.py,xcf_file_size_mod_607_times_1075_plus_image_type_times_5700_plus_width_times_height_times_5000,function,src/python/xcf/xcf_analytics.py,utility_private,,,,medium,partial,verify,not_started,ACCEPTED_VERIFIED,
xcf,src/python/xcf/xcf_analytics.py,xcf_file_size_mod_613_times_1025_plus_image_type_times_2350_plus_layer_count_times_5700,function,src/python/xcf/xcf_analytics.py,utility_private,,,,medium,partial,verify,not_started,ACCEPTED_VERIFIED,
xcf,src/python/xcf/xcf_analytics.py,xcf_file_size_mod_257_times_3400_plus_image_type_times_5100_plus_width_times_510_plus_height_times_480,function,src/python/xcf/xcf_analytics.py,utility_private,,,,medium,partial,verify,not_started,ACCEPTED_VERIFIED,
xcf,src/python/xcf/xcf_analytics.py,xcf_file_size_times_83_plus_image_type_times_5600_plus_width_times_height_times_2400,function,src/python/xcf/xcf_analytics.py,utility_private,,,,medium,partial,verify,not_started,ACCEPTED_VERIFIED,
xcf,src/python/xcf/xcf_analytics.py,xcf_file_size_mod_617_times_1100_plus_image_type_times_5800_plus_width_times_height_times_5100,function,src/python/xcf/xcf_analytics.py,utility_private,,,,medium,partial,verify,not_started,ACCEPTED_VERIFIED,
xcf,src/python/xcf/xcf_analytics.py,xcf_file_size_mod_619_times_1050_plus_image_type_times_2400_plus_layer_count_times_5800,function,src/python/xcf/xcf_analytics.py,utility_private,,,,medium,partial,verify,not_started,ACCEPTED_VERIFIED,
xcf,src/python/xcf/xcf_analytics.py,xcf_file_size_mod_259_times_3450_plus_image_type_times_5200_plus_width_times_520_plus_height_times_490,function,src/python/xcf/xcf_analytics.py,utility_private,,,,medium,partial,verify,not_started,ACCEPTED_VERIFIED,
xcf,src/python/xcf/xcf_analytics.py,xcf_file_size_times_85_plus_image_type_times_5700_plus_width_times_height_times_2450,function,src/python/xcf/xcf_analytics.py,utility_private,,,,medium,partial,verify,not_started,ACCEPTED_VERIFIED,
xcf,src/python/xcf/xcf_analytics.py,xcf_file_size_mod_263_times_3500_plus_image_type_times_5300_plus_width_times_530_plus_height_times_500,function,src/python/xcf/xcf_analytics.py,utility_private,,,,medium,partial,verify,not_started,ACCEPTED_VERIFIED,
xcf,src/python/xcf/xcf_analytics.py,xcf_file_size_times_87_plus_image_type_times_5800_plus_width_times_height_times_2500,function,src/python/xcf/xcf_analytics.py,utility_private,,,,medium,partial,verify,not_started,ACCEPTED_VERIFIED,
xcf,src/python/xcf/xcf_analytics.py,xcf_file_size_mod_631_times_1125_plus_image_type_times_5900_plus_width_times_height_times_5200,function,src/python/xcf/xcf_analytics.py,utility_private,,,,medium,partial,verify,not_started,ACCEPTED_VERIFIED,
xcf,src/python/xcf/xcf_analytics.py,xcf_file_size_mod_641_times_1075_plus_image_type_times_2450_plus_layer_count_times_5900,function,src/python/xcf/xcf_analytics.py,utility_private,,,,medium,partial,verify,not_started,ACCEPTED_VERIFIED,
xcf,src/python/xcf/xcf_analytics.py,xcf_file_size_mod_269_times_3550_plus_image_type_times_5400_plus_width_times_540_plus_height_times_510,function,src/python/xcf/xcf_analytics.py,utility_private,,,,medium,partial,verify,not_started,ACCEPTED_VERIFIED,
xcf,src/python/xcf/xcf_analytics.py,xcf_file_size_times_89_plus_image_type_times_5900_plus_width_times_height_times_2550,function,src/python/xcf/xcf_analytics.py,utility_private,,,,medium,partial,verify,not_started,ACCEPTED_VERIFIED,
xcf,src/python/xcf/xcf_analytics.py,xcf_file_size_mod_643_times_1150_plus_image_type_times_6000_plus_width_times_height_times_5300,function,src/python/xcf/xcf_analytics.py,utility_private,,,,medium,partial,verify,not_started,ACCEPTED_VERIFIED,
xcf,src/python/xcf/xcf_analytics.py,xcf_file_size_mod_647_times_1100_plus_image_type_times_2500_plus_layer_count_times_6000,function,src/python/xcf/xcf_analytics.py,utility_private,,,,medium,partial,verify,not_started,ACCEPTED_VERIFIED,
xcf,src/python/xcf/xcf_analytics.py,xcf_file_size_mod_653_times_31_plus_image_type_times_5200_plus_width_times_height_times_4400,function,src/python/xcf/xcf_analytics.py,utility_private,,,,medium,partial,verify,not_started,ACCEPTED_VERIFIED,
xcf,src/python/xcf/xcf_analytics.py,xcf_file_size_times_91_plus_image_type_times_5700_plus_width_times_height_times_2200,function,src/python/xcf/xcf_analytics.py,utility_private,,,,medium,partial,verify,not_started,ACCEPTED_VERIFIED,
xcf,src/python/xcf/xcf_analytics.py,xcf_file_size_mod_279_times_3700_plus_image_type_times_5700_plus_width_times_560_plus_height_times_530,function,src/python/xcf/xcf_analytics.py,utility_private,,,,medium,partial,verify,not_started,ACCEPTED_VERIFIED,
xcf,src/python/xcf/xcf_analytics.py,xcf_file_size_times_93_plus_image_type_times_6100_plus_width_times_height_times_2700,function,src/python/xcf/xcf_analytics.py,utility_private,,,,medium,partial,verify,not_started,ACCEPTED_VERIFIED,
xcf,src/python/xcf/xcf_analytics.py,xcf_file_size_mod_653_times_1175_plus_image_type_times_6100_plus_width_times_height_times_5400,function,src/python/xcf/xcf_analytics.py,utility_private,,,,medium,partial,verify,not_started,ACCEPTED_VERIFIED,
xcf,src/python/xcf/xcf_analytics.py,xcf_file_size_mod_659_times_1125_plus_image_type_times_2550_plus_layer_count_times_6100,function,src/python/xcf/xcf_analytics.py,utility_private,,,,medium,partial,verify,not_started,ACCEPTED_VERIFIED,
xcf,src/python/xcf/xcf_analytics.py,xcf_file_size_mod_285_times_3800_plus_image_type_times_5800_plus_width_times_570_plus_height_times_540,function,src/python/xcf/xcf_analytics.py,utility_private,,,,medium,partial,verify,not_started,ACCEPTED_VERIFIED,
xcf,src/python/xcf/xcf_analytics.py,xcf_file_size_times_95_plus_image_type_times_6200_plus_width_times_height_times_2800,function,src/python/xcf/xcf_analytics.py,utility_private,,,,medium,partial,verify,not_started,ACCEPTED_VERIFIED,
xcf,src/python/xcf/xcf_analytics.py,xcf_file_size_mod_661_times_1200_plus_image_type_times_6200_plus_width_times_height_times_5500,function,src/python/xcf/xcf_analytics.py,utility_private,,,,medium,partial,verify,not_started,ACCEPTED_VERIFIED,
xcf,src/python/xcf/xcf_analytics.py,xcf_file_size_mod_673_times_1150_plus_image_type_times_2600_plus_layer_count_times_6200,function,src/python/xcf/xcf_analytics.py,utility_private,,,,medium,partial,verify,not_started,ACCEPTED_VERIFIED,
xcf,src/python/xcf/xcf_analytics.py,xcf_file_size_mod_287_times_3900_plus_image_type_times_5900_plus_width_times_580_plus_height_times_550,function,src/python/xcf/xcf_analytics.py,utility_private,,,,medium,partial,verify,not_started,ACCEPTED_VERIFIED,
xcf,src/python/xcf/xcf_analytics.py,xcf_file_size_times_97_plus_image_type_times_6300_plus_width_times_height_times_2900,function,src/python/xcf/xcf_analytics.py,utility_private,,,,medium,partial,verify,not_started,ACCEPTED_VERIFIED,
xcf,src/python/xcf/xcf_analytics.py,xcf_file_size_mod_677_times_1225_plus_image_type_times_6300_plus_width_times_height_times_5600,function,src/python/xcf/xcf_analytics.py,utility_private,,,,medium,partial,verify,not_started,ACCEPTED_VERIFIED,
xcf,src/python/xcf/xcf_analytics.py,xcf_file_size_mod_683_times_1175_plus_image_type_times_2650_plus_layer_count_times_6300,function,src/python/xcf/xcf_analytics.py,utility_private,,,,medium,partial,verify,not_started,ACCEPTED_VERIFIED,
xcf,src/python/xcf/xcf_analytics.py,xcf_file_size_mod_289_times_4000_plus_image_type_times_6000_plus_width_times_590_plus_height_times_560,function,src/python/xcf/xcf_analytics.py,utility_private,,,,medium,partial,verify,not_started,ACCEPTED_VERIFIED,
xcf,src/python/xcf/xcf_analytics.py,xcf_file_size_times_99_plus_image_type_times_6400_plus_width_times_height_times_3000,function,src/python/xcf/xcf_analytics.py,utility_private,,,,medium,partial,verify,not_started,ACCEPTED_VERIFIED,
xcf,src/python/xcf/xcf_analytics.py,xcf_file_size_mod_291_times_4100_plus_image_type_times_6100_plus_width_times_600_plus_height_times_570,function,src/python/xcf/xcf_analytics.py,utility_private,,,,medium,partial,verify,not_started,ACCEPTED_VERIFIED,
xcf,src/python/xcf/xcf_analytics.py,xcf_file_size_times_101_plus_image_type_times_6500_plus_width_times_height_times_3100,function,src/python/xcf/xcf_analytics.py,utility_private,,,,medium,partial,verify,not_started,ACCEPTED_VERIFIED,
xcf,src/python/xcf/xcf_analytics.py,xcf_file_size_mod_691_times_1250_plus_image_type_times_6400_plus_width_times_height_times_5700,function,src/python/xcf/xcf_analytics.py,utility_private,,,,medium,partial,verify,not_started,ACCEPTED_VERIFIED,
xcf,src/python/xcf/xcf_analytics.py,xcf_file_size_mod_701_times_1200_plus_image_type_times_2700_plus_layer_count_times_6400,function,src/python/xcf/xcf_analytics.py,utility_private,,,,medium,partial,verify,not_started,ACCEPTED_VERIFIED,
xcf,src/python/xcf/xcf_analytics.py,xcf_file_size_mod_295_times_4200_plus_image_type_times_6200_plus_width_times_610_plus_height_times_580,function,src/python/xcf/xcf_analytics.py,utility_private,,,,medium,partial,verify,not_started,ACCEPTED_VERIFIED,
xcf,src/python/xcf/xcf_analytics.py,xcf_file_size_times_103_plus_image_type_times_6600_plus_width_times_height_times_3200,function,src/python/xcf/xcf_analytics.py,utility_private,,,,medium,partial,verify,not_started,ACCEPTED_VERIFIED,
xcf,src/python/xcf/xcf_analytics.py,xcf_file_size_mod_297_times_4300_plus_image_type_times_6300_plus_width_times_620_plus_height_times_590,function,src/python/xcf/xcf_analytics.py,utility_private,,,,medium,partial,verify,not_started,ACCEPTED_VERIFIED,
xcf,src/python/xcf/xcf_analytics.py,xcf_file_size_times_105_plus_image_type_times_6700_plus_width_times_height_times_3300,function,src/python/xcf/xcf_analytics.py,utility_private,,,,medium,partial,verify,not_started,ACCEPTED_VERIFIED,
xcf,src/python/xcf/xcf_analytics.py,xcf_file_size_mod_659_times_31_plus_image_type_times_5400_plus_width_times_height_times_4600,function,src/python/xcf/xcf_analytics.py,utility_private,,,,medium,partial,verify,not_started,ACCEPTED_VERIFIED,
xcf,src/python/xcf/xcf_analytics.py,xcf_file_size_times_105_plus_image_type_times_5800_plus_width_times_height_times_2300,function,src/python/xcf/xcf_analytics.py,utility_private,,,,medium,partial,verify,not_started,ACCEPTED_VERIFIED,
xcf,src/python/xcf/xcf_analytics.py,xcf_file_size_mod_709_times_1275_plus_image_type_times_6500_plus_width_times_height_times_5800,function,src/python/xcf/xcf_analytics.py,utility_private,,,,medium,partial,verify,not_started,ACCEPTED_VERIFIED,
xcf,src/python/xcf/xcf_analytics.py,xcf_file_size_mod_719_times_1225_plus_image_type_times_2750_plus_layer_count_times_6500,function,src/python/xcf/xcf_analytics.py,utility_private,,,,medium,partial,verify,not_started,ACCEPTED_VERIFIED,
xcf,src/python/xcf/xcf_analytics.py,xcf_file_size_mod_727_times_1300_plus_image_type_times_6600_plus_width_times_height_times_5900,function,src/python/xcf/xcf_analytics.py,utility_private,,,,medium,partial,verify,not_started,ACCEPTED_VERIFIED,
xcf,src/python/xcf/xcf_analytics.py,xcf_file_size_mod_733_times_1250_plus_image_type_times_2800_plus_layer_count_times_6600,function,src/python/xcf/xcf_analytics.py,utility_private,,,,medium,partial,verify,not_started,ACCEPTED_VERIFIED,
xcf,src/python/xcf/xcf_analytics.py,xcf_file_size_mod_739_times_1325_plus_image_type_times_6700_plus_width_times_height_times_6000,function,src/python/xcf/xcf_analytics.py,utility_private,,,,medium,partial,verify,not_started,ACCEPTED_VERIFIED,
xcf,src/python/xcf/xcf_analytics.py,xcf_file_size_mod_743_times_1275_plus_image_type_times_2850_plus_layer_count_times_6700,function,src/python/xcf/xcf_analytics.py,utility_private,,,,medium,partial,verify,not_started,ACCEPTED_VERIFIED,
xcf,src/python/xcf/xcf_analytics.py,xcf_file_size_mod_751_times_1350_plus_image_type_times_6800_plus_width_times_height_times_6100,function,src/python/xcf/xcf_analytics.py,utility_private,,,,medium,partial,verify,not_started,ACCEPTED_VERIFIED,
xcf,src/python/xcf/xcf_analytics.py,xcf_file_size_mod_757_times_1300_plus_image_type_times_2900_plus_layer_count_times_6800,function,src/python/xcf/xcf_analytics.py,utility_private,,,,medium,partial,verify,not_started,ACCEPTED_VERIFIED,
xcf,src/python/xcf/xcf_analytics.py,xcf_file_size_mod_761_times_1375_plus_image_type_times_6900_plus_width_times_height_times_6200,function,src/python/xcf/xcf_analytics.py,utility_private,,,,medium,partial,verify,not_started,ACCEPTED_VERIFIED,
xcf,src/python/xcf/xcf_analytics.py,xcf_file_size_mod_769_times_1325_plus_image_type_times_2950_plus_layer_count_times_6900,function,src/python/xcf/xcf_analytics.py,utility_private,,,,medium,partial,verify,not_started,ACCEPTED_VERIFIED,
xcf,src/python/xcf/xcf_analytics.py,xcf_file_size_mod_773_times_1400_plus_image_type_times_7000_plus_width_times_height_times_6300,function,src/python/xcf/xcf_analytics.py,utility_private,,,,medium,partial,verify,not_started,ACCEPTED_VERIFIED,
xcf,src/python/xcf/xcf_analytics.py,xcf_file_size_mod_787_times_1350_plus_image_type_times_3000_plus_layer_count_times_7000,function,src/python/xcf/xcf_analytics.py,utility_private,,,,medium,partial,verify,not_started,ACCEPTED_VERIFIED,
xcf,src/python/xcf/xcf_analytics.py,xcf_file_size_mod_797_times_1450_plus_image_type_times_7200_plus_width_times_height_times_6400,function,src/python/xcf/xcf_analytics.py,utility_private,,,,medium,partial,verify,not_started,ACCEPTED_VERIFIED,
xcf,src/python/xcf/xcf_analytics.py,xcf_file_size_mod_809_times_1400_plus_image_type_times_3100_plus_layer_count_times_7200,function,src/python/xcf/xcf_analytics.py,utility_private,,,,medium,partial,verify,not_started,ACCEPTED_VERIFIED,
xcf,src/python/xcf/xcf_analytics.py,xcf_file_size_mod_811_times_1500_plus_image_type_times_7400_plus_width_times_height_times_6500,function,src/python/xcf/xcf_analytics.py,utility_private,,,,medium,partial,verify,not_started,ACCEPTED_VERIFIED,
xcf,src/python/xcf/xcf_analytics.py,xcf_file_size_mod_821_times_1450_plus_image_type_times_3200_plus_layer_count_times_7400,function,src/python/xcf/xcf_analytics.py,utility_private,,,,medium,partial,verify,not_started,ACCEPTED_VERIFIED,
xcf,src/python/xcf/xcf_analytics.py,xcf_file_size_mod_823_times_1550_plus_image_type_times_7600_plus_width_times_height_times_6600,function,src/python/xcf/xcf_analytics.py,utility_private,,,,medium,partial,verify,not_started,ACCEPTED_VERIFIED,
xcf,src/python/xcf/xcf_analytics.py,xcf_file_size_mod_827_times_1500_plus_image_type_times_3300_plus_layer_count_times_7600,function,src/python/xcf/xcf_analytics.py,utility_private,,,,medium,partial,verify,not_started,ACCEPTED_VERIFIED,
xcf,src/python/xcf/xcf_analytics.py,xcf_file_size_mod_829_times_1600_plus_image_type_times_7800_plus_width_times_height_times_6700,function,src/python/xcf/xcf_analytics.py,utility_private,,,,medium,partial,verify,not_started,ACCEPTED_VERIFIED,
xcf,src/python/xcf/xcf_analytics.py,xcf_file_size_mod_839_times_1550_plus_image_type_times_3400_plus_layer_count_times_7800,function,src/python/xcf/xcf_analytics.py,utility_private,,,,medium,partial,verify,not_started,ACCEPTED_VERIFIED,
xcf,src/python/xcf/xcf_analytics.py,xcf_file_size_mod_299_times_4400_plus_image_type_times_6400_plus_width_times_630_plus_height_times_600,function,src/python/xcf/xcf_analytics.py,utility_private,,,,medium,partial,verify,not_started,ACCEPTED_VERIFIED,
xcf,src/python/xcf/xcf_analytics.py,xcf_file_size_times_107_plus_image_type_times_6800_plus_width_times_height_times_3400,function,src/python/xcf/xcf_analytics.py,utility_private,,,,medium,partial,verify,not_started,ACCEPTED_VERIFIED,
xcf,src/python/xcf/xcf_analytics.py,xcf_file_size_mod_301_times_4500_plus_image_type_times_6500_plus_width_times_640_plus_height_times_610,function,src/python/xcf/xcf_analytics.py,utility_private,,,,medium,partial,verify,not_started,ACCEPTED_VERIFIED,
xcf,src/python/xcf/xcf_analytics.py,xcf_file_size_times_109_plus_image_type_times_6900_plus_width_times_height_times_3500,function,src/python/xcf/xcf_analytics.py,utility_private,,,,medium,partial,verify,not_started,ACCEPTED_VERIFIED,
xcf,src/python/xcf/xcf_analytics.py,xcf_file_size_mod_303_times_4600_plus_image_type_times_6600_plus_width_times_650_plus_height_times_620,function,src/python/xcf/xcf_analytics.py,utility_private,,,,medium,partial,verify,not_started,ACCEPTED_VERIFIED,
xcf,src/python/xcf/xcf_analytics.py,xcf_file_size_times_111_plus_image_type_times_7100_plus_width_times_height_times_3600,function,src/python/xcf/xcf_analytics.py,utility_private,,,,medium,partial,verify,not_started,ACCEPTED_VERIFIED,
xcf,src/python/xcf/xcf_analytics.py,xcf_file_size_mod_661_times_31_plus_image_type_times_5500_plus_width_times_height_times_4800,function,src/python/xcf/xcf_analytics.py,utility_private,,,,medium,partial,verify,not_started,ACCEPTED_VERIFIED,
xcf,src/python/xcf/xcf_analytics.py,xcf_file_size_times_113_plus_image_type_times_5900_plus_width_times_height_times_2400,function,src/python/xcf/xcf_analytics.py,utility_private,,,,medium,partial,verify,not_started,ACCEPTED_VERIFIED,
xcf,src/python/xcf/xcf_analytics.py,xcf_file_size_mod_305_times_4700_plus_image_type_times_6700_plus_width_times_660_plus_height_times_630,function,src/python/xcf/xcf_analytics.py,utility_private,,,,medium,partial,verify,not_started,ACCEPTED_VERIFIED,
xcf,src/python/xcf/xcf_analytics.py,xcf_file_size_times_115_plus_image_type_times_7300_plus_width_times_height_times_3700,function,src/python/xcf/xcf_analytics.py,utility_private,,,,medium,partial,verify,not_started,ACCEPTED_VERIFIED,
xcf,src/python/xcf/xcf_analytics.py,xcf_file_size_mod_307_times_4800_plus_image_type_times_6800_plus_width_times_670_plus_height_times_640,function,src/python/xcf/xcf_analytics.py,utility_private,,,,medium,partial,verify,not_started,ACCEPTED_VERIFIED,
xcf,src/python/xcf/xcf_analytics.py,xcf_file_size_times_117_plus_image_type_times_7500_plus_width_times_height_times_3800,function,src/python/xcf/xcf_analytics.py,utility_private,,,,medium,partial,verify,not_started,ACCEPTED_VERIFIED,
xcf,src/python/xcf/xcf_analytics.py,xcf_file_size_mod_309_times_4900_plus_image_type_times_6900_plus_width_times_680_plus_height_times_650,function,src/python/xcf/xcf_analytics.py,utility_private,,,,medium,partial,verify,not_started,ACCEPTED_VERIFIED,
xcf,src/python/xcf/xcf_analytics.py,xcf_file_size_times_119_plus_image_type_times_7700_plus_width_times_height_times_3900,function,src/python/xcf/xcf_analytics.py,utility_private,,,,medium,partial,verify,not_started,ACCEPTED_VERIFIED,
xcf,src/python/xcf/xcf_analytics.py,xcf_file_size_mod_311_times_5000_plus_image_type_times_7000_plus_width_times_690_plus_height_times_660,function,src/python/xcf/xcf_analytics.py,utility_private,,,,medium,partial,verify,not_started,ACCEPTED_VERIFIED,
xcf,src/python/xcf/xcf_analytics.py,xcf_file_size_times_121_plus_image_type_times_7900_plus_width_times_height_times_4000,function,src/python/xcf/xcf_analytics.py,utility_private,,,,medium,partial,verify,not_started,ACCEPTED_VERIFIED,
xcf,src/python/xcf/xcf_analytics.py,xcf_file_size_mod_313_times_5100_plus_image_type_times_7100_plus_width_times_700_plus_height_times_670,function,src/python/xcf/xcf_analytics.py,utility_private,,,,medium,partial,verify,not_started,ACCEPTED_VERIFIED,
xcf,src/python/xcf/xcf_analytics.py,xcf_file_size_times_123_plus_image_type_times_8100_plus_width_times_height_times_4100,function,src/python/xcf/xcf_analytics.py,utility_private,,,,medium,partial,verify,not_started,ACCEPTED_VERIFIED,
xcf,src/python/xcf/xcf_analytics.py,xcf_file_size_mod_673_times_31_plus_image_type_times_5600_plus_width_times_height_times_4900,function,src/python/xcf/xcf_analytics.py,utility_private,,,,medium,partial,verify,not_started,ACCEPTED_VERIFIED,
xcf,src/python/xcf/xcf_analytics.py,xcf_file_size_times_125_plus_image_type_times_6100_plus_width_times_height_times_2500,function,src/python/xcf/xcf_analytics.py,utility_private,,,,medium,partial,verify,not_started,ACCEPTED_VERIFIED,
xcf,src/python/xcf/xcf_analytics.py,xcf_file_size_mod_317_times_5200_plus_image_type_times_7200_plus_width_times_710_plus_height_times_680,function,src/python/xcf/xcf_analytics.py,utility_private,,,,medium,partial,verify,not_started,ACCEPTED_VERIFIED,
xcf,src/python/xcf/xcf_analytics.py,xcf_file_size_times_127_plus_image_type_times_8300_plus_width_times_height_times_4200,function,src/python/xcf/xcf_analytics.py,utility_private,,,,medium,partial,verify,not_started,ACCEPTED_VERIFIED,
xcf,src/python/xcf/xcf_analytics.py,xcf_file_size_mod_319_times_5300_plus_image_type_times_7300_plus_width_times_720_plus_height_times_690,function,src/python/xcf/xcf_analytics.py,utility_private,,,,medium,partial,verify,not_started,ACCEPTED_VERIFIED,
xcf,src/python/xcf/xcf_analytics.py,xcf_file_size_times_129_plus_image_type_times_8500_plus_width_times_height_times_4300,function,src/python/xcf/xcf_analytics.py,utility_private,,,,medium,partial,verify,not_started,ACCEPTED_VERIFIED,
xcf,src/python/xcf/xcf_analytics.py,xcf_file_size_mod_323_times_5400_plus_image_type_times_7400_plus_width_times_730_plus_height_times_700,function,src/python/xcf/xcf_analytics.py,utility_private,,,,medium,partial,verify,not_started,ACCEPTED_VERIFIED,
xcf,src/python/xcf/xcf_analytics.py,xcf_file_size_times_131_plus_image_type_times_8700_plus_width_times_height_times_4400,function,src/python/xcf/xcf_analytics.py,utility_private,,,,medium,partial,verify,not_started,ACCEPTED_VERIFIED,
xcf,src/python/xcf/xcf_analytics.py,xcf_file_size_mod_327_times_5500_plus_image_type_times_7500_plus_width_times_740_plus_height_times_710,function,src/python/xcf/xcf_analytics.py,utility_private,,,,medium,partial,verify,not_started,ACCEPTED_VERIFIED,
xcf,src/python/xcf/xcf_analytics.py,xcf_file_size_times_133_plus_image_type_times_8900_plus_width_times_height_times_4500,function,src/python/xcf/xcf_analytics.py,utility_private,,,,medium,partial,verify,not_started,ACCEPTED_VERIFIED,
xcf,src/python/xcf/xcf_analytics.py,xcf_file_size_mod_331_times_5600_plus_image_type_times_7600_plus_width_times_750_plus_height_times_720,function,src/python/xcf/xcf_analytics.py,utility_private,,,,medium,partial,verify,not_started,ACCEPTED_VERIFIED,
xcf,src/python/xcf/xcf_analytics.py,xcf_file_size_times_135_plus_image_type_times_9100_plus_width_times_height_times_4600,function,src/python/xcf/xcf_analytics.py,utility_private,,,,medium,partial,verify,not_started,ACCEPTED_VERIFIED,
xcf,src/python/xcf/xcf_analytics.py,xcf_file_size_mod_691_times_31_plus_image_type_times_5800_plus_width_times_height_times_5100,function,src/python/xcf/xcf_analytics.py,utility_private,,,,medium,partial,verify,not_started,ACCEPTED_VERIFIED,
xcf,src/python/xcf/xcf_analytics.py,xcf_file_size_times_137_plus_image_type_times_9300_plus_width_times_height_times_4700,function,src/python/xcf/xcf_analytics.py,utility_private,,,,medium,partial,verify,not_started,ACCEPTED_VERIFIED,
xcf,src/python/xcf/xcf_analytics.py,xcf_file_size_mod_341_times_5700_plus_image_type_times_7700_plus_width_times_760_plus_height_times_730,function,src/python/xcf/xcf_analytics.py,utility_private,,,,medium,partial,verify,not_started,ACCEPTED_VERIFIED,
xcf,src/python/xcf/xcf_analytics.py,xcf_file_size_times_139_plus_image_type_times_9500_plus_width_times_height_times_4800,function,src/python/xcf/xcf_analytics.py,utility_private,,,,medium,partial,verify,not_started,ACCEPTED_VERIFIED,
xcf,src/python/xcf/xcf_analytics.py,xcf_file_size_mod_347_times_5800_plus_image_type_times_7800_plus_width_times_770_plus_height_times_740,function,src/python/xcf/xcf_analytics.py,utility_private,,,,medium,partial,verify,not_started,ACCEPTED_VERIFIED,
xcf,src/python/xcf/xcf_analytics.py,xcf_file_size_times_141_plus_image_type_times_9700_plus_width_times_height_times_4900,function,src/python/xcf/xcf_analytics.py,utility_private,,,,medium,partial,verify,not_started,ACCEPTED_VERIFIED,
xcf,src/python/xcf/xcf_analytics.py,xcf_file_size_mod_353_times_5900_plus_image_type_times_7900_plus_width_times_780_plus_height_times_750,function,src/python/xcf/xcf_analytics.py,utility_private,,,,medium,partial,verify,not_started,ACCEPTED_VERIFIED,
xcf,src/python/xcf/xcf_analytics.py,xcf_file_size_times_143_plus_image_type_times_9900_plus_width_times_height_times_5000,function,src/python/xcf/xcf_analytics.py,utility_private,,,,medium,partial,verify,not_started,ACCEPTED_VERIFIED,
xcf,src/python/xcf/xcf_analytics.py,xcf_file_size_mod_359_times_6000_plus_image_type_times_8000_plus_width_times_790_plus_height_times_760,function,src/python/xcf/xcf_analytics.py,utility_private,,,,medium,partial,verify,not_started,ACCEPTED_VERIFIED,
xcf,src/python/xcf/xcf_analytics.py,xcf_file_size_times_145_plus_image_type_times_10000_plus_width_times_height_times_5100,function,src/python/xcf/xcf_analytics.py,utility_private,,,,medium,partial,verify,not_started,ACCEPTED_VERIFIED,
xcf,src/python/xcf/xcf_analytics.py,xcf_file_size_mod_367_times_6100_plus_image_type_times_8100_plus_width_times_800_plus_height_times_770,function,src/python/xcf/xcf_analytics.py,utility_private,,,,medium,partial,verify,not_started,ACCEPTED_VERIFIED,
xcf,src/python/xcf/xcf_analytics.py,xcf_file_size_times_147_plus_image_type_times_10100_plus_width_times_height_times_5200,function,src/python/xcf/xcf_analytics.py,utility_private,,,,medium,partial,verify,not_started,ACCEPTED_VERIFIED,
xcf,src/python/xcf/xcf_analytics.py,xcf_file_size_mod_373_times_6200_plus_image_type_times_8200_plus_width_times_810_plus_height_times_780,function,src/python/xcf/xcf_analytics.py,utility_private,,,,medium,partial,verify,not_started,ACCEPTED_VERIFIED,
xcf,src/python/xcf/xcf_analytics.py,xcf_file_size_times_149_plus_image_type_times_10200_plus_width_times_height_times_5300,function,src/python/xcf/xcf_analytics.py,utility_private,,,,medium,partial,verify,not_started,ACCEPTED_VERIFIED,
xcf,src/python/xcf/xcf_analytics.py,xcf_file_size_mod_379_times_6300_plus_image_type_times_8300_plus_width_times_820_plus_height_times_790,function,src/python/xcf/xcf_analytics.py,utility_private,,,,medium,partial,verify,not_started,ACCEPTED_VERIFIED,
xcf,src/python/xcf/xcf_analytics.py,xcf_file_size_times_151_plus_image_type_times_10300_plus_width_times_height_times_5400,function,src/python/xcf/xcf_analytics.py,utility_private,,,,medium,partial,verify,not_started,ACCEPTED_VERIFIED,
xcf,src/python/xcf/xcf_analytics.py,xcf_file_size_mod_383_times_6400_plus_image_type_times_8400_plus_width_times_830_plus_height_times_800,function,src/python/xcf/xcf_analytics.py,utility_private,,,,medium,partial,verify,not_started,ACCEPTED_VERIFIED,
xcf,src/python/xcf/xcf_analytics.py,xcf_file_size_times_153_plus_image_type_times_10500_plus_width_times_height_times_5500,function,src/python/xcf/xcf_analytics.py,utility_private,,,,medium,partial,verify,not_started,ACCEPTED_VERIFIED,
xcf,src/python/xcf/xcf_analytics.py,xcf_file_size_mod_383_times_6400_plus_image_type_times_8400_plus_width_times_830_plus_height_times_800,function,src/python/xcf/xcf_analytics.py,utility_private,,,,medium,partial,verify,not_started,ACCEPTED_VERIFIED,
xcf,src/python/xcf/xcf_analytics.py,xcf_file_size_times_153_plus_image_type_times_10400_plus_width_times_height_times_5500,function,src/python/xcf/xcf_analytics.py,utility_private,,,,medium,partial,verify,not_started,ACCEPTED_VERIFIED,
xcf,src/python/xcf/xcf_analytics.py,xcf_file_size_mod_389_times_6500_plus_image_type_times_8500_plus_width_times_840_plus_height_times_810,function,src/python/xcf/xcf_analytics.py,utility_private,,,,medium,partial,verify,not_started,ACCEPTED_VERIFIED,
xcf,src/python/xcf/xcf_analytics.py,xcf_file_size_times_155_plus_image_type_times_10500_plus_width_times_height_times_5600,function,src/python/xcf/xcf_analytics.py,utility_private,,,,medium,partial,verify,not_started,ACCEPTED_VERIFIED,
xcf,src/python/xcf/xcf_analytics.py,xcf_file_size_mod_397_times_6600_plus_image_type_times_8600_plus_width_times_850_plus_height_times_820,function,src/python/xcf/xcf_analytics.py,utility_private,,,,medium,partial,verify,not_started,ACCEPTED_VERIFIED,
xcf,src/python/xcf/xcf_analytics.py,xcf_file_size_times_157_plus_image_type_times_10600_plus_width_times_height_times_5700,function,src/python/xcf/xcf_analytics.py,utility_private,,,,medium,partial,verify,not_started,ACCEPTED_VERIFIED,
xcf,src/python/xcf/xcf_analytics.py,xcf_file_size_mod_401_times_6700_plus_image_type_times_8700_plus_width_times_860_plus_height_times_830,function,src/python/xcf/xcf_analytics.py,utility_private,,,,medium,partial,verify,not_started,ACCEPTED_VERIFIED,
xcf,src/python/xcf/xcf_analytics.py,xcf_file_size_times_159_plus_image_type_times_10700_plus_width_times_height_times_5800,function,src/python/xcf/xcf_analytics.py,utility_private,,,,medium,partial,verify,not_started,ACCEPTED_VERIFIED,
xcf,src/python/xcf/xcf_analytics.py,xcf_file_size_mod_409_times_6800_plus_image_type_times_8800_plus_width_times_870_plus_height_times_840,function,src/python/xcf/xcf_analytics.py,utility_private,,,,medium,partial,verify,not_started,ACCEPTED_VERIFIED,
xcf,src/python/xcf/xcf_analytics.py,xcf_file_size_times_161_plus_image_type_times_10800_plus_width_times_height_times_5900,function,src/python/xcf/xcf_analytics.py,utility_private,,,,medium,partial,verify,not_started,ACCEPTED_VERIFIED,
xcf,src/python/xcf/xcf_analytics.py,xcf_file_size_mod_419_times_6900_plus_image_type_times_8900_plus_width_times_880_plus_height_times_850,function,src/python/xcf/xcf_analytics.py,utility_private,,,,medium,partial,verify,not_started,ACCEPTED_VERIFIED,
xcf,src/python/xcf/xcf_analytics.py,xcf_file_size_times_163_plus_image_type_times_10900_plus_width_times_height_times_6000,function,src/python/xcf/xcf_analytics.py,utility_private,,,,medium,partial,verify,not_started,ACCEPTED_VERIFIED,
xcf,src/python/xcf/xcf_analytics.py,xcf_file_size_mod_419_times_6900_plus_image_type_times_8900_plus_width_times_880_plus_height_times_850,function,src/python/xcf/xcf_analytics.py,utility_private,,,,medium,partial,verify,not_started,ACCEPTED_VERIFIED,
xcf,src/python/xcf/xcf_analytics.py,xcf_file_size_times_163_plus_image_type_times_10900_plus_width_times_height_times_6000,function,src/python/xcf/xcf_analytics.py,utility_private,,,,medium,partial,verify,not_started,ACCEPTED_VERIFIED,
xcf,src/python/xcf/xcf_analytics.py,xcf_file_size_mod_421_times_7000_plus_image_type_times_9000_plus_width_times_890_plus_height_times_860,function,src/python/xcf/xcf_analytics.py,utility_private,,,,medium,partial,verify,not_started,ACCEPTED_VERIFIED,
xcf,src/python/xcf/xcf_analytics.py,xcf_file_size_times_165_plus_image_type_times_11000_plus_width_times_height_times_6100,function,src/python/xcf/xcf_analytics.py,utility_private,,,,medium,partial,verify,not_started,ACCEPTED_VERIFIED,
xcf,src/python/xcf/xcf_analytics.py,xcf_file_size_mod_431_times_7100_plus_image_type_times_9100_plus_width_times_900_plus_height_times_870,function,src/python/xcf/xcf_analytics.py,utility_private,,,,medium,partial,verify,not_started,ACCEPTED_VERIFIED,
xcf,src/python/xcf/xcf_analytics.py,xcf_file_size_times_167_plus_image_type_times_11100_plus_width_times_height_times_6200,function,src/python/xcf/xcf_analytics.py,utility_private,,,,medium,partial,verify,not_started,ACCEPTED_VERIFIED,
xcf,src/python/xcf/xcf_analytics.py,xcf_file_size_mod_431_times_7100_plus_image_type_times_9100_plus_width_times_900_plus_height_times_870,function,src/python/xcf/xcf_analytics.py,utility_private,,,,medium,partial,verify,not_started,ACCEPTED_VERIFIED,
xcf,src/python/xcf/xcf_analytics.py,xcf_file_size_times_167_plus_image_type_times_11100_plus_width_times_height_times_6200,function,src/python/xcf/xcf_analytics.py,utility_private,,,,medium,partial,verify,not_started,ACCEPTED_VERIFIED,
xcf,src/python/xcf/xcf_analytics.py,xcf_file_size_mod_433_times_7200_plus_image_type_times_9200_plus_width_times_910_plus_height_times_880,function,src/python/xcf/xcf_analytics.py,utility_private,,,,medium,partial,verify,not_started,ACCEPTED_VERIFIED,
xcf,src/python/xcf/xcf_analytics.py,xcf_file_size_times_169_plus_image_type_times_11200_plus_width_times_height_times_6300,function,src/python/xcf/xcf_analytics.py,utility_private,,,,medium,partial,verify,not_started,ACCEPTED_VERIFIED,
xcf,src/python/xcf/xcf_analytics.py,xcf_file_size_mod_439_times_7300_plus_image_type_times_9300_plus_width_times_920_plus_height_times_890,function,src/python/xcf/xcf_analytics.py,utility_private,,,,medium,partial,verify,not_started,ACCEPTED_VERIFIED,
xcf,src/python/xcf/xcf_analytics.py,xcf_file_size_times_173_plus_image_type_times_11300_plus_width_times_height_times_6400,function,src/python/xcf/xcf_analytics.py,utility_private,,,,medium,partial,verify,not_started,ACCEPTED_VERIFIED,
xcf,src/python/xcf/xcf_analytics.py,xcf_file_size_mod_439_times_7300_plus_image_type_times_9300_plus_width_times_920_plus_height_times_890,function,src/python/xcf/xcf_analytics.py,utility_private,,,,medium,partial,verify,not_started,ACCEPTED_VERIFIED,
xcf,src/python/xcf/xcf_analytics.py,xcf_file_size_times_171_plus_image_type_times_11300_plus_width_times_height_times_6400,function,src/python/xcf/xcf_analytics.py,utility_private,,,,medium,partial,verify,not_started,ACCEPTED_VERIFIED,
xcf,src/python/xcf/xcf_analytics.py,xcf_file_size_mod_443_times_7400_plus_image_type_times_9400_plus_width_times_930_plus_height_times_900,function,src/python/xcf/xcf_analytics.py,utility_private,,,,medium,partial,verify,not_started,ACCEPTED_VERIFIED,
xcf,src/python/xcf/xcf_analytics.py,xcf_file_size_times_173_plus_image_type_times_11400_plus_width_times_height_times_6500,function,src/python/xcf/xcf_analytics.py,utility_private,,,,medium,partial,verify,not_started,ACCEPTED_VERIFIED,
xcf,src/python/xcf/xcf_analytics.py,xcf_file_size_mod_449_times_7500_plus_image_type_times_9500_plus_width_times_940_plus_height_times_910,function,src/python/xcf/xcf_analytics.py,utility_private,,,,medium,partial,verify,not_started,ACCEPTED_VERIFIED,
xcf,src/python/xcf/xcf_analytics.py,xcf_file_size_times_175_plus_image_type_times_11500_plus_width_times_height_times_6600,function,src/python/xcf/xcf_analytics.py,utility_private,,,,medium,partial,verify,not_started,ACCEPTED_VERIFIED,
xcf,src/python/xcf/xcf_analytics.py,xcf_file_size_mod_457_times_7600_plus_image_type_times_9600_plus_width_times_950_plus_height_times_920,function,src/python/xcf/xcf_analytics.py,utility_private,,,,medium,partial,verify,not_started,ACCEPTED_VERIFIED,
xcf,src/python/xcf/xcf_analytics.py,xcf_file_size_times_177_plus_image_type_times_11600_plus_width_times_height_times_6700,function,src/python/xcf/xcf_analytics.py,utility_private,,,,medium,partial,verify,not_started,ACCEPTED_VERIFIED,
xcf,src/python/xcf/xcf_analytics.py,xcf_file_size_mod_461_times_7700_plus_image_type_times_9600_plus_width_times_950_plus_height_times_920,function,src/python/xcf/xcf_analytics.py,utility_private,,,,medium,partial,verify,not_started,ACCEPTED_VERIFIED,
xcf,src/python/xcf/xcf_analytics.py,xcf_file_size_times_179_plus_image_type_times_11700_plus_width_times_height_times_6700,function,src/python/xcf/xcf_analytics.py,utility_private,,,,medium,partial,verify,not_started,ACCEPTED_VERIFIED,
xcf,src/python/xcf/xcf_analytics.py,xcf_file_size_mod_463_times_7800_plus_image_type_times_9700_plus_width_times_960_plus_height_times_930,function,src/python/xcf/xcf_analytics.py,utility_private,,,,medium,partial,verify,not_started,ACCEPTED_VERIFIED,
xcf,src/python/xcf/xcf_analytics.py,xcf_file_size_times_181_plus_image_type_times_11800_plus_width_times_height_times_6800,function,src/python/xcf/xcf_analytics.py,utility_private,,,,medium,partial,verify,not_started,ACCEPTED_VERIFIED,
xcf,src/python/xcf/xcf_analytics.py,xcf_file_size_mod_467_times_7900_plus_image_type_times_9800_plus_width_times_970_plus_height_times_940,function,src/python/xcf/xcf_analytics.py,utility_private,,,,medium,partial,verify,not_started,ACCEPTED_VERIFIED,
xcf,src/python/xcf/xcf_analytics.py,xcf_file_size_times_183_plus_image_type_times_11900_plus_width_times_height_times_6900,function,src/python/xcf/xcf_analytics.py,utility_private,,,,medium,partial,verify,not_started,ACCEPTED_VERIFIED,
xcf,src/python/xcf/xcf_analytics.py,xcf_file_size_mod_479_times_8000_plus_image_type_times_9900_plus_width_times_980_plus_height_times_950,function,src/python/xcf/xcf_analytics.py,utility_private,,,,medium,partial,verify,not_started,ACCEPTED_VERIFIED,
xcf,src/python/xcf/xcf_analytics.py,xcf_file_size_times_185_plus_image_type_times_12000_plus_width_times_height_times_7000,function,src/python/xcf/xcf_analytics.py,utility_private,,,,medium,partial,verify,not_started,ACCEPTED_VERIFIED,
xcf,src/python/xcf/xcf_analytics.py,xcf_file_size_mod_487_times_8100_plus_image_type_times_10000_plus_width_times_990_plus_height_times_960,function,src/python/xcf/xcf_analytics.py,utility_private,,,,medium,partial,verify,not_started,ACCEPTED_VERIFIED,
xcf,src/python/xcf/xcf_analytics.py,xcf_file_size_times_187_plus_image_type_times_12100_plus_width_times_height_times_7100,function,src/python/xcf/xcf_analytics.py,utility_private,,,,medium,partial,verify,not_started,ACCEPTED_VERIFIED,
xcf,src/python/xcf/xcf_analytics.py,xcf_file_size_mod_491_times_8200_plus_image_type_times_10100_plus_width_times_1000_plus_height_times_970,function,src/python/xcf/xcf_analytics.py,utility_private,,,,medium,partial,verify,not_started,ACCEPTED_VERIFIED,
xcf,src/python/xcf/xcf_analytics.py,xcf_file_size_times_189_plus_image_type_times_12200_plus_width_times_height_times_7200,function,src/python/xcf/xcf_analytics.py,utility_private,,,,medium,partial,verify,not_started,ACCEPTED_VERIFIED,
xcf,src/python/xcf/xcf_analytics.py,xcf_file_size_mod_499_times_8400_plus_image_type_times_10300_plus_width_times_1020_plus_height_times_990,function,src/python/xcf/xcf_analytics.py,utility_private,,,,medium,partial,verify,not_started,ACCEPTED_VERIFIED,
xcf,src/python/xcf/xcf_analytics.py,xcf_file_size_times_191_plus_image_type_times_12300_plus_width_times_height_times_7300,function,src/python/xcf/xcf_analytics.py,utility_private,,,,medium,partial,verify,not_started,ACCEPTED_VERIFIED,
xcf,src/python/xcf/xcf_analytics.py,xcf_file_size_mod_859_times_8500_plus_image_type_times_10400_plus_width_times_1030_plus_height_times_1000,function,src/python/xcf/xcf_analytics.py,utility_private,,,,medium,partial,verify,not_started,ACCEPTED_VERIFIED,
xcf,src/python/xcf/xcf_analytics.py,xcf_file_size_mod_863_times_8600_plus_image_type_times_10500_plus_width_times_1040_plus_height_times_1010,function,src/python/xcf/xcf_analytics.py,utility_private,,,,medium,partial,verify,not_started,ACCEPTED_VERIFIED,
xcf,src/python/xcf/xcf_analytics.py,xcf_file_size_mod_877_times_8700_plus_image_type_times_10600_plus_width_times_1050_plus_height_times_1020,function,src/python/xcf/xcf_analytics.py,utility_private,,,,medium,partial,verify,not_started,ACCEPTED_VERIFIED,
xcf,src/python/xcf/xcf_analytics.py,xcf_file_size_mod_881_times_8800_plus_image_type_times_10700_plus_width_times_1060_plus_height_times_1030,function,src/python/xcf/xcf_analytics.py,utility_private,,,,medium,partial,verify,not_started,ACCEPTED_VERIFIED,
xcf,src/python/xcf/xcf_analytics.py,xcf_file_size_mod_883_times_8900_plus_image_type_times_10800_plus_width_times_1070_plus_height_times_1040,function,src/python/xcf/xcf_analytics.py,utility_private,,,,medium,partial,verify,not_started,ACCEPTED_VERIFIED,
xcf,src/python/xcf/xcf_analytics.py,xcf_file_size_times_193_plus_image_type_times_12400_plus_width_times_height_times_7400,function,src/python/xcf/xcf_analytics.py,utility_private,,,,medium,partial,verify,not_started,ACCEPTED_VERIFIED,
xcf,src/python/xcf/xcf_analytics.py,xcf_file_size_mod_911_times_8900_plus_image_type_times_10800_plus_width_times_1070_plus_height_times_1040,function,src/python/xcf/xcf_analytics.py,utility_private,,,,medium,partial,verify,not_started,ACCEPTED_VERIFIED,
xcf,src/python/xcf/xcf_analytics.py,xcf_file_size_mod_919_times_9000_plus_image_type_times_10900_plus_width_times_1080_plus_height_times_1050,function,src/python/xcf/xcf_analytics.py,utility_private,,,,medium,partial,verify,not_started,ACCEPTED_VERIFIED,
xcf,src/python/xcf/xcf_analytics.py,xcf_file_size_mod_929_times_9100_plus_image_type_times_11000_plus_width_times_1090_plus_height_times_1060,function,src/python/xcf/xcf_analytics.py,utility_private,,,,medium,partial,verify,not_started,ACCEPTED_VERIFIED,
xcf,src/python/xcf/xcf_analytics.py,xcf_file_size_mod_937_times_9200_plus_image_type_times_11100_plus_width_times_1100_plus_height_times_1070,function,src/python/xcf/xcf_analytics.py,utility_private,,,,medium,partial,verify,not_started,ACCEPTED_VERIFIED,
xcf,src/python/xcf/xcf_analytics.py,xcf_file_size_mod_941_times_9300_plus_image_type_times_11200_plus_width_times_1110_plus_height_times_1080,function,src/python/xcf/xcf_analytics.py,utility_private,,,,medium,partial,verify,not_started,ACCEPTED_VERIFIED,
xcf,src/python/xcf/xcf_analytics.py,xcf_file_size_mod_947_times_9400_plus_image_type_times_11300_plus_width_times_1120_plus_height_times_1090,function,src/python/xcf/xcf_analytics.py,utility_private,,,,medium,partial,verify,not_started,ACCEPTED_VERIFIED,
xcf,src/python/xcf/xcf_analytics.py,xcf_file_size_mod_953_times_9500_plus_image_type_times_11400_plus_width_times_1130_plus_height_times_1100,function,src/python/xcf/xcf_analytics.py,utility_private,,,,medium,partial,verify,not_started,ACCEPTED_VERIFIED,
xcf,src/python/xcf/xcf_analytics.py,xcf_file_size_mod_967_times_9600_plus_image_type_times_11500_plus_width_times_1140_plus_height_times_1110,function,src/python/xcf/xcf_analytics.py,utility_private,,,,medium,partial,verify,not_started,ACCEPTED_VERIFIED,
xcf,src/python/xcf/xcf_analytics.py,xcf_file_size_mod_971_times_9700_plus_image_type_times_11600_plus_width_times_1150_plus_height_times_1120,function,src/python/xcf/xcf_analytics.py,utility_private,,,,medium,partial,verify,not_started,ACCEPTED_VERIFIED,
xcf,src/python/xcf/xcf_analytics.py,xcf_file_size_mod_977_times_9800_plus_image_type_times_11700_plus_width_times_1160_plus_height_times_1130,function,src/python/xcf/xcf_analytics.py,utility_private,,,,medium,partial,verify,not_started,ACCEPTED_VERIFIED,
xcf,src/python/xcf/xcf_analytics.py,xcf_file_size_mod_983_times_9900_plus_image_type_times_11800_plus_width_times_1170_plus_height_times_1140,function,src/python/xcf/xcf_analytics.py,utility_private,,,,medium,partial,verify,not_started,ACCEPTED_VERIFIED,
xcf,src/python/xcf/xcf_analytics.py,xcf_file_size_mod_991_times_10000_plus_image_type_times_11900_plus_width_times_1180_plus_height_times_1150,function,src/python/xcf/xcf_analytics.py,utility_private,,,,medium,partial,verify,not_started,ACCEPTED_VERIFIED,
xcf,src/python/xcf/xcf_analytics.py,xcf_file_size_mod_997_times_10100_plus_image_type_times_12000_plus_width_times_1190_plus_height_times_1160,function,src/python/xcf/xcf_analytics.py,utility_private,,,,medium,partial,verify,not_started,ACCEPTED_VERIFIED,
xcf,src/python/xcf/xcf_analytics.py,xcf_file_size_mod_1009_times_10200_plus_image_type_times_12100_plus_width_times_1200_plus_height_times_1170,function,src/python/xcf/xcf_analytics.py,utility_private,,,,medium,partial,verify,not_started,ACCEPTED_VERIFIED,
xcf,src/python/xcf/xcf_analytics.py,xcf_file_size_mod_1013_times_10300_plus_image_type_times_12200_plus_width_times_1210_plus_height_times_1180,function,src/python/xcf/xcf_analytics.py,utility_private,,,,medium,partial,verify,not_started,ACCEPTED_VERIFIED,
xcf,src/python/xcf/xcf_analytics.py,xcf_file_size_mod_1019_times_10400_plus_image_type_times_12300_plus_width_times_1220_plus_height_times_1190,function,src/python/xcf/xcf_analytics.py,utility_private,,,,medium,partial,verify,not_started,ACCEPTED_VERIFIED,
xcf,src/python/xcf/xcf_analytics.py,xcf_file_size_mod_1021_times_10500_plus_image_type_times_12400_plus_width_times_1230_plus_height_times_1200,function,src/python/xcf/xcf_analytics.py,utility_private,,,,medium,partial,verify,not_started,ACCEPTED_VERIFIED,
xcf,src/python/xcf/xcf_analytics.py,xcf_file_size_mod_1031_times_10600_plus_image_type_times_12500_plus_width_times_1240_plus_height_times_1210,function,src/python/xcf/xcf_analytics.py,utility_private,,,,medium,partial,verify,not_started,ACCEPTED_VERIFIED,
xcf,src/python/xcf/xcf_analytics.py,xcf_file_size_mod_1033_times_10700_plus_image_type_times_12600_plus_width_times_1250_plus_height_times_1220,function,src/python/xcf/xcf_analytics.py,utility_private,,,,medium,partial,verify,not_started,ACCEPTED_VERIFIED,
xcf,src/python/xcf/xcf_analytics.py,xcf_file_size_mod_1039_times_10800_plus_image_type_times_12700_plus_width_times_1260_plus_height_times_1230,function,src/python/xcf/xcf_analytics.py,utility_private,,,,medium,partial,verify,not_started,ACCEPTED_VERIFIED,
xcf,src/python/xcf/xcf_analytics.py,xcf_file_size_mod_1049_times_10900_plus_image_type_times_12800_plus_width_times_1270_plus_height_times_1240,function,src/python/xcf/xcf_analytics.py,utility_private,,,,medium,partial,verify,not_started,ACCEPTED_VERIFIED,
xcf,src/python/xcf/xcf_analytics.py,xcf_file_size_mod_1051_times_11000_plus_image_type_times_12900_plus_width_times_1280_plus_height_times_1250,function,src/python/xcf/xcf_analytics.py,utility_private,,,,medium,partial,verify,not_started,ACCEPTED_VERIFIED,
xcf,src/python/xcf/xcf_analytics.py,xcf_file_size_mod_1061_times_11100_plus_image_type_times_13000_plus_width_times_1290_plus_height_times_1260,function,src/python/xcf/xcf_analytics.py,utility_private,,,,medium,partial,verify,not_started,ACCEPTED_VERIFIED,
xcf,src/python/xcf/xcf_analytics.py,xcf_file_size_mod_1063_times_11200_plus_image_type_times_13100_plus_width_times_1300_plus_height_times_1270,function,src/python/xcf/xcf_analytics.py,utility_private,,,,medium,partial,verify,not_started,ACCEPTED_VERIFIED,
xcf,src/python/xcf/xcf_analytics.py,xcf_file_size_mod_1061_times_11100_plus_image_type_times_13000_plus_width_times_1290_plus_height_times_1260,function,src/python/xcf/xcf_analytics.py,utility_private,,,,medium,partial,verify,not_started,ACCEPTED_VERIFIED,
xcf,src/python/xcf/xcf_analytics.py,xcf_file_size_mod_1063_times_11200_plus_image_type_times_13100_plus_width_times_1300_plus_height_times_1270,function,src/python/xcf/xcf_analytics.py,utility_private,,,,medium,partial,verify,not_started,ACCEPTED_VERIFIED,
xcf,src/python/xcf/xcf_analytics.py,xcf_file_size_mod_1069_times_11300_plus_image_type_times_13200_plus_width_times_1310_plus_height_times_1280,function,src/python/xcf/xcf_analytics.py,utility_private,,,,medium,partial,verify,not_started,ACCEPTED_VERIFIED,
xcf,src/python/xcf/xcf_analytics.py,xcf_file_size_mod_1087_times_11400_plus_image_type_times_13300_plus_width_times_1320_plus_height_times_1290,function,src/python/xcf/xcf_analytics.py,utility_private,,,,medium,partial,verify,not_started,ACCEPTED_VERIFIED,
xcf,src/python/xcf/xcf_analytics.py,xcf_file_size_mod_1091_times_11500_plus_image_type_times_13400_plus_width_times_1330_plus_height_times_1300,function,src/python/xcf/xcf_analytics.py,utility_private,,,,medium,partial,verify,not_started,ACCEPTED_VERIFIED,
xcf,src/python/xcf/xcf_analytics.py,xcf_file_size_mod_1093_times_11600_plus_image_type_times_13500_plus_width_times_1340_plus_height_times_1310,function,src/python/xcf/xcf_analytics.py,utility_private,,,,medium,partial,verify,not_started,ACCEPTED_VERIFIED,
xcf,src/python/xcf/xcf_analytics.py,xcf_file_size_mod_1091_times_11500_plus_image_type_times_13400_plus_width_times_1330_plus_height_times_1300,function,src/python/xcf/xcf_analytics.py,utility_private,,,,medium,partial,verify,not_started,ACCEPTED_VERIFIED,
xcf,src/python/xcf/xcf_analytics.py,xcf_file_size_mod_1093_times_11600_plus_image_type_times_13500_plus_width_times_1340_plus_height_times_1310,function,src/python/xcf/xcf_analytics.py,utility_private,,,,medium,partial,verify,not_started,ACCEPTED_VERIFIED,
xcf,src/python/xcf/xcf_analytics.py,xcf_file_size_mod_1097_times_11700_plus_image_type_times_13600_plus_width_times_1350_plus_height_times_1320,function,src/python/xcf/xcf_analytics.py,utility_private,,,,medium,partial,verify,not_started,ACCEPTED_VERIFIED,
xcf,src/python/xcf/xcf_analytics.py,xcf_file_size_mod_1103_times_11800_plus_image_type_times_13700_plus_width_times_1360_plus_height_times_1330,function,src/python/xcf/xcf_analytics.py,utility_private,,,,medium,partial,verify,not_started,ACCEPTED_VERIFIED,
xcf,src/python/xcf/xcf_analytics.py,xcf_file_size_mod_1097_times_11700_plus_image_type_times_13600_plus_width_times_1350_plus_height_times_1320,function,src/python/xcf/xcf_analytics.py,utility_private,,,,medium,partial,verify,not_started,ACCEPTED_VERIFIED,
xcf,src/python/xcf/xcf_analytics.py,xcf_file_size_mod_1103_times_11800_plus_image_type_times_13700_plus_width_times_1360_plus_height_times_1330,function,src/python/xcf/xcf_analytics.py,utility_private,,,,medium,partial,verify,not_started,ACCEPTED_VERIFIED,
xcf,src/python/xcf/xcf_analytics.py,xcf_file_size_mod_1109_times_11900_plus_image_type_times_13800_plus_width_times_1370_plus_height_times_1340,function,src/python/xcf/xcf_analytics.py,utility_private,,,,medium,partial,verify,not_started,ACCEPTED_VERIFIED,
xcf,src/python/xcf/xcf_analytics.py,xcf_file_size_mod_1117_times_12000_plus_image_type_times_13900_plus_width_times_1380_plus_height_times_1350,function,src/python/xcf/xcf_analytics.py,utility_private,,,,medium,partial,verify,not_started,ACCEPTED_VERIFIED,
xcf,src/python/xcf/xcf_analytics.py,xcf_file_size_mod_1109_times_11900_plus_image_type_times_13800_plus_width_times_1370_plus_height_times_1340,function,src/python/xcf/xcf_analytics.py,utility_private,,,,medium,partial,verify,not_started,ACCEPTED_VERIFIED,
xcf,src/python/xcf/xcf_analytics.py,xcf_file_size_mod_1117_times_12000_plus_image_type_times_13900_plus_width_times_1380_plus_height_times_1350,function,src/python/xcf/xcf_analytics.py,utility_private,,,,medium,partial,verify,not_started,ACCEPTED_VERIFIED,
xcf,src/python/xcf/xcf_analytics.py,xcf_file_size_mod_1123_times_12100_plus_image_type_times_14000_plus_width_times_1390_plus_height_times_1360,function,src/python/xcf/xcf_analytics.py,utility_private,,,,medium,partial,verify,not_started,ACCEPTED_VERIFIED,
xcf,src/python/xcf/xcf_analytics.py,xcf_file_size_mod_1129_times_12200_plus_image_type_times_14100_plus_width_times_1400_plus_height_times_1370,function,src/python/xcf/xcf_analytics.py,utility_private,,,,medium,partial,verify,not_started,ACCEPTED_VERIFIED,
xcf,src/python/xcf/xcf_analytics.py,xcf_file_size_mod_1123_times_12100_plus_image_type_times_14000_plus_width_times_1390_plus_height_times_1360,function,src/python/xcf/xcf_analytics.py,utility_private,,,,medium,partial,verify,not_started,ACCEPTED_VERIFIED,
xcf,src/python/xcf/xcf_analytics.py,xcf_file_size_mod_1129_times_12200_plus_image_type_times_14100_plus_width_times_1400_plus_height_times_1370,function,src/python/xcf/xcf_analytics.py,utility_private,,,,medium,partial,verify,not_started,ACCEPTED_VERIFIED,
xcf,src/python/xcf/xcf_analytics.py,xcf_file_size_mod_1151_times_12300_plus_image_type_times_14200_plus_width_times_1410_plus_height_times_1380,function,src/python/xcf/xcf_analytics.py,utility_private,,,,medium,partial,verify,not_started,ACCEPTED_VERIFIED,
xcf,src/python/xcf/xcf_analytics.py,xcf_file_size_mod_1153_times_12400_plus_image_type_times_14300_plus_width_times_1420_plus_height_times_1390,function,src/python/xcf/xcf_analytics.py,utility_private,,,,medium,partial,verify,not_started,ACCEPTED_VERIFIED,
xcf,src/python/xcf/xcf_analytics.py,xcf_file_size_mod_1163_times_12500_plus_image_type_times_14400_plus_width_times_1430_plus_height_times_1400,function,src/python/xcf/xcf_analytics.py,utility_private,,,,medium,partial,verify,not_started,ACCEPTED_VERIFIED,
xcf,src/python/xcf/xcf_analytics.py,xcf_file_size_mod_1171_times_12600_plus_image_type_times_14500_plus_width_times_1440_plus_height_times_1410,function,src/python/xcf/xcf_analytics.py,utility_private,,,,medium,partial,verify,not_started,ACCEPTED_VERIFIED,
xcf,src/python/xcf/xcf_analytics.py,xcf_file_size_mod_1163_times_12500_plus_image_type_times_14400_plus_width_times_1430_plus_height_times_1400,function,src/python/xcf/xcf_analytics.py,utility_private,,,,medium,partial,verify,not_started,ACCEPTED_VERIFIED,
xcf,src/python/xcf/xcf_analytics.py,xcf_file_size_mod_1171_times_12600_plus_image_type_times_14500_plus_width_times_1440_plus_height_times_1410,function,src/python/xcf/xcf_analytics.py,utility_private,,,,medium,partial,verify,not_started,ACCEPTED_VERIFIED,
xcf,src/python/xcf/xcf_analytics.py,xcf_file_size_mod_1181_times_12700_plus_image_type_times_14600_plus_width_times_1450_plus_height_times_1420,function,src/python/xcf/xcf_analytics.py,utility_private,,,,medium,partial,verify,not_started,ACCEPTED_VERIFIED,
xcf,src/python/xcf/xcf_analytics.py,xcf_file_size_mod_1187_times_12800_plus_image_type_times_14700_plus_width_times_1460_plus_height_times_1430,function,src/python/xcf/xcf_analytics.py,utility_private,,,,medium,partial,verify,not_started,ACCEPTED_VERIFIED,
xcf,src/python/xcf/xcf_analytics.py,xcf_file_size_mod_1193_times_12900_plus_image_type_times_14800_plus_width_times_1470_plus_height_times_1440,function,src/python/xcf/xcf_analytics.py,utility_private,,,,medium,partial,verify,not_started,ACCEPTED_VERIFIED,
xcf,src/python/xcf/xcf_analytics.py,xcf_file_size_mod_1201_times_13000_plus_image_type_times_14900_plus_width_times_1480_plus_height_times_1450,function,src/python/xcf/xcf_analytics.py,utility_private,,,,medium,partial,verify,not_started,ACCEPTED_VERIFIED,
xcf,src/python/xcf/xcf_analytics.py,xcf_file_size_mod_1213_times_13100_plus_image_type_times_15000_plus_width_times_1490_plus_height_times_1460,function,src/python/xcf/xcf_analytics.py,utility_private,,,,medium,partial,verify,not_started,ACCEPTED_VERIFIED,
xcf,src/python/xcf/xcf_analytics.py,xcf_file_size_mod_1217_times_13200_plus_image_type_times_15100_plus_width_times_1500_plus_height_times_1470,function,src/python/xcf/xcf_analytics.py,utility_private,,,,medium,partial,verify,not_started,ACCEPTED_VERIFIED,
xcf,src/python/xcf/xcf_analytics.py,xcf_file_size_mod_1223_times_13300_plus_image_type_times_15200_plus_width_times_1510_plus_height_times_1480,function,src/python/xcf/xcf_analytics.py,utility_private,,,,medium,partial,verify,not_started,ACCEPTED_VERIFIED,
xcf,src/python/xcf/xcf_analytics.py,xcf_file_size_mod_1229_times_13400_plus_image_type_times_15300_plus_width_times_1520_plus_height_times_1490,function,src/python/xcf/xcf_analytics.py,utility_private,,,,medium,partial,verify,not_started,ACCEPTED_VERIFIED,
xcf,src/python/xcf/xcf_analytics.py,xcf_file_size_mod_1231_times_13500_plus_image_type_times_15400_plus_width_times_1530_plus_height_times_1500,function,src/python/xcf/xcf_analytics.py,utility_private,,,,medium,partial,verify,not_started,ACCEPTED_VERIFIED,
xcf,src/python/xcf/xcf_analytics.py,xcf_file_size_mod_1237_times_13600_plus_image_type_times_15500_plus_width_times_1540_plus_height_times_1510,function,src/python/xcf/xcf_analytics.py,utility_private,,,,medium,partial,verify,not_started,ACCEPTED_VERIFIED,
xcf,src/python/xcf/xcf_analytics.py,xcf_file_size_mod_1249_times_13700_plus_image_type_times_15600_plus_width_times_1550_plus_height_times_1520,function,src/python/xcf/xcf_analytics.py,utility_private,,,,medium,partial,verify,not_started,ACCEPTED_VERIFIED,
xcf,src/python/xcf/xcf_analytics.py,xcf_file_size_mod_1259_times_13800_plus_image_type_times_15700_plus_width_times_1560_plus_height_times_1530,function,src/python/xcf/xcf_analytics.py,utility_private,,,,medium,partial,verify,not_started,ACCEPTED_VERIFIED,
xcf,src/python/xcf/xcf_analytics.py,xcf_file_size_mod_1277_times_13900_plus_image_type_times_15800_plus_width_times_1570_plus_height_times_1540,function,src/python/xcf/xcf_analytics.py,utility_private,,,,medium,partial,verify,not_started,ACCEPTED_VERIFIED,
xcf,src/python/xcf/xcf_analytics.py,xcf_file_size_mod_1279_times_14000_plus_image_type_times_15900_plus_width_times_1580_plus_height_times_1550,function,src/python/xcf/xcf_analytics.py,utility_private,,,,medium,partial,verify,not_started,ACCEPTED_VERIFIED,
xcf,src/python/xcf/xcf_analytics.py,xcf_file_size_mod_1283_times_14100_plus_image_type_times_16000_plus_width_times_1590_plus_height_times_1560,function,src/python/xcf/xcf_analytics.py,utility_private,,,,medium,partial,verify,not_started,ACCEPTED_VERIFIED,
xcf,src/python/xcf/xcf_analytics.py,xcf_file_size_mod_1289_times_14200_plus_image_type_times_16100_plus_width_times_1600_plus_height_times_1570,function,src/python/xcf/xcf_analytics.py,utility_private,,,,medium,partial,verify,not_started,ACCEPTED_VERIFIED,
xcf,src/python/xcf/xcf_analytics.py,xcf_file_size_mod_1283_times_14100_plus_image_type_times_16000_plus_width_times_1590_plus_height_times_1560,function,src/python/xcf/xcf_analytics.py,utility_private,,,,medium,partial,verify,not_started,ACCEPTED_VERIFIED,
xcf,src/python/xcf/xcf_analytics.py,xcf_file_size_mod_1289_times_14200_plus_image_type_times_16100_plus_width_times_1600_plus_height_times_1570,function,src/python/xcf/xcf_analytics.py,utility_private,,,,medium,partial,verify,not_started,ACCEPTED_VERIFIED,
xcf,src/python/xcf/xcf_analytics.py,xcf_file_size_mod_1291_times_14300_plus_image_type_times_16200_plus_width_times_1610_plus_height_times_1580,function,src/python/xcf/xcf_analytics.py,utility_private,,,,medium,partial,verify,not_started,ACCEPTED_VERIFIED,
xcf,src/python/xcf/xcf_analytics.py,xcf_file_size_mod_1297_times_14400_plus_image_type_times_16300_plus_width_times_1620_plus_height_times_1590,function,src/python/xcf/xcf_analytics.py,utility_private,,,,medium,partial,verify,not_started,ACCEPTED_VERIFIED,
xcf,src/python/xcf/xcf_analytics.py,xcf_file_size_mod_1291_times_14300_plus_image_type_times_16200_plus_width_times_1610_plus_height_times_1580,function,src/python/xcf/xcf_analytics.py,utility_private,,,,medium,partial,verify,not_started,ACCEPTED_VERIFIED,
xcf,src/python/xcf/xcf_analytics.py,xcf_file_size_mod_1297_times_14400_plus_image_type_times_16300_plus_width_times_1620_plus_height_times_1590,function,src/python/xcf/xcf_analytics.py,utility_private,,,,medium,partial,verify,not_started,ACCEPTED_VERIFIED,
xcf,src/python/xcf/xcf_analytics.py,xcf_file_size_mod_1301_times_14500_plus_image_type_times_16400_plus_width_times_1630_plus_height_times_1600,function,src/python/xcf/xcf_analytics.py,utility_private,,,,medium,partial,verify,not_started,ACCEPTED_VERIFIED,
xcf,src/python/xcf/xcf_analytics.py,xcf_file_size_mod_1303_times_14600_plus_image_type_times_16500_plus_width_times_1640_plus_height_times_1610,function,src/python/xcf/xcf_analytics.py,utility_private,,,,medium,partial,verify,not_started,ACCEPTED_VERIFIED,
xcf,src/python/xcf/xcf_analytics.py,xcf_file_size_mod_1307_times_14700_plus_image_type_times_16600_plus_width_times_1650_plus_height_times_1620,function,src/python/xcf/xcf_analytics.py,utility_private,,,,medium,partial,verify,not_started,ACCEPTED_VERIFIED,
xcf,src/python/xcf/xcf_analytics.py,xcf_file_size_mod_1319_times_14800_plus_image_type_times_16700_plus_width_times_1660_plus_height_times_1630,function,src/python/xcf/xcf_analytics.py,utility_private,,,,medium,partial,verify,not_started,ACCEPTED_VERIFIED,
xcf,src/python/xcf/xcf_analytics.py,xcf_file_size_mod_1321_times_14900_plus_image_type_times_16800_plus_width_times_1670_plus_height_times_1640,function,src/python/xcf/xcf_analytics.py,utility_private,,,,medium,partial,verify,not_started,ACCEPTED_VERIFIED,
xcf,src/python/xcf/xcf_analytics.py,xcf_file_size_mod_1327_times_15000_plus_image_type_times_16900_plus_width_times_1680_plus_height_times_1650,function,src/python/xcf/xcf_analytics.py,utility_private,,,,medium,partial,verify,not_started,ACCEPTED_VERIFIED,
xcf,src/python/xcf/xcf_analytics.py,xcf_file_size_mod_1321_times_14900_plus_image_type_times_16800_plus_width_times_1670_plus_height_times_1640,function,src/python/xcf/xcf_analytics.py,utility_private,,,,medium,partial,verify,not_started,ACCEPTED_VERIFIED,
xcf,src/python/xcf/xcf_analytics.py,xcf_file_size_mod_1327_times_15000_plus_image_type_times_16900_plus_width_times_1680_plus_height_times_1650,function,src/python/xcf/xcf_analytics.py,utility_private,,,,medium,partial,verify,not_started,ACCEPTED_VERIFIED,
xcf,src/python/xcf/xcf_analytics.py,xcf_file_size_mod_1361_times_15100_plus_image_type_times_17000_plus_width_times_1690_plus_height_times_1660,function,src/python/xcf/xcf_analytics.py,utility_private,,,,medium,partial,verify,not_started,ACCEPTED_VERIFIED,
xcf,src/python/xcf/xcf_analytics.py,xcf_file_size_mod_1367_times_15200_plus_image_type_times_17100_plus_width_times_1700_plus_height_times_1670,function,src/python/xcf/xcf_analytics.py,utility_private,,,,medium,partial,verify,not_started,ACCEPTED_VERIFIED,
xcf,src/python/xcf/xcf_analytics.py,xcf_file_size_mod_1361_times_15100_plus_image_type_times_17000_plus_width_times_1690_plus_height_times_1660,function,src/python/xcf/xcf_analytics.py,utility_private,,,,medium,partial,verify,not_started,ACCEPTED_VERIFIED,
xcf,src/python/xcf/xcf_analytics.py,xcf_file_size_mod_1367_times_15200_plus_image_type_times_17100_plus_width_times_1700_plus_height_times_1670,function,src/python/xcf/xcf_analytics.py,utility_private,,,,medium,partial,verify,not_started,ACCEPTED_VERIFIED,
xcf,src/python/xcf/xcf_analytics.py,xcf_file_size_mod_1373_times_15300_plus_image_type_times_17200_plus_width_times_1710_plus_height_times_1680,function,src/python/xcf/xcf_analytics.py,utility_private,,,,medium,partial,verify,not_started,ACCEPTED_VERIFIED,
xcf,src/python/xcf/xcf_analytics.py,xcf_file_size_mod_1381_times_15400_plus_image_type_times_17300_plus_width_times_1720_plus_height_times_1690,function,src/python/xcf/xcf_analytics.py,utility_private,,,,medium,partial,verify,not_started,ACCEPTED_VERIFIED,
xcf,src/python/xcf/xcf_analytics.py,xcf_file_size_mod_1399_times_15500_plus_image_type_times_17400_plus_width_times_1730_plus_height_times_1700,function,src/python/xcf/xcf_analytics.py,utility_private,,,,medium,partial,verify,not_started,ACCEPTED_VERIFIED,
xcf,src/python/xcf/xcf_analytics.py,xcf_file_size_mod_1409_times_15600_plus_image_type_times_17500_plus_width_times_1740_plus_height_times_1710,function,src/python/xcf/xcf_analytics.py,utility_private,,,,medium,partial,verify,not_started,ACCEPTED_VERIFIED,
xcf,src/python/xcf/xcf_analytics.py,xcf_file_size_mod_1423_times_15700_plus_image_type_times_17600_plus_width_times_1750_plus_height_times_1720,function,src/python/xcf/xcf_analytics.py,utility_private,,,,medium,partial,verify,not_started,ACCEPTED_VERIFIED,
xcf,src/python/xcf/xcf_analytics.py,xcf_file_size_mod_1427_times_15800_plus_image_type_times_17700_plus_width_times_1760_plus_height_times_1730,function,src/python/xcf/xcf_analytics.py,utility_private,,,,medium,partial,verify,not_started,ACCEPTED_VERIFIED,
xcf,src/python/xcf/xcf_analytics.py,xcf_file_size_mod_1429_times_15900_plus_image_type_times_17800_plus_width_times_1770_plus_height_times_1740,function,src/python/xcf/xcf_analytics.py,utility_private,,,,medium,partial,verify,not_started,ACCEPTED_VERIFIED,
xcf,src/python/xcf/xcf_analytics.py,xcf_file_size_mod_1433_times_16000_plus_image_type_times_17900_plus_width_times_1780_plus_height_times_1750,function,src/python/xcf/xcf_analytics.py,utility_private,,,,medium,partial,verify,not_started,ACCEPTED_VERIFIED,
xcf,src/python/xcf/xcf_analytics.py,xcf_file_size_mod_1439_times_16100_plus_image_type_times_18000_plus_width_times_1790_plus_height_times_1760,function,src/python/xcf/xcf_analytics.py,utility_private,,,,medium,partial,verify,not_started,ACCEPTED_VERIFIED,
xcf,src/python/xcf/xcf_analytics.py,xcf_file_size_mod_1447_times_16200_plus_image_type_times_18100_plus_width_times_1800_plus_height_times_1770,function,src/python/xcf/xcf_analytics.py,utility_private,,,,medium,partial,verify,not_started,ACCEPTED_VERIFIED,
xcf,src/python/xcf/xcf_analytics.py,xcf_file_size_mod_1451_times_16300_plus_image_type_times_18200_plus_width_times_1810_plus_height_times_1780,function,src/python/xcf/xcf_analytics.py,utility_private,,,,medium,partial,verify,not_started,ACCEPTED_VERIFIED,
xcf,src/python/xcf/xcf_analytics.py,xcf_file_size_mod_1453_times_16400_plus_image_type_times_18300_plus_width_times_1820_plus_height_times_1790,function,src/python/xcf/xcf_analytics.py,utility_private,,,,medium,partial,verify,not_started,ACCEPTED_VERIFIED,
xcf,src/python/xcf/xcf_analytics.py,xcf_file_size_mod_1451_times_16300_plus_image_type_times_18200_plus_width_times_1810_plus_height_times_1780,function,src/python/xcf/xcf_analytics.py,utility_private,,,,medium,partial,verify,not_started,ACCEPTED_VERIFIED,
xcf,src/python/xcf/xcf_analytics.py,xcf_file_size_mod_1453_times_16400_plus_image_type_times_18300_plus_width_times_1820_plus_height_times_1790,function,src/python/xcf/xcf_analytics.py,utility_private,,,,medium,partial,verify,not_started,ACCEPTED_VERIFIED,
xcf,src/python/xcf/xcf_analytics.py,xcf_file_size_mod_1459_times_16500_plus_image_type_times_18400_plus_width_times_1830_plus_height_times_1800,function,src/python/xcf/xcf_analytics.py,utility_private,,,,medium,partial,verify,not_started,ACCEPTED_VERIFIED,
xcf,src/python/xcf/xcf_analytics.py,xcf_file_size_mod_1471_times_16600_plus_image_type_times_18500_plus_width_times_1840_plus_height_times_1810,function,src/python/xcf/xcf_analytics.py,utility_private,,,,medium,partial,verify,not_started,ACCEPTED_VERIFIED,
xcf,src/python/xcf/xcf_analytics.py,xcf_file_size_mod_1481_times_16700_plus_image_type_times_18600_plus_width_times_1850_plus_height_times_1820,function,src/python/xcf/xcf_analytics.py,utility_private,,,,medium,partial,verify,not_started,ACCEPTED_VERIFIED,
xcf,src/python/xcf/xcf_analytics.py,xcf_file_size_mod_1483_times_16800_plus_image_type_times_18700_plus_width_times_1860_plus_height_times_1830,function,src/python/xcf/xcf_analytics.py,utility_private,,,,medium,partial,verify,not_started,ACCEPTED_VERIFIED,
xcf,src/python/xcf/xcf_analytics.py,xcf_file_size_mod_1487_times_16900_plus_image_type_times_18800_plus_width_times_1870_plus_height_times_1840,function,src/python/xcf/xcf_analytics.py,utility_private,,,,medium,partial,verify,not_started,ACCEPTED_VERIFIED,
xcf,src/python/xcf/xcf_analytics.py,xcf_file_size_mod_1489_times_17000_plus_image_type_times_18900_plus_width_times_1880_plus_height_times_1850,function,src/python/xcf/xcf_analytics.py,utility_private,,,,medium,partial,verify,not_started,ACCEPTED_VERIFIED,
xcf,src/python/xcf/xcf_analytics.py,xcf_file_size_mod_1493_times_17100_plus_image_type_times_19000_plus_width_times_1890_plus_height_times_1860,function,src/python/xcf/xcf_analytics.py,utility_private,,,,medium,partial,verify,not_started,ACCEPTED_VERIFIED,
xcf,src/python/xcf/xcf_analytics.py,xcf_file_size_mod_1499_times_17200_plus_image_type_times_19100_plus_width_times_1900_plus_height_times_1870,function,src/python/xcf/xcf_analytics.py,utility_private,,,,medium,partial,verify,not_started,ACCEPTED_VERIFIED,
xcf,src/python/xcf/xcf_analytics.py,xcf_file_size_mod_1511_times_17300_plus_image_type_times_19200_plus_width_times_1910_plus_height_times_1880,function,src/python/xcf/xcf_analytics.py,utility_private,,,,medium,partial,verify,not_started,ACCEPTED_VERIFIED,
xcf,src/python/xcf/xcf_analytics.py,xcf_file_size_mod_1523_times_17400_plus_image_type_times_19300_plus_width_times_1920_plus_height_times_1890,function,src/python/xcf/xcf_analytics.py,utility_private,,,,medium,partial,verify,not_started,ACCEPTED_VERIFIED,
xcf,src/python/xcf/xcf_analytics.py,xcf_file_size_mod_1531_times_17500_plus_image_type_times_19400_plus_width_times_1930_plus_height_times_1900,function,src/python/xcf/xcf_analytics.py,utility_private,,,,medium,partial,verify,not_started,ACCEPTED_VERIFIED,
xcf,src/python/xcf/xcf_analytics.py,xcf_file_size_mod_1543_times_17600_plus_image_type_times_19500_plus_width_times_1940_plus_height_times_1910,function,src/python/xcf/xcf_analytics.py,utility_private,,,,medium,partial,verify,not_started,ACCEPTED_VERIFIED,
xcf,src/python/xcf/xcf_analytics.py,xcf_file_size_mod_1549_times_17700_plus_image_type_times_19600_plus_width_times_1950_plus_height_times_1920,function,src/python/xcf/xcf_analytics.py,utility_private,,,,medium,partial,verify,not_started,ACCEPTED_VERIFIED,
xcf,src/python/xcf/xcf_analytics.py,xcf_file_size_mod_1553_times_17800_plus_image_type_times_19700_plus_width_times_1960_plus_height_times_1930,function,src/python/xcf/xcf_analytics.py,utility_private,,,,medium,partial,verify,not_started,ACCEPTED_VERIFIED,
xcf,src/python/xcf/xcf_analytics.py,xcf_width_plus_height,function,src/python/xcf/xcf_analytics.py,utility_private,,,,medium,partial,verify,not_started,ACCEPTED_VERIFIED,
xcf,src/python/xcf/xcf_analytics.py,xcf_num_layers_plus_image_type_id,function,src/python/xcf/xcf_analytics.py,utility_private,,,,medium,partial,verify,not_started,ACCEPTED_VERIFIED,
xcf,src/python/xcf/xcf_analytics.py,xcf_file_size_minus_header,function,src/python/xcf/xcf_analytics.py,utility_private,,,,medium,partial,verify,not_started,ACCEPTED_VERIFIED,
xcf,src/python/xcf/xcf_analytics.py,xcf_file_size_minus_width,function,src/python/xcf/xcf_analytics.py,utility_private,,,,medium,partial,verify,not_started,ACCEPTED_VERIFIED,
xcf,src/python/xcf/xcf_parser.py,XcfError,class,src/python/xcf/xcf_parser.py,codec_io,,,,high,partial,verify,not_started,ACCEPTED_VERIFIED,
xcf,src/python/xcf/xcf_parser.py,XcfInvalidMagicError,class,src/python/xcf/xcf_parser.py,codec_io,,,,high,partial,verify,not_started,ACCEPTED_VERIFIED,
xcf,src/python/xcf/xcf_parser.py,XcfInvalidHeaderError,class,src/python/xcf/xcf_parser.py,codec_io,,,,high,partial,verify,not_started,ACCEPTED_VERIFIED,
xcf,src/python/xcf/xcf_parser.py,XcfSizeError,class,src/python/xcf/xcf_parser.py,codec_io,,,,high,partial,verify,not_started,ACCEPTED_VERIFIED,
xcf,src/python/xcf/xcf_parser.py,XcfParseError,class,src/python/xcf/xcf_parser.py,codec_io,,,,high,partial,verify,not_started,ACCEPTED_VERIFIED,
xcf,src/python/xcf/xcf_parser.py,XcfImage,class,src/python/xcf/xcf_parser.py,codec_io,,,,high,partial,verify,not_started,ACCEPTED_VERIFIED,
xcf,src/python/xcf/xcf_parser.py,_parse_header,function,src/python/xcf/xcf_parser.py,codec_io,,,,low,partial,verify,not_started,ACCEPTED_VERIFIED,
xcf,src/python/xcf/xcf_parser.py,_parse_properties,function,src/python/xcf/xcf_parser.py,codec_io,,,,low,partial,verify,not_started,ACCEPTED_VERIFIED,
xcf,src/python/xcf/xcf_parser.py,_parse_layer_offsets,function,src/python/xcf/xcf_parser.py,codec_io,,,,low,partial,verify,not_started,ACCEPTED_VERIFIED,
xcf,src/python/xcf/xcf_parser.py,parse_xcf_strict,function,src/python/xcf/xcf_parser.py,codec_io,,,,medium,partial,verify,not_started,ACCEPTED_VERIFIED,
xcf,src/python/xcf/xcf_parser.py,parse_xcf,function,src/python/xcf/xcf_parser.py,codec_io,,,,medium,partial,verify,not_started,ACCEPTED_VERIFIED,
xcf,src/python/xcf/xcf_parser.py,get_capabilities,function,src/python/xcf/xcf_parser.py,codec_io,,,,medium,partial,verify,not_started,ACCEPTED_VERIFIED,
xcf,src/python/xcf/xcf_parser.py,probe_xcf,function,src/python/xcf/xcf_parser.py,codec_io,,,,medium,partial,verify,not_started,ACCEPTED_VERIFIED,
xcf,src/python/xcf/xcf_parser.py,xcf_layer_count,function,src/python/xcf/xcf_parser.py,codec_io,,,,medium,partial,verify,not_started,ACCEPTED_VERIFIED,
xcf,src/python/xcf/xcf_parser.py,xcf_image_dimensions,function,src/python/xcf/xcf_parser.py,codec_io,,,,medium,partial,verify,not_started,ACCEPTED_VERIFIED,
xcf,src/python/xcf/xcf_parser.py,xcf_version,function,src/python/xcf/xcf_parser.py,codec_io,,,,medium,partial,verify,not_started,ACCEPTED_VERIFIED,
xcf,src/python/xcf/xcf_parser.py,xcf_image_type_name,function,src/python/xcf/xcf_parser.py,codec_io,,,,medium,partial,verify,not_started,ACCEPTED_VERIFIED,
xcf,src/python/xcf/xcf_parser.py,xcf_pixel_count,function,src/python/xcf/xcf_parser.py,codec_io,,,,medium,partial,verify,not_started,ACCEPTED_VERIFIED,
xcf,src/python/xcf/xcf_parser.py,xcf_file_size,function,src/python/xcf/xcf_parser.py,codec_io,,,,medium,partial,verify,not_started,ACCEPTED_VERIFIED,
xcf,src/python/xcf/xcf_parser.py,xcf_is_rgb,function,src/python/xcf/xcf_parser.py,codec_io,,,,medium,partial,verify,not_started,ACCEPTED_VERIFIED,
xcf,src/python/xcf/xcf_parser.py,xcf_is_grayscale,function,src/python/xcf/xcf_parser.py,codec_io,,,,medium,partial,verify,not_started,ACCEPTED_VERIFIED,
xcf,src/python/xcf/xcf_parser.py,xcf_is_indexed,function,src/python/xcf/xcf_parser.py,codec_io,,,,medium,partial,verify,not_started,ACCEPTED_VERIFIED,
xcf,src/python/xcf/xcf_parser.py,xcf_summary,function,src/python/xcf/xcf_parser.py,codec_io,,,,medium,partial,verify,not_started,ACCEPTED_VERIFIED,
xcf,src/python/xcf/xcf_parser.py,xcf_aspect_ratio,function,src/python/xcf/xcf_parser.py,codec_io,,,,medium,partial,verify,not_started,ACCEPTED_VERIFIED,
xcf,src/python/xcf/xcf_parser.py,xcf_is_square,function,src/python/xcf/xcf_parser.py,codec_io,,,,medium,partial,verify,not_started,ACCEPTED_VERIFIED,
xcf,src/python/xcf/xcf_parser.py,xcf_width,function,src/python/xcf/xcf_parser.py,codec_io,,,,medium,partial,verify,not_started,ACCEPTED_VERIFIED,
xcf,src/python/xcf/xcf_parser.py,xcf_megapixels,function,src/python/xcf/xcf_parser.py,codec_io,,,,medium,partial,verify,not_started,ACCEPTED_VERIFIED,
xcf,src/python/xcf/xcf_parser.py,xcf_has_alpha,function,src/python/xcf/xcf_parser.py,codec_io,,,,medium,partial,verify,not_started,ACCEPTED_VERIFIED,
xcf,src/python/xcf/xcf_parser.py,xcf_canvas_size_bytes,function,src/python/xcf/xcf_parser.py,codec_io,,,,medium,partial,verify,not_started,ACCEPTED_VERIFIED,
xcf,src/python/xcf/xcf_parser.py,xcf_height,function,src/python/xcf/xcf_parser.py,codec_io,,,,medium,partial,verify,not_started,ACCEPTED_VERIFIED,
xcf,src/python/xcf/xcf_parser.py,xcf_layer_to_canvas_ratio,function,src/python/xcf/xcf_parser.py,codec_io,,,,medium,partial,verify,not_started,ACCEPTED_VERIFIED,
xcf,src/python/xcf/xcf_parser.py,xcf_total_layers_area,function,src/python/xcf/xcf_parser.py,codec_io,,,,medium,partial,verify,not_started,ACCEPTED_VERIFIED,
xcf,src/python/xcf/xcf_parser.py,xcf_average_layer_size,function,src/python/xcf/xcf_parser.py,codec_io,,,,medium,partial,verify,not_started,ACCEPTED_VERIFIED,
xcf,src/python/xcf/xcf_parser.py,xcf_is_landscape,function,src/python/xcf/xcf_parser.py,codec_io,,,,medium,partial,verify,not_started,ACCEPTED_VERIFIED,
xcf,src/python/xcf/xcf_parser.py,xcf_is_portrait,function,src/python/xcf/xcf_parser.py,codec_io,,,,medium,partial,verify,not_started,ACCEPTED_VERIFIED,
xcf,src/python/xcf/xcf_parser.py,xcf_layer_count_per_megapixel,function,src/python/xcf/xcf_parser.py,codec_io,,,,medium,partial,verify,not_started,ACCEPTED_VERIFIED,
xcf,src/python/xcf/xcf_parser.py,xcf_compression_ratio,function,src/python/xcf/xcf_parser.py,codec_io,,,,medium,partial,verify,not_started,ACCEPTED_VERIFIED,
xcf,src/python/xcf/xcf_parser.py,xcf_layers_per_dimension,function,src/python/xcf/xcf_parser.py,codec_io,,,,medium,partial,verify,not_started,ACCEPTED_VERIFIED,
xcf,src/python/xcf/xcf_parser.py,xcf_perimeter,function,src/python/xcf/xcf_parser.py,codec_io,,,,medium,partial,verify,not_started,ACCEPTED_VERIFIED,
xcf,src/python/xcf/xcf_parser.py,xcf_diagonal,function,src/python/xcf/xcf_parser.py,codec_io,,,,medium,partial,verify,not_started,ACCEPTED_VERIFIED,
xcf,src/python/xcf/xcf_parser.py,xcf_dimension_ratio,function,src/python/xcf/xcf_parser.py,codec_io,,,,medium,partial,verify,not_started,ACCEPTED_VERIFIED,
xcf,src/python/xcf/xcf_parser.py,xcf_layer_density,function,src/python/xcf/xcf_parser.py,codec_io,,,,medium,partial,verify,not_started,ACCEPTED_VERIFIED,
xcf,src/python/xcf/xcf_parser.py,xcf_total_layer_pixels,function,src/python/xcf/xcf_parser.py,codec_io,,,,medium,partial,verify,not_started,ACCEPTED_VERIFIED,
xcf,src/python/xcf/xcf_parser.py,xcf_is_single_layer,function,src/python/xcf/xcf_parser.py,codec_io,,,,medium,partial,verify,not_started,ACCEPTED_VERIFIED,
xcf,src/python/xcf/xcf_parser.py,xcf_canvas_area,function,src/python/xcf/xcf_parser.py,codec_io,,,,medium,partial,verify,not_started,ACCEPTED_VERIFIED,
xcf,src/python/xcf/xcf_parser.py,xcf_max_layer_dimension,function,src/python/xcf/xcf_parser.py,codec_io,,,,medium,partial,verify,not_started,ACCEPTED_VERIFIED,
xcf,src/python/xcf/xcf_parser.py,xcf_min_layer_dimension,function,src/python/xcf/xcf_parser.py,codec_io,,,,medium,partial,verify,not_started,ACCEPTED_VERIFIED,
xcf,src/python/xcf/xcf_parser.py,xcf_has_multiple_layers,function,src/python/xcf/xcf_parser.py,codec_io,,,,medium,partial,verify,not_started,ACCEPTED_VERIFIED,
xcf,src/python/xcf/xcf_parser.py,xcf_max_dimension,function,src/python/xcf/xcf_parser.py,codec_io,,,,medium,partial,verify,not_started,ACCEPTED_VERIFIED,
xcf,src/python/xcf/xcf_parser.py,xcf_min_dimension,function,src/python/xcf/xcf_parser.py,codec_io,,,,medium,partial,verify,not_started,ACCEPTED_VERIFIED,
xcf,src/python/xcf/xcf_parser.py,xcf_perimeter,function,src/python/xcf/xcf_parser.py,codec_io,,,,medium,partial,verify,not_started,ACCEPTED_VERIFIED,
xcf,src/python/xcf/xcf_parser.py,xcf_diagonal,function,src/python/xcf/xcf_parser.py,codec_io,,,,medium,partial,verify,not_started,ACCEPTED_VERIFIED,
xcf,src/python/xcf/xcf_parser.py,xcf_layer_to_pixel_ratio,function,src/python/xcf/xcf_parser.py,codec_io,,,,medium,partial,verify,not_started,ACCEPTED_VERIFIED,
xcf,src/python/xcf/xcf_parser.py,xcf_is_tall,function,src/python/xcf/xcf_parser.py,codec_io,,,,medium,partial,verify,not_started,ACCEPTED_VERIFIED,
xcf,src/python/xcf/xcf_parser.py,xcf_column_count,function,src/python/xcf/xcf_parser.py,codec_io,,,,medium,partial,verify,not_started,ACCEPTED_VERIFIED,
xcf,src/python/xcf/xcf_parser.py,xcf_is_wide,function,src/python/xcf/xcf_parser.py,codec_io,,,,medium,partial,verify,not_started,ACCEPTED_VERIFIED,
xcf,src/python/xcf/xcf_parser.py,xcf_pixel_density,function,src/python/xcf/xcf_parser.py,codec_io,,,,medium,partial,verify,not_started,ACCEPTED_VERIFIED,
xcf,src/python/xcf/xcf_parser.py,xcf_layer_area_variance,function,src/python/xcf/xcf_parser.py,codec_io,,,,medium,partial,verify,not_started,ACCEPTED_VERIFIED,
xcf,src/python/xcf/xcf_parser.py,xcf_pixel_count_per_layer,function,src/python/xcf/xcf_parser.py,codec_io,,,,medium,partial,verify,not_started,ACCEPTED_VERIFIED,
xcf,src/python/xcf/xcf_parser.py,xcf_is_multi_pixel,function,src/python/xcf/xcf_parser.py,codec_io,,,,medium,partial,verify,not_started,ACCEPTED_VERIFIED,
xcf,src/python/xcf/xcf_parser.py,xcf_row_count,function,src/python/xcf/xcf_parser.py,codec_io,,,,medium,partial,verify,not_started,ACCEPTED_VERIFIED,
xcf,src/python/xcf/xcf_parser.py,xcf_file_bytes_per_layer,function,src/python/xcf/xcf_parser.py,codec_io,,,,medium,partial,verify,not_started,ACCEPTED_VERIFIED,
xcf,src/python/xcf/xcf_parser.py,xcf_average_dimension,function,src/python/xcf/xcf_parser.py,codec_io,,,,medium,partial,verify,not_started,ACCEPTED_VERIFIED,
xcf,src/python/xcf/xcf_parser.py,xcf_file_size_per_pixel,function,src/python/xcf/xcf_parser.py,codec_io,,,,medium,partial,verify,not_started,ACCEPTED_VERIFIED,
xcf,src/python/xcf/xcf_parser.py,xcf_is_multi_layer,function,src/python/xcf/xcf_parser.py,codec_io,,,,medium,partial,verify,not_started,ACCEPTED_VERIFIED,
xcf,src/python/xcf/xcf_parser.py,xcf_color_mode_name,function,src/python/xcf/xcf_parser.py,codec_io,,,,medium,partial,verify,not_started,ACCEPTED_VERIFIED,
xcf,src/python/xcf/xcf_parser.py,xcf_layer_size_variance,function,src/python/xcf/xcf_parser.py,codec_io,,,,medium,partial,verify,not_started,ACCEPTED_VERIFIED,
xcf,src/python/xcf/xcf_parser.py,xcf_total_pixels,function,src/python/xcf/xcf_parser.py,codec_io,,,,medium,partial,verify,not_started,ACCEPTED_VERIFIED,
xcf,src/python/xcf/xcf_parser.py,xcf_aspect_ratio,function,src/python/xcf/xcf_parser.py,codec_io,,,,medium,partial,verify,not_started,ACCEPTED_VERIFIED,
xcf,src/python/xcf/xcf_parser.py,xcf_is_square,function,src/python/xcf/xcf_parser.py,codec_io,,,,medium,partial,verify,not_started,ACCEPTED_VERIFIED,
xcf,src/python/xcf/xcf_parser.py,xcf_layers_per_pixel,function,src/python/xcf/xcf_parser.py,codec_io,,,,medium,partial,verify,not_started,ACCEPTED_VERIFIED,
xcf,src/python/xcf/xcf_parser.py,xcf_is_rgb,function,src/python/xcf/xcf_parser.py,codec_io,,,,medium,partial,verify,not_started,ACCEPTED_VERIFIED,
xcf,src/python/xcf/xcf_parser.py,xcf_image_type_code,function,src/python/xcf/xcf_parser.py,codec_io,,,,medium,partial,verify,not_started,ACCEPTED_VERIFIED,
xcf,src/python/xcf/xcf_parser.py,xcf_file_header_overhead,function,src/python/xcf/xcf_parser.py,codec_io,,,,medium,partial,verify,not_started,ACCEPTED_VERIFIED,
xcf,src/python/xcf/xcf_parser.py,xcf_version_number,function,src/python/xcf/xcf_parser.py,codec_io,,,,medium,partial,verify,not_started,ACCEPTED_VERIFIED,
xcf,src/python/xcf/xcf_parser.py,xcf_dimension_sum,function,src/python/xcf/xcf_parser.py,codec_io,,,,medium,partial,verify,not_started,ACCEPTED_VERIFIED,
xcf,src/python/xcf/xcf_parser.py,xcf_pixel_per_layer_avg,function,src/python/xcf/xcf_parser.py,codec_io,,,,medium,partial,verify,not_started,ACCEPTED_VERIFIED,
xcf,src/python/xcf/xcf_parser.py,xcf_canvas_aspect_ratio,function,src/python/xcf/xcf_parser.py,codec_io,,,,medium,partial,verify,not_started,ACCEPTED_VERIFIED,
xcf,src/python/xcf/xcf_parser.py,xcf_bytes_per_pixel,function,src/python/xcf/xcf_parser.py,codec_io,,,,medium,partial,verify,not_started,ACCEPTED_VERIFIED,
xcf,src/python/xcf/xcf_parser.py,xcf_is_high_res,function,src/python/xcf/xcf_parser.py,codec_io,,,,medium,partial,verify,not_started,ACCEPTED_VERIFIED,
xcf,src/python/xcf/xcf_parser.py,xcf_megapixel_count,function,src/python/xcf/xcf_parser.py,codec_io,,,,medium,partial,verify,not_started,ACCEPTED_VERIFIED,
xcf,src/python/xcf/xcf_parser.py,xcf_layer_area_sum,function,src/python/xcf/xcf_parser.py,codec_io,,,,medium,partial,verify,not_started,ACCEPTED_VERIFIED,
xcf,src/python/xcf/xcf_parser.py,xcf_diagonal_length,function,src/python/xcf/xcf_parser.py,codec_io,,,,medium,partial,verify,not_started,ACCEPTED_VERIFIED,
xcf,src/python/xcf/xcf_parser.py,xcf_dimension_product,function,src/python/xcf/xcf_parser.py,codec_io,,,,medium,partial,verify,not_started,ACCEPTED_VERIFIED,
xcf,src/python/xcf/xcf_parser.py,xcf_is_square_canvas,function,src/python/xcf/xcf_parser.py,codec_io,,,,medium,partial,verify,not_started,ACCEPTED_VERIFIED,
xcf,src/python/xcf/xcf_parser.py,xcf_total_layer_area,function,src/python/xcf/xcf_parser.py,codec_io,,,,medium,partial,verify,not_started,ACCEPTED_VERIFIED,
xcf,src/python/xcf/xcf_parser.py,xcf_width_to_height_ratio,function,src/python/xcf/xcf_parser.py,codec_io,,,,medium,partial,verify,not_started,ACCEPTED_VERIFIED,
xcf,src/python/xcf/xcf_parser.py,xcf_canvas_perimeter,function,src/python/xcf/xcf_parser.py,codec_io,,,,medium,partial,verify,not_started,ACCEPTED_VERIFIED,
xcf,src/python/xcf/xcf_parser.py,xcf_layer_density,function,src/python/xcf/xcf_parser.py,codec_io,,,,medium,partial,verify,not_started,ACCEPTED_VERIFIED,
xcf,src/python/xcf/xcf_parser.py,xcf_is_portrait,function,src/python/xcf/xcf_parser.py,codec_io,,,,medium,partial,verify,not_started,ACCEPTED_VERIFIED,
xcf,src/python/xcf/xcf_parser.py,xcf_file_size_kb,function,src/python/xcf/xcf_parser.py,codec_io,,,,medium,partial,verify,not_started,ACCEPTED_VERIFIED,
xcf,src/python/xcf/xcf_parser.py,xcf_has_single_layer,function,src/python/xcf/xcf_parser.py,codec_io,,,,medium,partial,verify,not_started,ACCEPTED_VERIFIED,
xcf,src/python/xcf/xcf_parser.py,xcf_aspect_ratio_string,function,src/python/xcf/xcf_parser.py,codec_io,,,,medium,partial,verify,not_started,ACCEPTED_VERIFIED,
xcf,src/python/xcf/xcf_parser.py,xcf_min_layer_area,function,src/python/xcf/xcf_parser.py,codec_io,,,,medium,partial,verify,not_started,ACCEPTED_VERIFIED,
xcf,src/python/xcf/xcf_parser.py,xcf_layer_width_sum,function,src/python/xcf/xcf_parser.py,codec_io,,,,medium,partial,verify,not_started,ACCEPTED_VERIFIED,
xcf,src/python/xcf/xcf_parser.py,xcf_perimeter_length,function,src/python/xcf/xcf_parser.py,codec_io,,,,medium,partial,verify,not_started,ACCEPTED_VERIFIED,
xcf,src/python/xcf/xcf_parser.py,xcf_max_side_length,function,src/python/xcf/xcf_parser.py,codec_io,,,,medium,partial,verify,not_started,ACCEPTED_VERIFIED,
xcf,src/python/xcf/xcf_parser.py,xcf_area_to_layer_ratio,function,src/python/xcf/xcf_parser.py,codec_io,,,,medium,partial,verify,not_started,ACCEPTED_VERIFIED,
xcf,src/python/xcf/xcf_parser.py,xcf_min_side_length,function,src/python/xcf/xcf_parser.py,codec_io,,,,medium,partial,verify,not_started,ACCEPTED_VERIFIED,
xcf,src/python/xcf/xcf_parser.py,xcf_canvas_half_perimeter,function,src/python/xcf/xcf_parser.py,codec_io,,,,medium,partial,verify,not_started,ACCEPTED_VERIFIED,
xcf,src/python/xcf/xcf_parser.py,xcf_layer_count_ratio,function,src/python/xcf/xcf_parser.py,codec_io,,,,medium,partial,verify,not_started,ACCEPTED_VERIFIED,
xcf,src/python/xcf/xcf_parser.py,xcf_width_height_sum,function,src/python/xcf/xcf_parser.py,codec_io,,,,medium,partial,verify,not_started,ACCEPTED_VERIFIED,
xcf,src/python/xcf/xcf_parser.py,xcf_canvas_diagonal,function,src/python/xcf/xcf_parser.py,codec_io,,,,medium,partial,verify,not_started,ACCEPTED_VERIFIED,
xcf,src/python/xcf/xcf_parser.py,xcf_height_squared,function,src/python/xcf/xcf_parser.py,codec_io,,,,medium,partial,verify,not_started,ACCEPTED_VERIFIED,
xcf,src/python/xcf/xcf_parser.py,xcf_width_squared,function,src/python/xcf/xcf_parser.py,codec_io,,,,medium,partial,verify,not_started,ACCEPTED_VERIFIED,
xcf,src/python/xcf/xcf_parser.py,xcf_layer_count_squared,function,src/python/xcf/xcf_parser.py,codec_io,,,,medium,partial,verify,not_started,ACCEPTED_VERIFIED,
xcf,src/python/xcf/xcf_parser.py,xcf_total_canvas_pixels,function,src/python/xcf/xcf_parser.py,codec_io,,,,medium,partial,verify,not_started,ACCEPTED_VERIFIED,
xcf,src/python/xcf/xcf_parser.py,xcf_layer_pixel_count,function,src/python/xcf/xcf_parser.py,codec_io,,,,medium,partial,verify,not_started,ACCEPTED_VERIFIED,
xcf,src/python/xcf/xcf_parser.py,xcf_total_pixel_count,function,src/python/xcf/xcf_parser.py,codec_io,,,,medium,partial,verify,not_started,ACCEPTED_VERIFIED,
xcf,src/python/xcf/xcf_parser.py,xcf_layer_name_list,function,src/python/xcf/xcf_parser.py,codec_io,,,,medium,partial,verify,not_started,ACCEPTED_VERIFIED,
xcf,src/python/xcf/xcf_parser.py,xcf_color_depth,function,src/python/xcf/xcf_parser.py,codec_io,,,,medium,partial,verify,not_started,ACCEPTED_VERIFIED,
xcf,src/python/xcf/xcf_parser.py,xcf_file_size_bytes,function,src/python/xcf/xcf_parser.py,codec_io,,,,medium,partial,verify,not_started,ACCEPTED_VERIFIED,
xcf,src/python/xcf/xcf_parser.py,xcf_is_rgb,function,src/python/xcf/xcf_parser.py,codec_io,,,,medium,partial,verify,not_started,ACCEPTED_VERIFIED,
xcf,src/python/xcf/xcf_parser.py,xcf_is_grayscale,function,src/python/xcf/xcf_parser.py,codec_io,,,,medium,partial,verify,not_started,ACCEPTED_VERIFIED,
xcf,src/python/xcf/xcf_parser.py,xcf_aspect_ratio,function,src/python/xcf/xcf_parser.py,codec_io,,,,medium,partial,verify,not_started,ACCEPTED_VERIFIED,
xcf,src/python/xcf/xcf_parser.py,xcf_max_layer_area,function,src/python/xcf/xcf_parser.py,codec_io,,,,medium,partial,verify,not_started,ACCEPTED_VERIFIED,
xcf,src/python/xcf/xcf_parser.py,xcf_is_color,function,src/python/xcf/xcf_parser.py,codec_io,,,,medium,partial,verify,not_started,ACCEPTED_VERIFIED,
xcf,src/python/xcf/xcf_parser.py,xcf_pixels_exceed_layers,function,src/python/xcf/xcf_parser.py,codec_io,,,,medium,partial,verify,not_started,ACCEPTED_VERIFIED,
xcf,src/python/xcf/xcf_parser.py,xcf_canvas_fill_ratio,function,src/python/xcf/xcf_parser.py,codec_io,,,,medium,partial,verify,not_started,ACCEPTED_VERIFIED,
xcf,src/python/xcf/xcf_parser.py,xcf_is_tiny,function,src/python/xcf/xcf_parser.py,codec_io,,,,medium,partial,verify,not_started,ACCEPTED_VERIFIED,
xcf,src/python/xcf/xcf_parser.py,xcf_avg_layer_area,function,src/python/xcf/xcf_parser.py,codec_io,,,,medium,partial,verify,not_started,ACCEPTED_VERIFIED,
xcf,src/python/xcf/xcf_parser.py,xcf_layer_name_count,function,src/python/xcf/xcf_parser.py,codec_io,,,,medium,partial,verify,not_started,ACCEPTED_VERIFIED,
xcf,src/python/xcf/xcf_parser.py,xcf_width_to_layer_ratio,function,src/python/xcf/xcf_parser.py,codec_io,,,,medium,partial,verify,not_started,ACCEPTED_VERIFIED,
xcf,src/python/xcf/xcf_parser.py,xcf_height_to_layer_ratio,function,src/python/xcf/xcf_parser.py,codec_io,,,,medium,partial,verify,not_started,ACCEPTED_VERIFIED,
xcf,src/python/xcf/xcf_parser.py,xcf_perimeter,function,src/python/xcf/xcf_parser.py,codec_io,,,,medium,partial,verify,not_started,ACCEPTED_VERIFIED,
xcf,src/python/xcf/xcf_parser.py,xcf_image_type_id,function,src/python/xcf/xcf_parser.py,codec_io,,,,medium,partial,verify,not_started,ACCEPTED_VERIFIED,
xcf,src/python/xcf/xcf_parser.py,xcf_layer_count_exceeds_one,function,src/python/xcf/xcf_parser.py,codec_io,,,,medium,partial,verify,not_started,ACCEPTED_VERIFIED,
xcf,src/python/xcf/xcf_parser.py,xcf_file_size_per_layer,function,src/python/xcf/xcf_parser.py,codec_io,,,,medium,partial,verify,not_started,ACCEPTED_VERIFIED,
xcf,src/python/xcf/xcf_parser.py,xcf_is_landscape,function,src/python/xcf/xcf_parser.py,codec_io,,,,medium,partial,verify,not_started,ACCEPTED_VERIFIED,
xcf,src/python/xcf/xcf_parser.py,xcf_pixel_count_per_layer,function,src/python/xcf/xcf_parser.py,codec_io,,,,medium,partial,verify,not_started,ACCEPTED_VERIFIED,
zst,src/python/zst/__init__.py,,,src/python/zst/__init__.py,codec_io,,,,low,unknown,no,not_needed,ACCEPTED_VERIFIED,
zst,src/python/zst/Compat/__init__.py,,,src/python/zst/Compat/__init__.py,facade_behavior,,,,low,unknown,no,not_needed,ACCEPTED_VERIFIED,
zst,src/python/zst/Compat/zst_block.py,ZstBlock,class,src/python/zst/Compat/zst_block.py,facade_behavior,,,,high,yes,no,complete,ACCEPTED_VERIFIED,
zst,src/python/zst/Compat/zst_frame.py,ZstFrame,class,src/python/zst/Compat/zst_frame.py,facade_behavior,,,,high,yes,no,complete,ACCEPTED_VERIFIED,
zst,src/python/zst/spec/__init__.py,,,src/python/zst/spec/__init__.py,spec_element_behavior,,,,low,unknown,no,complete,ACCEPTED_VERIFIED,TC-PH-012: spec class has behavioral methods (migrated 2026-06-22)
zst,src/python/zst/spec/frame/__init__.py,,,src/python/zst/spec/frame/__init__.py,spec_element_behavior,,,,low,unknown,no,complete,ACCEPTED_VERIFIED,TC-PH-012: spec class has behavioral methods (migrated 2026-06-22)
zst,src/python/zst/spec/frame/block.py,Block,class,src/python/zst/spec/frame/block.py,spec_element_behavior,,,,high,yes,no,complete,ACCEPTED_VERIFIED,
zst,src/python/zst/spec/frame/frame.py,Frame,class,src/python/zst/spec/frame/frame.py,spec_element_behavior,,,,high,yes,no,complete,ACCEPTED_VERIFIED,
zst,src/python/zst/zst_analytics.py,zst_compressed_size_minus_frame_count,function,src/python/zst/zst_analytics.py,utility_private,,,,medium,partial,verify,not_started,ACCEPTED_VERIFIED,
zst,src/python/zst/zst_analytics.py,zst_compressed_size_plus_frame_count,function,src/python/zst/zst_analytics.py,utility_private,,,,medium,partial,verify,not_started,ACCEPTED_VERIFIED,
zst,src/python/zst/zst_analytics.py,zst_overhead_ratio_exceeds_half,function,src/python/zst/zst_analytics.py,utility_private,,,,medium,partial,verify,not_started,ACCEPTED_VERIFIED,
zst,src/python/zst/zst_analytics.py,zst_size_exceeds_50,function,src/python/zst/zst_analytics.py,utility_private,,,,medium,partial,verify,not_started,ACCEPTED_VERIFIED,
zst,src/python/zst/zst_analytics.py,zst_compressed_size_plus_header_size,function,src/python/zst/zst_analytics.py,utility_private,,,,medium,partial,verify,not_started,ACCEPTED_VERIFIED,
zst,src/python/zst/zst_analytics.py,zst_compressed_size_exceeds_20,function,src/python/zst/zst_analytics.py,utility_private,,,,medium,partial,verify,not_started,ACCEPTED_VERIFIED,
zst,src/python/zst/zst_analytics.py,zst_compressed_size_minus_12,function,src/python/zst/zst_analytics.py,utility_private,,,,medium,partial,verify,not_started,ACCEPTED_VERIFIED,
zst,src/python/zst/zst_analytics.py,zst_compressed_size_exceeds_60,function,src/python/zst/zst_analytics.py,utility_private,,,,medium,partial,verify,not_started,ACCEPTED_VERIFIED,
zst,src/python/zst/zst_analytics.py,zst_compressed_size_plus_12,function,src/python/zst/zst_analytics.py,utility_private,,,,medium,partial,verify,not_started,ACCEPTED_VERIFIED,
zst,src/python/zst/zst_analytics.py,zst_compressed_size_exceeds_30,function,src/python/zst/zst_analytics.py,utility_private,,,,medium,partial,verify,not_started,ACCEPTED_VERIFIED,
zst,src/python/zst/zst_analytics.py,zst_decompressed_byte_sum,function,src/python/zst/zst_analytics.py,utility_private,,,,medium,partial,verify,not_started,ACCEPTED_VERIFIED,
zst,src/python/zst/zst_analytics.py,zst_compressed_to_decompressed_diff,function,src/python/zst/zst_analytics.py,utility_private,,,,medium,partial,verify,not_started,ACCEPTED_VERIFIED,
zst,src/python/zst/zst_analytics.py,zst_frame_count_exceeds_one,function,src/python/zst/zst_analytics.py,utility_private,,,,medium,partial,verify,not_started,ACCEPTED_VERIFIED,
zst,src/python/zst/zst_analytics.py,zst_max_byte_value,function,src/python/zst/zst_analytics.py,utility_private,,,,medium,partial,verify,not_started,ACCEPTED_VERIFIED,
zst,src/python/zst/zst_analytics.py,zst_min_byte_value,function,src/python/zst/zst_analytics.py,utility_private,,,,medium,partial,verify,not_started,ACCEPTED_VERIFIED,
zst,src/python/zst/zst_analytics.py,zst_decompressed_byte_range,function,src/python/zst/zst_analytics.py,utility_private,,,,medium,partial,verify,not_started,ACCEPTED_VERIFIED,
zst,src/python/zst/zst_analytics.py,zst_avg_decompressed_byte_value,function,src/python/zst/zst_analytics.py,utility_private,,,,medium,partial,verify,not_started,ACCEPTED_VERIFIED,
zst,src/python/zst/zst_analytics.py,zst_compressed_size_plus_24,function,src/python/zst/zst_analytics.py,utility_private,,,,medium,partial,verify,not_started,ACCEPTED_VERIFIED,
zst,src/python/zst/zst_analytics.py,zst_compressed_size_exceeds_10,function,src/python/zst/zst_analytics.py,utility_private,,,,medium,partial,verify,not_started,ACCEPTED_VERIFIED,
zst,src/python/zst/zst_analytics.py,zst_compressed_size_minus_24,function,src/python/zst/zst_analytics.py,utility_private,,,,medium,partial,verify,not_started,ACCEPTED_VERIFIED,
zst,src/python/zst/zst_analytics.py,zst_compressed_size_exceeds_40,function,src/python/zst/zst_analytics.py,utility_private,,,,medium,partial,verify,not_started,ACCEPTED_VERIFIED,
zst,src/python/zst/zst_analytics.py,zst_compressed_size_plus_36,function,src/python/zst/zst_analytics.py,utility_private,,,,medium,partial,verify,not_started,ACCEPTED_VERIFIED,
zst,src/python/zst/zst_analytics.py,zst_compressed_size_exceeds_70,function,src/python/zst/zst_analytics.py,utility_private,,,,medium,partial,verify,not_started,ACCEPTED_VERIFIED,
zst,src/python/zst/zst_analytics.py,zst_byte_sum_per_frame,function,src/python/zst/zst_analytics.py,utility_private,,,,medium,partial,verify,not_started,ACCEPTED_VERIFIED,
zst,src/python/zst/zst_analytics.py,zst_compressed_plus_decompressed_size,function,src/python/zst/zst_analytics.py,utility_private,,,,medium,partial,verify,not_started,ACCEPTED_VERIFIED,
zst,src/python/zst/zst_analytics.py,zst_compressed_size_minus_36,function,src/python/zst/zst_analytics.py,utility_private,,,,medium,partial,verify,not_started,ACCEPTED_VERIFIED,
zst,src/python/zst/zst_analytics.py,zst_compressed_size_exceeds_80,function,src/python/zst/zst_analytics.py,utility_private,,,,medium,partial,verify,not_started,ACCEPTED_VERIFIED,
zst,src/python/zst/zst_analytics.py,zst_byte_sum_minus_decompressed_size,function,src/python/zst/zst_analytics.py,utility_private,,,,medium,partial,verify,not_started,ACCEPTED_VERIFIED,
zst,src/python/zst/zst_analytics.py,zst_compressed_size_plus_frame_count,function,src/python/zst/zst_analytics.py,utility_private,,,,medium,partial,verify,not_started,ACCEPTED_VERIFIED,
zst,src/python/zst/zst_analytics.py,zst_max_byte_value_plus_min_byte_value,function,src/python/zst/zst_analytics.py,utility_private,,,,medium,partial,verify,not_started,ACCEPTED_VERIFIED,
zst,src/python/zst/zst_analytics.py,zst_compressed_size_minus_min_byte_value,function,src/python/zst/zst_analytics.py,utility_private,,,,medium,partial,verify,not_started,ACCEPTED_VERIFIED,
zst,src/python/zst/zst_analytics.py,zst_decompressed_size_times_compressed_size,function,src/python/zst/zst_analytics.py,utility_private,,,,medium,partial,verify,not_started,ACCEPTED_VERIFIED,
zst,src/python/zst/zst_analytics.py,zst_avg_byte_value_int,function,src/python/zst/zst_analytics.py,utility_private,,,,medium,partial,verify,not_started,ACCEPTED_VERIFIED,
zst,src/python/zst/zst_analytics.py,zst_max_byte_value_minus_avg_byte_value,function,src/python/zst/zst_analytics.py,utility_private,,,,medium,partial,verify,not_started,ACCEPTED_VERIFIED,
zst,src/python/zst/zst_analytics.py,zst_decompressed_size_plus_max_byte,function,src/python/zst/zst_analytics.py,utility_private,,,,medium,partial,verify,not_started,ACCEPTED_VERIFIED,
zst,src/python/zst/zst_analytics.py,zst_decompressed_exceeds_compressed,function,src/python/zst/zst_analytics.py,utility_private,,,,medium,partial,verify,not_started,ACCEPTED_VERIFIED,
zst,src/python/zst/zst_analytics.py,zst_decompressed_content_ratio,function,src/python/zst/zst_analytics.py,utility_private,,,,medium,partial,verify,not_started,ACCEPTED_VERIFIED,
zst,src/python/zst/zst_analytics.py,zst_compressed_size_times_avg_byte_value,function,src/python/zst/zst_analytics.py,utility_private,,,,medium,partial,verify,not_started,ACCEPTED_VERIFIED,
zst,src/python/zst/zst_analytics.py,zst_decompressed_size_div_compressed_size,function,src/python/zst/zst_analytics.py,utility_private,,,,medium,partial,verify,not_started,ACCEPTED_VERIFIED,
zst,src/python/zst/zst_analytics.py,zst_byte_sum_plus_compressed_size,function,src/python/zst/zst_analytics.py,utility_private,,,,medium,partial,verify,not_started,ACCEPTED_VERIFIED,
zst,src/python/zst/zst_analytics.py,zst_compressed_size_times_10,function,src/python/zst/zst_analytics.py,utility_private,,,,medium,partial,verify,not_started,ACCEPTED_VERIFIED,
zst,src/python/zst/zst_analytics.py,zst_byte_sum_div_100,function,src/python/zst/zst_analytics.py,utility_private,,,,medium,partial,verify,not_started,ACCEPTED_VERIFIED,
zst,src/python/zst/zst_analytics.py,zst_decompressed_size_plus_compressed_size_times_2,function,src/python/zst/zst_analytics.py,utility_private,,,,medium,partial,verify,not_started,ACCEPTED_VERIFIED,
zst,src/python/zst/zst_analytics.py,zst_max_byte_value_times_frame_count,function,src/python/zst/zst_analytics.py,utility_private,,,,medium,partial,verify,not_started,ACCEPTED_VERIFIED,
zst,src/python/zst/zst_analytics.py,zst_decompressed_size_minus_byte_sum_div_10,function,src/python/zst/zst_analytics.py,utility_private,,,,medium,partial,verify,not_started,ACCEPTED_VERIFIED,
zst,src/python/zst/zst_analytics.py,zst_compressed_size_minus_frame_count_times_5,function,src/python/zst/zst_analytics.py,utility_private,,,,medium,partial,verify,not_started,ACCEPTED_VERIFIED,
zst,src/python/zst/zst_analytics.py,zst_byte_sum_div_decompressed_size,function,src/python/zst/zst_analytics.py,utility_private,,,,medium,partial,verify,not_started,ACCEPTED_VERIFIED,
zst,src/python/zst/zst_analytics.py,zst_max_byte_value_plus_compressed_size,function,src/python/zst/zst_analytics.py,utility_private,,,,medium,partial,verify,not_started,ACCEPTED_VERIFIED,
zst,src/python/zst/zst_analytics.py,zst_decompressed_size_times_frame_count,function,src/python/zst/zst_analytics.py,utility_private,,,,medium,partial,verify,not_started,ACCEPTED_VERIFIED,
zst,src/python/zst/zst_analytics.py,zst_compressed_plus_decompressed_size_div_2,function,src/python/zst/zst_analytics.py,utility_private,,,,medium,partial,verify,not_started,ACCEPTED_VERIFIED,
zst,src/python/zst/zst_analytics.py,zst_byte_sum_minus_compressed_size,function,src/python/zst/zst_analytics.py,utility_private,,,,medium,partial,verify,not_started,ACCEPTED_VERIFIED,
zst,src/python/zst/zst_analytics.py,zst_max_byte_value_times_decompressed_size,function,src/python/zst/zst_analytics.py,utility_private,,,,medium,partial,verify,not_started,ACCEPTED_VERIFIED,
zst,src/python/zst/zst_analytics.py,zst_byte_sum_div_1000,function,src/python/zst/zst_analytics.py,utility_private,,,,medium,partial,verify,not_started,ACCEPTED_VERIFIED,
zst,src/python/zst/zst_analytics.py,zst_decompressed_size_minus_max_byte,function,src/python/zst/zst_analytics.py,utility_private,,,,medium,partial,verify,not_started,ACCEPTED_VERIFIED,
zst,src/python/zst/zst_analytics.py,zst_compressed_size_squared,function,src/python/zst/zst_analytics.py,utility_private,,,,medium,partial,verify,not_started,ACCEPTED_VERIFIED,
zst,src/python/zst/zst_analytics.py,zst_decompressed_size_times_100,function,src/python/zst/zst_analytics.py,utility_private,,,,medium,partial,verify,not_started,ACCEPTED_VERIFIED,
zst,src/python/zst/zst_analytics.py,zst_byte_sum_plus_compressed_size_times_2,function,src/python/zst/zst_analytics.py,utility_private,,,,medium,partial,verify,not_started,ACCEPTED_VERIFIED,
zst,src/python/zst/zst_analytics.py,zst_decompressed_size_times_10_plus_compressed_size,function,src/python/zst/zst_analytics.py,utility_private,,,,medium,partial,verify,not_started,ACCEPTED_VERIFIED,
zst,src/python/zst/zst_analytics.py,zst_byte_sum_div_compressed_size,function,src/python/zst/zst_analytics.py,utility_private,,,,medium,partial,verify,not_started,ACCEPTED_VERIFIED,
zst,src/python/zst/zst_analytics.py,zst_max_byte_times_compressed_size_div_100,function,src/python/zst/zst_analytics.py,utility_private,,,,medium,partial,verify,not_started,ACCEPTED_VERIFIED,
zst,src/python/zst/zst_analytics.py,zst_decompressed_plus_compressed_size_times_2,function,src/python/zst/zst_analytics.py,utility_private,,,,medium,partial,verify,not_started,ACCEPTED_VERIFIED,
zst,src/python/zst/zst_analytics.py,zst_decompressed_size_plus_max_byte_times_compressed_size_div_10,function,src/python/zst/zst_analytics.py,utility_private,,,,medium,partial,verify,not_started,ACCEPTED_VERIFIED,
zst,src/python/zst/zst_analytics.py,zst_compressed_size_times_10_plus_decompressed_size_div_10,function,src/python/zst/zst_analytics.py,utility_private,,,,medium,partial,verify,not_started,ACCEPTED_VERIFIED,
zst,src/python/zst/zst_analytics.py,zst_byte_sum_div_100_plus_compressed_size,function,src/python/zst/zst_analytics.py,utility_private,,,,medium,partial,verify,not_started,ACCEPTED_VERIFIED,
zst,src/python/zst/zst_analytics.py,zst_decompressed_size_times_compressed_size_div_1000,function,src/python/zst/zst_analytics.py,utility_private,,,,medium,partial,verify,not_started,ACCEPTED_VERIFIED,
zst,src/python/zst/zst_analytics.py,zst_compressed_size_per_frame,function,src/python/zst/zst_analytics.py,utility_private,,,,medium,partial,verify,not_started,ACCEPTED_VERIFIED,
zst,src/python/zst/zst_analytics.py,zst_min_byte_exceeds_zero,function,src/python/zst/zst_analytics.py,utility_private,,,,medium,partial,verify,not_started,ACCEPTED_VERIFIED,
zst,src/python/zst/zst_analytics.py,zst_header_size_plus_frame_count,function,src/python/zst/zst_analytics.py,utility_private,,,,medium,partial,verify,not_started,ACCEPTED_VERIFIED,
zst,src/python/zst/zst_analytics.py,zst_decompressed_size_squared,function,src/python/zst/zst_analytics.py,utility_private,,,,medium,partial,verify,not_started,ACCEPTED_VERIFIED,
zst,src/python/zst/zst_analytics.py,zst_byte_sum_plus_decompressed_size_times_100,function,src/python/zst/zst_analytics.py,utility_private,,,,medium,partial,verify,not_started,ACCEPTED_VERIFIED,
zst,src/python/zst/zst_analytics.py,zst_compressed_size_times_decompressed_size_div_100,function,src/python/zst/zst_analytics.py,utility_private,,,,medium,partial,verify,not_started,ACCEPTED_VERIFIED,
zst,src/python/zst/zst_analytics.py,zst_max_byte_plus_min_byte_times_compressed_size,function,src/python/zst/zst_analytics.py,utility_private,,,,medium,partial,verify,not_started,ACCEPTED_VERIFIED,
zst,src/python/zst/zst_analytics.py,zst_decompressed_size_div_10_plus_byte_sum_div_1000,function,src/python/zst/zst_analytics.py,utility_private,,,,medium,partial,verify,not_started,ACCEPTED_VERIFIED,
zst,src/python/zst/zst_analytics.py,zst_compressed_size_plus_max_byte_minus_min_byte,function,src/python/zst/zst_analytics.py,utility_private,,,,medium,partial,verify,not_started,ACCEPTED_VERIFIED,
zst,src/python/zst/zst_analytics.py,zst_byte_sum_div_decompressed_size,function,src/python/zst/zst_analytics.py,utility_private,,,,medium,partial,verify,not_started,ACCEPTED_VERIFIED,
zst,src/python/zst/zst_analytics.py,zst_frame_count_squared,function,src/python/zst/zst_analytics.py,utility_private,,,,medium,partial,verify,not_started,ACCEPTED_VERIFIED,
zst,src/python/zst/zst_analytics.py,zst_overhead_bytes_squared,function,src/python/zst/zst_analytics.py,utility_private,,,,medium,partial,verify,not_started,ACCEPTED_VERIFIED,
zst,src/python/zst/zst_analytics.py,zst_decompressed_size_mod_100_plus_max_byte,function,src/python/zst/zst_analytics.py,utility_private,,,,medium,partial,verify,not_started,ACCEPTED_VERIFIED,
zst,src/python/zst/zst_analytics.py,zst_compressed_size_div_5_plus_byte_sum_div_10000,function,src/python/zst/zst_analytics.py,utility_private,,,,medium,partial,verify,not_started,ACCEPTED_VERIFIED,
zst,src/python/zst/zst_analytics.py,zst_max_byte_times_10_plus_compressed_size_div_5,function,src/python/zst/zst_analytics.py,utility_private,,,,medium,partial,verify,not_started,ACCEPTED_VERIFIED,
zst,src/python/zst/zst_analytics.py,zst_byte_sum_mod_1000_plus_decompressed_size,function,src/python/zst/zst_analytics.py,utility_private,,,,medium,partial,verify,not_started,ACCEPTED_VERIFIED,
zst,src/python/zst/zst_analytics.py,zst_compressed_size_squared,function,src/python/zst/zst_analytics.py,utility_private,,,,medium,partial,verify,not_started,ACCEPTED_VERIFIED,
zst,src/python/zst/zst_analytics.py,zst_decompressed_plus_compressed,function,src/python/zst/zst_analytics.py,utility_private,,,,medium,partial,verify,not_started,ACCEPTED_VERIFIED,
zst,src/python/zst/zst_analytics.py,zst_decompressed_size_plus_max_byte_times_compressed_size_div_100,function,src/python/zst/zst_analytics.py,utility_private,,,,medium,partial,verify,not_started,ACCEPTED_VERIFIED,
zst,src/python/zst/zst_analytics.py,zst_byte_sum_mod_500_plus_compressed_size_times_2,function,src/python/zst/zst_analytics.py,utility_private,,,,medium,partial,verify,not_started,ACCEPTED_VERIFIED,
zst,src/python/zst/zst_analytics.py,zst_max_byte_times_decompressed_size_plus_compressed_size_div_10,function,src/python/zst/zst_analytics.py,utility_private,,,,medium,partial,verify,not_started,ACCEPTED_VERIFIED,
zst,src/python/zst/zst_analytics.py,zst_byte_sum_div_100_plus_max_byte_times_2_plus_compressed_size,function,src/python/zst/zst_analytics.py,utility_private,,,,medium,partial,verify,not_started,ACCEPTED_VERIFIED,
zst,src/python/zst/zst_analytics.py,zst_compressed_size_times_max_byte_plus_1_plus_min_byte_times_10,function,src/python/zst/zst_analytics.py,utility_private,,,,medium,partial,verify,not_started,ACCEPTED_VERIFIED,
zst,src/python/zst/zst_analytics.py,zst_decompressed_size_times_compressed_size_mod_10000_plus_max_byte,function,src/python/zst/zst_analytics.py,utility_private,,,,medium,partial,verify,not_started,ACCEPTED_VERIFIED,
zst,src/python/zst/zst_analytics.py,zst_byte_sum_div_compressed_size_plus_1_plus_compressed_size_div_10,function,src/python/zst/zst_analytics.py,utility_private,,,,medium,partial,verify,not_started,ACCEPTED_VERIFIED,
zst,src/python/zst/zst_analytics.py,zst_max_byte_times_min_byte_plus_compressed_size_times_10,function,src/python/zst/zst_analytics.py,utility_private,,,,medium,partial,verify,not_started,ACCEPTED_VERIFIED,
zst,src/python/zst/zst_analytics.py,zst_decompressed_size_plus_max_byte_times_compressed_size_div_100_plus_compressed_size_div_10,function,src/python/zst/zst_analytics.py,utility_private,,,,medium,partial,verify,not_started,ACCEPTED_VERIFIED,
zst,src/python/zst/zst_analytics.py,zst_byte_sum_div_1000_plus_min_byte_times_compressed_size_div_100_plus_decompressed_size,function,src/python/zst/zst_analytics.py,utility_private,,,,medium,partial,verify,not_started,ACCEPTED_VERIFIED,
zst,src/python/zst/zst_analytics.py,zst_decompressed_size_times_max_byte_plus_1_div_10_plus_compressed_size_mod_100,function,src/python/zst/zst_analytics.py,utility_private,,,,medium,partial,verify,not_started,ACCEPTED_VERIFIED,
zst,src/python/zst/zst_analytics.py,zst_byte_sum_mod_1000_plus_decompressed_size_times_2_plus_compressed_size_mod_50,function,src/python/zst/zst_analytics.py,utility_private,,,,medium,partial,verify,not_started,ACCEPTED_VERIFIED,
zst,src/python/zst/zst_analytics.py,zst_compressed_size_times_decompressed_size_div_1000_plus_max_byte_plus_1_mod_100,function,src/python/zst/zst_analytics.py,utility_private,,,,medium,partial,verify,not_started,ACCEPTED_VERIFIED,
zst,src/python/zst/zst_analytics.py,zst_byte_sum_div_10000_plus_decompressed_size_mod_100_plus_compressed_size_div_20,function,src/python/zst/zst_analytics.py,utility_private,,,,medium,partial,verify,not_started,ACCEPTED_VERIFIED,
zst,src/python/zst/zst_analytics.py,zst_frame_count_times_two,function,src/python/zst/zst_analytics.py,utility_private,,,,medium,partial,verify,not_started,ACCEPTED_VERIFIED,
zst,src/python/zst/zst_analytics.py,zst_header_size_squared,function,src/python/zst/zst_analytics.py,utility_private,,,,medium,partial,verify,not_started,ACCEPTED_VERIFIED,
zst,src/python/zst/zst_analytics.py,zst_decompressed_size_times_two,function,src/python/zst/zst_analytics.py,utility_private,,,,medium,partial,verify,not_started,ACCEPTED_VERIFIED,
zst,src/python/zst/zst_analytics.py,zst_min_byte_value_times_two,function,src/python/zst/zst_analytics.py,utility_private,,,,medium,partial,verify,not_started,ACCEPTED_VERIFIED,
zst,src/python/zst/zst_analytics.py,zst_frame_count_times_two,function,src/python/zst/zst_analytics.py,utility_private,,,,medium,partial,verify,not_started,ACCEPTED_VERIFIED,
zst,src/python/zst/zst_analytics.py,zst_max_byte_minus_min_byte_times_compressed_size_div_100_plus_decompressed_size,function,src/python/zst/zst_analytics.py,utility_private,,,,medium,partial,verify,not_started,ACCEPTED_VERIFIED,
zst,src/python/zst/zst_analytics.py,zst_byte_sum_div_500_plus_max_byte_times_min_byte_div_10_plus_compressed_size,function,src/python/zst/zst_analytics.py,utility_private,,,,medium,partial,verify,not_started,ACCEPTED_VERIFIED,
zst,src/python/zst/zst_analytics.py,zst_compressed_size_mod_100_plus_decompressed_size_mod_50_plus_max_byte_times_3,function,src/python/zst/zst_analytics.py,utility_private,,,,medium,partial,verify,not_started,ACCEPTED_VERIFIED,
zst,src/python/zst/zst_analytics.py,zst_byte_sum_div_1000_plus_compressed_size_times_decompressed_size_mod_1000,function,src/python/zst/zst_analytics.py,utility_private,,,,medium,partial,verify,not_started,ACCEPTED_VERIFIED,
zst,src/python/zst/zst_analytics.py,zst_max_byte_plus_1_times_compressed_size_mod_100_plus_decompressed_size_mod_200,function,src/python/zst/zst_analytics.py,utility_private,,,,medium,partial,verify,not_started,ACCEPTED_VERIFIED,
zst,src/python/zst/zst_analytics.py,zst_byte_sum_mod_500_plus_compressed_size_plus_max_byte_times_decompressed_size_div_100,function,src/python/zst/zst_analytics.py,utility_private,,,,medium,partial,verify,not_started,ACCEPTED_VERIFIED,
zst,src/python/zst/zst_analytics.py,zst_decompressed_size_mod_100_plus_compressed_size_mod_50_plus_max_byte_plus_1_times_10,function,src/python/zst/zst_analytics.py,utility_private,,,,medium,partial,verify,not_started,ACCEPTED_VERIFIED,
zst,src/python/zst/zst_analytics.py,zst_byte_sum_div_2000_plus_decompressed_size_mod_300_plus_compressed_size_times_3_mod_1000,function,src/python/zst/zst_analytics.py,utility_private,,,,medium,partial,verify,not_started,ACCEPTED_VERIFIED,
zst,src/python/zst/zst_analytics.py,zst_compressed_size_mod_7_times_100_plus_max_byte_times_decompressed_size_div_50_plus_10,function,src/python/zst/zst_analytics.py,utility_private,,,,medium,partial,verify,not_started,ACCEPTED_VERIFIED,
zst,src/python/zst/zst_analytics.py,zst_byte_sum_mod_1000_plus_decompressed_size_times_3_mod_500_plus_compressed_size_mod_100,function,src/python/zst/zst_analytics.py,utility_private,,,,medium,partial,verify,not_started,ACCEPTED_VERIFIED,
zst,src/python/zst/zst_analytics.py,zst_byte_count_squared,function,src/python/zst/zst_analytics.py,utility_private,,,,medium,partial,verify,not_started,ACCEPTED_VERIFIED,
zst,src/python/zst/zst_analytics.py,zst_max_byte_value_squared,function,src/python/zst/zst_analytics.py,utility_private,,,,medium,partial,verify,not_started,ACCEPTED_VERIFIED,
zst,src/python/zst/zst_analytics.py,zst_avg_byte_value_int_squared,function,src/python/zst/zst_analytics.py,utility_private,,,,medium,partial,verify,not_started,ACCEPTED_VERIFIED,
zst,src/python/zst/zst_analytics.py,zst_decompressed_byte_sum_mod_500_plus_compressed_size_times_3_plus_max_byte_times_100,function,src/python/zst/zst_analytics.py,utility_private,,,,medium,partial,verify,not_started,ACCEPTED_VERIFIED,
zst,src/python/zst/zst_analytics.py,zst_decompressed_size_mod_41_times_5_plus_byte_sum_mod_200_plus_compressed_size_times_7,function,src/python/zst/zst_analytics.py,utility_private,,,,medium,partial,verify,not_started,ACCEPTED_VERIFIED,
zst,src/python/zst/zst_analytics.py,zst_max_byte_times_decompressed_size_mod_300_plus_compressed_size_times_5_plus_byte_sum_mod_700,function,src/python/zst/zst_analytics.py,utility_private,,,,medium,partial,verify,not_started,ACCEPTED_VERIFIED,
zst,src/python/zst/zst_analytics.py,zst_compressed_size_mod_53_times_4_plus_max_byte_times_10_plus_decompressed_size_mod_100,function,src/python/zst/zst_analytics.py,utility_private,,,,medium,partial,verify,not_started,ACCEPTED_VERIFIED,
zst,src/python/zst/zst_analytics.py,zst_compressed_size_times_three,function,src/python/zst/zst_analytics.py,utility_private,,,,medium,partial,verify,not_started,ACCEPTED_VERIFIED,
zst,src/python/zst/zst_analytics.py,zst_frame_count_times_three,function,src/python/zst/zst_analytics.py,utility_private,,,,medium,partial,verify,not_started,ACCEPTED_VERIFIED,
zst,src/python/zst/zst_analytics.py,zst_decompressed_size_times_three,function,src/python/zst/zst_analytics.py,utility_private,,,,medium,partial,verify,not_started,ACCEPTED_VERIFIED,
zst,src/python/zst/zst_analytics.py,zst_file_size_times_three,function,src/python/zst/zst_analytics.py,utility_private,,,,medium,partial,verify,not_started,ACCEPTED_VERIFIED,
zst,src/python/zst/zst_analytics.py,zst_compressed_size_times_four,function,src/python/zst/zst_analytics.py,utility_private,,,,medium,partial,verify,not_started,ACCEPTED_VERIFIED,
zst,src/python/zst/zst_analytics.py,zst_frame_count_times_four,function,src/python/zst/zst_analytics.py,utility_private,,,,medium,partial,verify,not_started,ACCEPTED_VERIFIED,
zst,src/python/zst/zst_analytics.py,zst_file_size_times_four,function,src/python/zst/zst_analytics.py,utility_private,,,,medium,partial,verify,not_started,ACCEPTED_VERIFIED,
zst,src/python/zst/zst_analytics.py,zst_decompressed_size_times_four,function,src/python/zst/zst_analytics.py,utility_private,,,,medium,partial,verify,not_started,ACCEPTED_VERIFIED,
zst,src/python/zst/zst_analytics.py,zst_file_size_times_five,function,src/python/zst/zst_analytics.py,utility_private,,,,medium,partial,verify,not_started,ACCEPTED_VERIFIED,
zst,src/python/zst/zst_analytics.py,zst_decompressed_size_times_five,function,src/python/zst/zst_analytics.py,utility_private,,,,medium,partial,verify,not_started,ACCEPTED_VERIFIED,
zst,src/python/zst/zst_analytics.py,zst_file_size_times_six,function,src/python/zst/zst_analytics.py,utility_private,,,,medium,partial,verify,not_started,ACCEPTED_VERIFIED,
zst,src/python/zst/zst_analytics.py,zst_decompressed_size_times_six,function,src/python/zst/zst_analytics.py,utility_private,,,,medium,partial,verify,not_started,ACCEPTED_VERIFIED,
zst,src/python/zst/zst_analytics.py,zst_file_size_times_seven,function,src/python/zst/zst_analytics.py,utility_private,,,,medium,partial,verify,not_started,ACCEPTED_VERIFIED,
zst,src/python/zst/zst_analytics.py,zst_decompressed_size_times_seven,function,src/python/zst/zst_analytics.py,utility_private,,,,medium,partial,verify,not_started,ACCEPTED_VERIFIED,
zst,src/python/zst/zst_analytics.py,zst_file_size_times_eight,function,src/python/zst/zst_analytics.py,utility_private,,,,medium,partial,verify,not_started,ACCEPTED_VERIFIED,
zst,src/python/zst/zst_analytics.py,zst_decompressed_size_times_eight,function,src/python/zst/zst_analytics.py,utility_private,,,,medium,partial,verify,not_started,ACCEPTED_VERIFIED,
zst,src/python/zst/zst_analytics.py,zst_file_size_times_nine,function,src/python/zst/zst_analytics.py,utility_private,,,,medium,partial,verify,not_started,ACCEPTED_VERIFIED,
zst,src/python/zst/zst_analytics.py,zst_decompressed_size_times_nine,function,src/python/zst/zst_analytics.py,utility_private,,,,medium,partial,verify,not_started,ACCEPTED_VERIFIED,
zst,src/python/zst/zst_analytics.py,zst_file_size_bytes_times_ten,function,src/python/zst/zst_analytics.py,utility_private,,,,medium,partial,verify,not_started,ACCEPTED_VERIFIED,
zst,src/python/zst/zst_analytics.py,zst_decompressed_size_times_ten,function,src/python/zst/zst_analytics.py,utility_private,,,,medium,partial,verify,not_started,ACCEPTED_VERIFIED,
zst,src/python/zst/zst_analytics.py,zst_file_size_bytes_times_eleven,function,src/python/zst/zst_analytics.py,utility_private,,,,medium,partial,verify,not_started,ACCEPTED_VERIFIED,
zst,src/python/zst/zst_analytics.py,zst_decompressed_size_times_eleven,function,src/python/zst/zst_analytics.py,utility_private,,,,medium,partial,verify,not_started,ACCEPTED_VERIFIED,
zst,src/python/zst/zst_analytics.py,zst_file_size_bytes_times_twelve,function,src/python/zst/zst_analytics.py,utility_private,,,,medium,partial,verify,not_started,ACCEPTED_VERIFIED,
zst,src/python/zst/zst_analytics.py,zst_decompressed_size_times_twelve,function,src/python/zst/zst_analytics.py,utility_private,,,,medium,partial,verify,not_started,ACCEPTED_VERIFIED,
zst,src/python/zst/zst_analytics.py,zst_file_size_bytes_times_thirteen,function,src/python/zst/zst_analytics.py,utility_private,,,,medium,partial,verify,not_started,ACCEPTED_VERIFIED,
zst,src/python/zst/zst_analytics.py,zst_decompressed_size_times_thirteen,function,src/python/zst/zst_analytics.py,utility_private,,,,medium,partial,verify,not_started,ACCEPTED_VERIFIED,
zst,src/python/zst/zst_analytics.py,zst_file_size_bytes_times_fourteen,function,src/python/zst/zst_analytics.py,utility_private,,,,medium,partial,verify,not_started,ACCEPTED_VERIFIED,
zst,src/python/zst/zst_analytics.py,zst_decompressed_size_times_fourteen,function,src/python/zst/zst_analytics.py,utility_private,,,,medium,partial,verify,not_started,ACCEPTED_VERIFIED,
zst,src/python/zst/zst_analytics.py,zst_file_size_bytes_times_fifteen,function,src/python/zst/zst_analytics.py,utility_private,,,,medium,partial,verify,not_started,ACCEPTED_VERIFIED,
zst,src/python/zst/zst_analytics.py,zst_decompressed_size_times_fifteen,function,src/python/zst/zst_analytics.py,utility_private,,,,medium,partial,verify,not_started,ACCEPTED_VERIFIED,
zst,src/python/zst/zst_analytics.py,zst_file_size_bytes_times_sixteen,function,src/python/zst/zst_analytics.py,utility_private,,,,medium,partial,verify,not_started,ACCEPTED_VERIFIED,
zst,src/python/zst/zst_analytics.py,zst_decompressed_size_times_sixteen,function,src/python/zst/zst_analytics.py,utility_private,,,,medium,partial,verify,not_started,ACCEPTED_VERIFIED,
zst,src/python/zst/zst_analytics.py,zst_file_size_bytes_times_seventeen,function,src/python/zst/zst_analytics.py,utility_private,,,,medium,partial,verify,not_started,ACCEPTED_VERIFIED,
zst,src/python/zst/zst_analytics.py,zst_decompressed_size_times_seventeen,function,src/python/zst/zst_analytics.py,utility_private,,,,medium,partial,verify,not_started,ACCEPTED_VERIFIED,
zst,src/python/zst/zst_analytics.py,zst_file_size_bytes_times_eighteen,function,src/python/zst/zst_analytics.py,utility_private,,,,medium,partial,verify,not_started,ACCEPTED_VERIFIED,
zst,src/python/zst/zst_analytics.py,zst_decompressed_size_times_eighteen,function,src/python/zst/zst_analytics.py,utility_private,,,,medium,partial,verify,not_started,ACCEPTED_VERIFIED,
zst,src/python/zst/zst_analytics.py,zst_file_size_bytes_times_nineteen,function,src/python/zst/zst_analytics.py,utility_private,,,,medium,partial,verify,not_started,ACCEPTED_VERIFIED,
zst,src/python/zst/zst_analytics.py,zst_decompressed_size_times_nineteen,function,src/python/zst/zst_analytics.py,utility_private,,,,medium,partial,verify,not_started,ACCEPTED_VERIFIED,
zst,src/python/zst/zst_analytics.py,zst_file_size_bytes_times_twenty,function,src/python/zst/zst_analytics.py,utility_private,,,,medium,partial,verify,not_started,ACCEPTED_VERIFIED,
zst,src/python/zst/zst_analytics.py,zst_decompressed_size_times_twenty,function,src/python/zst/zst_analytics.py,utility_private,,,,medium,partial,verify,not_started,ACCEPTED_VERIFIED,
zst,src/python/zst/zst_analytics.py,zst_file_size_bytes_times_twenty_one,function,src/python/zst/zst_analytics.py,utility_private,,,,medium,partial,verify,not_started,ACCEPTED_VERIFIED,
zst,src/python/zst/zst_analytics.py,zst_decompressed_size_times_twenty_one,function,src/python/zst/zst_analytics.py,utility_private,,,,medium,partial,verify,not_started,ACCEPTED_VERIFIED,
zst,src/python/zst/zst_analytics.py,zst_file_size_bytes_times_twenty_two,function,src/python/zst/zst_analytics.py,utility_private,,,,medium,partial,verify,not_started,ACCEPTED_VERIFIED,
zst,src/python/zst/zst_analytics.py,zst_decompressed_size_times_twenty_two,function,src/python/zst/zst_analytics.py,utility_private,,,,medium,partial,verify,not_started,ACCEPTED_VERIFIED,
zst,src/python/zst/zst_analytics.py,zst_file_size_bytes_times_twenty_three,function,src/python/zst/zst_analytics.py,utility_private,,,,medium,partial,verify,not_started,ACCEPTED_VERIFIED,
zst,src/python/zst/zst_analytics.py,zst_decompressed_size_times_twenty_three,function,src/python/zst/zst_analytics.py,utility_private,,,,medium,partial,verify,not_started,ACCEPTED_VERIFIED,
zst,src/python/zst/zst_analytics.py,zst_file_size_bytes_times_twenty_four,function,src/python/zst/zst_analytics.py,utility_private,,,,medium,partial,verify,not_started,ACCEPTED_VERIFIED,
zst,src/python/zst/zst_analytics.py,zst_decompressed_size_times_twenty_four,function,src/python/zst/zst_analytics.py,utility_private,,,,medium,partial,verify,not_started,ACCEPTED_VERIFIED,
zst,src/python/zst/zst_analytics.py,zst_file_size_bytes_times_twenty_five,function,src/python/zst/zst_analytics.py,utility_private,,,,medium,partial,verify,not_started,ACCEPTED_VERIFIED,
zst,src/python/zst/zst_analytics.py,zst_decompressed_size_times_twenty_five,function,src/python/zst/zst_analytics.py,utility_private,,,,medium,partial,verify,not_started,ACCEPTED_VERIFIED,
zst,src/python/zst/zst_analytics.py,zst_file_size_bytes_times_twenty_six,function,src/python/zst/zst_analytics.py,utility_private,,,,medium,partial,verify,not_started,ACCEPTED_VERIFIED,
zst,src/python/zst/zst_analytics.py,zst_decompressed_size_times_twenty_six,function,src/python/zst/zst_analytics.py,utility_private,,,,medium,partial,verify,not_started,ACCEPTED_VERIFIED,
zst,src/python/zst/zst_analytics.py,zst_file_size_bytes_times_twenty_seven,function,src/python/zst/zst_analytics.py,utility_private,,,,medium,partial,verify,not_started,ACCEPTED_VERIFIED,
zst,src/python/zst/zst_analytics.py,zst_decompressed_size_times_twenty_seven,function,src/python/zst/zst_analytics.py,utility_private,,,,medium,partial,verify,not_started,ACCEPTED_VERIFIED,
zst,src/python/zst/zst_analytics.py,zst_file_size_bytes_times_twenty_eight,function,src/python/zst/zst_analytics.py,utility_private,,,,medium,partial,verify,not_started,ACCEPTED_VERIFIED,
zst,src/python/zst/zst_analytics.py,zst_decompressed_size_times_twenty_eight,function,src/python/zst/zst_analytics.py,utility_private,,,,medium,partial,verify,not_started,ACCEPTED_VERIFIED,
zst,src/python/zst/zst_analytics.py,zst_file_size_bytes_times_twenty_nine,function,src/python/zst/zst_analytics.py,utility_private,,,,medium,partial,verify,not_started,ACCEPTED_VERIFIED,
zst,src/python/zst/zst_analytics.py,zst_decompressed_size_times_twenty_nine,function,src/python/zst/zst_analytics.py,utility_private,,,,medium,partial,verify,not_started,ACCEPTED_VERIFIED,
zst,src/python/zst/zst_analytics.py,zst_file_size_bytes_times_thirty,function,src/python/zst/zst_analytics.py,utility_private,,,,medium,partial,verify,not_started,ACCEPTED_VERIFIED,
zst,src/python/zst/zst_analytics.py,zst_decompressed_size_times_thirty,function,src/python/zst/zst_analytics.py,utility_private,,,,medium,partial,verify,not_started,ACCEPTED_VERIFIED,
zst,src/python/zst/zst_analytics.py,zst_file_size_bytes_times_thirty_one,function,src/python/zst/zst_analytics.py,utility_private,,,,medium,partial,verify,not_started,ACCEPTED_VERIFIED,
zst,src/python/zst/zst_analytics.py,zst_decompressed_size_times_thirty_one,function,src/python/zst/zst_analytics.py,utility_private,,,,medium,partial,verify,not_started,ACCEPTED_VERIFIED,
zst,src/python/zst/zst_analytics.py,zst_file_size_bytes_times_thirty_two,function,src/python/zst/zst_analytics.py,utility_private,,,,medium,partial,verify,not_started,ACCEPTED_VERIFIED,
zst,src/python/zst/zst_analytics.py,zst_decompressed_size_times_thirty_two,function,src/python/zst/zst_analytics.py,utility_private,,,,medium,partial,verify,not_started,ACCEPTED_VERIFIED,
zst,src/python/zst/zst_analytics.py,zst_file_size_bytes_times_thirty_three,function,src/python/zst/zst_analytics.py,utility_private,,,,medium,partial,verify,not_started,ACCEPTED_VERIFIED,
zst,src/python/zst/zst_analytics.py,zst_decompressed_size_times_thirty_three,function,src/python/zst/zst_analytics.py,utility_private,,,,medium,partial,verify,not_started,ACCEPTED_VERIFIED,
zst,src/python/zst/zst_analytics.py,zst_file_size_bytes_times_thirty_four,function,src/python/zst/zst_analytics.py,utility_private,,,,medium,partial,verify,not_started,ACCEPTED_VERIFIED,
zst,src/python/zst/zst_analytics.py,zst_decompressed_size_times_thirty_four,function,src/python/zst/zst_analytics.py,utility_private,,,,medium,partial,verify,not_started,ACCEPTED_VERIFIED,
zst,src/python/zst/zst_analytics.py,zst_file_size_bytes_times_thirty_five,function,src/python/zst/zst_analytics.py,utility_private,,,,medium,partial,verify,not_started,ACCEPTED_VERIFIED,
zst,src/python/zst/zst_analytics.py,zst_decompressed_size_times_thirty_five,function,src/python/zst/zst_analytics.py,utility_private,,,,medium,partial,verify,not_started,ACCEPTED_VERIFIED,
zst,src/python/zst/zst_analytics.py,zst_file_size_bytes_times_thirty_six,function,src/python/zst/zst_analytics.py,utility_private,,,,medium,partial,verify,not_started,ACCEPTED_VERIFIED,
zst,src/python/zst/zst_analytics.py,zst_decompressed_size_times_thirty_six,function,src/python/zst/zst_analytics.py,utility_private,,,,medium,partial,verify,not_started,ACCEPTED_VERIFIED,
zst,src/python/zst/zst_analytics.py,zst_file_size_bytes_times_thirty_seven,function,src/python/zst/zst_analytics.py,utility_private,,,,medium,partial,verify,not_started,ACCEPTED_VERIFIED,
zst,src/python/zst/zst_analytics.py,zst_decompressed_size_times_thirty_seven,function,src/python/zst/zst_analytics.py,utility_private,,,,medium,partial,verify,not_started,ACCEPTED_VERIFIED,
zst,src/python/zst/zst_analytics.py,zst_file_size_bytes_times_thirty_eight,function,src/python/zst/zst_analytics.py,utility_private,,,,medium,partial,verify,not_started,ACCEPTED_VERIFIED,
zst,src/python/zst/zst_analytics.py,zst_decompressed_size_times_thirty_eight,function,src/python/zst/zst_analytics.py,utility_private,,,,medium,partial,verify,not_started,ACCEPTED_VERIFIED,
zst,src/python/zst/zst_analytics.py,zst_file_size_bytes_times_thirty_nine,function,src/python/zst/zst_analytics.py,utility_private,,,,medium,partial,verify,not_started,ACCEPTED_VERIFIED,
zst,src/python/zst/zst_analytics.py,zst_decompressed_size_times_thirty_nine,function,src/python/zst/zst_analytics.py,utility_private,,,,medium,partial,verify,not_started,ACCEPTED_VERIFIED,
zst,src/python/zst/zst_analytics.py,zst_file_size_bytes_times_forty,function,src/python/zst/zst_analytics.py,utility_private,,,,medium,partial,verify,not_started,ACCEPTED_VERIFIED,
zst,src/python/zst/zst_analytics.py,zst_decompressed_size_times_forty,function,src/python/zst/zst_analytics.py,utility_private,,,,medium,partial,verify,not_started,ACCEPTED_VERIFIED,
zst,src/python/zst/zst_analytics.py,zst_file_size_bytes_times_forty_one,function,src/python/zst/zst_analytics.py,utility_private,,,,medium,partial,verify,not_started,ACCEPTED_VERIFIED,
zst,src/python/zst/zst_analytics.py,zst_decompressed_size_times_forty_one,function,src/python/zst/zst_analytics.py,utility_private,,,,medium,partial,verify,not_started,ACCEPTED_VERIFIED,
zst,src/python/zst/zst_analytics.py,zst_file_size_bytes_times_forty_two,function,src/python/zst/zst_analytics.py,utility_private,,,,medium,partial,verify,not_started,ACCEPTED_VERIFIED,
zst,src/python/zst/zst_analytics.py,zst_decompressed_size_times_forty_two,function,src/python/zst/zst_analytics.py,utility_private,,,,medium,partial,verify,not_started,ACCEPTED_VERIFIED,
zst,src/python/zst/zst_analytics.py,zst_file_size_bytes_times_forty_three,function,src/python/zst/zst_analytics.py,utility_private,,,,medium,partial,verify,not_started,ACCEPTED_VERIFIED,
zst,src/python/zst/zst_analytics.py,zst_decompressed_size_times_forty_three,function,src/python/zst/zst_analytics.py,utility_private,,,,medium,partial,verify,not_started,ACCEPTED_VERIFIED,
zst,src/python/zst/zst_analytics.py,zst_file_size_bytes_times_forty_four,function,src/python/zst/zst_analytics.py,utility_private,,,,medium,partial,verify,not_started,ACCEPTED_VERIFIED,
zst,src/python/zst/zst_analytics.py,zst_decompressed_size_times_forty_four,function,src/python/zst/zst_analytics.py,utility_private,,,,medium,partial,verify,not_started,ACCEPTED_VERIFIED,
zst,src/python/zst/zst_analytics.py,zst_decompressed_per_compressed,function,src/python/zst/zst_analytics.py,utility_private,,,,medium,partial,verify,not_started,ACCEPTED_VERIFIED,
zst,src/python/zst/zst_analytics.py,zst_is_highly_compressible,function,src/python/zst/zst_analytics.py,utility_private,,,,medium,partial,verify,not_started,ACCEPTED_VERIFIED,
zst,src/python/zst/zst_analytics.py,zst_file_size_bytes_times_forty_five,function,src/python/zst/zst_analytics.py,utility_private,,,,medium,partial,verify,not_started,ACCEPTED_VERIFIED,
zst,src/python/zst/zst_analytics.py,zst_decompressed_size_times_forty_five,function,src/python/zst/zst_analytics.py,utility_private,,,,medium,partial,verify,not_started,ACCEPTED_VERIFIED,
zst,src/python/zst/zst_analytics.py,zst_file_size_bytes_times_forty_six,function,src/python/zst/zst_analytics.py,utility_private,,,,medium,partial,verify,not_started,ACCEPTED_VERIFIED,
zst,src/python/zst/zst_analytics.py,zst_decompressed_size_times_forty_six,function,src/python/zst/zst_analytics.py,utility_private,,,,medium,partial,verify,not_started,ACCEPTED_VERIFIED,
zst,src/python/zst/zst_analytics.py,zst_file_size_bytes_times_forty_seven,function,src/python/zst/zst_analytics.py,utility_private,,,,medium,partial,verify,not_started,ACCEPTED_VERIFIED,
zst,src/python/zst/zst_analytics.py,zst_decompressed_size_times_forty_seven,function,src/python/zst/zst_analytics.py,utility_private,,,,medium,partial,verify,not_started,ACCEPTED_VERIFIED,
zst,src/python/zst/zst_analytics.py,zst_file_size_bytes_times_forty_eight,function,src/python/zst/zst_analytics.py,utility_private,,,,medium,partial,verify,not_started,ACCEPTED_VERIFIED,
zst,src/python/zst/zst_analytics.py,zst_decompressed_size_times_forty_eight,function,src/python/zst/zst_analytics.py,utility_private,,,,medium,partial,verify,not_started,ACCEPTED_VERIFIED,
zst,src/python/zst/zst_analytics.py,zst_file_size_bytes_times_forty_nine,function,src/python/zst/zst_analytics.py,utility_private,,,,medium,partial,verify,not_started,ACCEPTED_VERIFIED,
zst,src/python/zst/zst_analytics.py,zst_decompressed_size_times_forty_nine,function,src/python/zst/zst_analytics.py,utility_private,,,,medium,partial,verify,not_started,ACCEPTED_VERIFIED,
zst,src/python/zst/zst_analytics.py,zst_file_size_bytes_times_fifty,function,src/python/zst/zst_analytics.py,utility_private,,,,medium,partial,verify,not_started,ACCEPTED_VERIFIED,
zst,src/python/zst/zst_analytics.py,zst_decompressed_size_times_fifty,function,src/python/zst/zst_analytics.py,utility_private,,,,medium,partial,verify,not_started,ACCEPTED_VERIFIED,
zst,src/python/zst/zst_analytics.py,zst_file_size_bytes_times_fifty_one,function,src/python/zst/zst_analytics.py,utility_private,,,,medium,partial,verify,not_started,ACCEPTED_VERIFIED,
zst,src/python/zst/zst_analytics.py,zst_decompressed_size_times_fifty_one,function,src/python/zst/zst_analytics.py,utility_private,,,,medium,partial,verify,not_started,ACCEPTED_VERIFIED,
zst,src/python/zst/zst_analytics.py,zst_file_size_bytes_times_fifty_two,function,src/python/zst/zst_analytics.py,utility_private,,,,medium,partial,verify,not_started,ACCEPTED_VERIFIED,
zst,src/python/zst/zst_analytics.py,zst_decompressed_size_times_fifty_two,function,src/python/zst/zst_analytics.py,utility_private,,,,medium,partial,verify,not_started,ACCEPTED_VERIFIED,
zst,src/python/zst/zst_analytics.py,zst_file_size_bytes_times_fifty_three,function,src/python/zst/zst_analytics.py,utility_private,,,,medium,partial,verify,not_started,ACCEPTED_VERIFIED,
zst,src/python/zst/zst_analytics.py,zst_decompressed_size_times_fifty_three,function,src/python/zst/zst_analytics.py,utility_private,,,,medium,partial,verify,not_started,ACCEPTED_VERIFIED,
zst,src/python/zst/zst_analytics.py,zst_compression_saving_percentage,function,src/python/zst/zst_analytics.py,utility_private,,,,medium,partial,verify,not_started,ACCEPTED_VERIFIED,
zst,src/python/zst/zst_analytics.py,zst_is_empty_decompressed,function,src/python/zst/zst_analytics.py,utility_private,,,,medium,partial,verify,not_started,ACCEPTED_VERIFIED,
zst,src/python/zst/zst_analytics.py,zst_file_size_bytes_times_fifty_four,function,src/python/zst/zst_analytics.py,utility_private,,,,medium,partial,verify,not_started,ACCEPTED_VERIFIED,
zst,src/python/zst/zst_analytics.py,zst_decompressed_size_times_fifty_four,function,src/python/zst/zst_analytics.py,utility_private,,,,medium,partial,verify,not_started,ACCEPTED_VERIFIED,
zst,src/python/zst/zst_analytics.py,zst_file_size_bytes_times_fifty_five,function,src/python/zst/zst_analytics.py,utility_private,,,,medium,partial,verify,not_started,ACCEPTED_VERIFIED,
zst,src/python/zst/zst_analytics.py,zst_decompressed_size_times_fifty_five,function,src/python/zst/zst_analytics.py,utility_private,,,,medium,partial,verify,not_started,ACCEPTED_VERIFIED,
zst,src/python/zst/zst_analytics.py,zst_file_size_bytes_times_fifty_six,function,src/python/zst/zst_analytics.py,utility_private,,,,medium,partial,verify,not_started,ACCEPTED_VERIFIED,
zst,src/python/zst/zst_analytics.py,zst_decompressed_size_times_fifty_six,function,src/python/zst/zst_analytics.py,utility_private,,,,medium,partial,verify,not_started,ACCEPTED_VERIFIED,
zst,src/python/zst/zst_analytics.py,zst_file_size_bytes_times_fifty_seven,function,src/python/zst/zst_analytics.py,utility_private,,,,medium,partial,verify,not_started,ACCEPTED_VERIFIED,
zst,src/python/zst/zst_analytics.py,zst_decompressed_size_times_fifty_seven,function,src/python/zst/zst_analytics.py,utility_private,,,,medium,partial,verify,not_started,ACCEPTED_VERIFIED,
zst,src/python/zst/zst_analytics.py,zst_file_size_bytes_times_fifty_eight,function,src/python/zst/zst_analytics.py,utility_private,,,,medium,partial,verify,not_started,ACCEPTED_VERIFIED,
zst,src/python/zst/zst_analytics.py,zst_decompressed_size_times_fifty_eight,function,src/python/zst/zst_analytics.py,utility_private,,,,medium,partial,verify,not_started,ACCEPTED_VERIFIED,
zst,src/python/zst/zst_analytics.py,zst_file_size_bytes_times_fifty_nine,function,src/python/zst/zst_analytics.py,utility_private,,,,medium,partial,verify,not_started,ACCEPTED_VERIFIED,
zst,src/python/zst/zst_analytics.py,zst_decompressed_size_times_fifty_nine,function,src/python/zst/zst_analytics.py,utility_private,,,,medium,partial,verify,not_started,ACCEPTED_VERIFIED,
zst,src/python/zst/zst_analytics.py,zst_file_size_bytes_times_sixty,function,src/python/zst/zst_analytics.py,utility_private,,,,medium,partial,verify,not_started,ACCEPTED_VERIFIED,
zst,src/python/zst/zst_analytics.py,zst_decompressed_size_times_sixty,function,src/python/zst/zst_analytics.py,utility_private,,,,medium,partial,verify,not_started,ACCEPTED_VERIFIED,
zst,src/python/zst/zst_analytics.py,zst_file_size_bytes_times_sixty_one,function,src/python/zst/zst_analytics.py,utility_private,,,,medium,partial,verify,not_started,ACCEPTED_VERIFIED,
zst,src/python/zst/zst_analytics.py,zst_decompressed_size_times_sixty_one,function,src/python/zst/zst_analytics.py,utility_private,,,,medium,partial,verify,not_started,ACCEPTED_VERIFIED,
zst,src/python/zst/zst_analytics.py,zst_file_size_bytes_times_sixty_two,function,src/python/zst/zst_analytics.py,utility_private,,,,medium,partial,verify,not_started,ACCEPTED_VERIFIED,
zst,src/python/zst/zst_analytics.py,zst_decompressed_size_times_sixty_two,function,src/python/zst/zst_analytics.py,utility_private,,,,medium,partial,verify,not_started,ACCEPTED_VERIFIED,
zst,src/python/zst/zst_analytics.py,zst_file_size_bytes_times_sixty_three,function,src/python/zst/zst_analytics.py,utility_private,,,,medium,partial,verify,not_started,ACCEPTED_VERIFIED,
zst,src/python/zst/zst_analytics.py,zst_decompressed_size_times_sixty_three,function,src/python/zst/zst_analytics.py,utility_private,,,,medium,partial,verify,not_started,ACCEPTED_VERIFIED,
zst,src/python/zst/zst_analytics.py,zst_file_size_bytes_times_sixty_four,function,src/python/zst/zst_analytics.py,utility_private,,,,medium,partial,verify,not_started,ACCEPTED_VERIFIED,
zst,src/python/zst/zst_analytics.py,zst_decompressed_size_times_sixty_four,function,src/python/zst/zst_analytics.py,utility_private,,,,medium,partial,verify,not_started,ACCEPTED_VERIFIED,
zst,src/python/zst/zst_analytics.py,zst_bytes_per_decompressed_byte,function,src/python/zst/zst_analytics.py,utility_private,,,,medium,partial,verify,not_started,ACCEPTED_VERIFIED,
zst,src/python/zst/zst_analytics.py,zst_is_trivial_compression,function,src/python/zst/zst_analytics.py,utility_private,,,,medium,partial,verify,not_started,ACCEPTED_VERIFIED,
zst,src/python/zst/zst_analytics.py,zst_file_size_bytes_times_sixty_five,function,src/python/zst/zst_analytics.py,utility_private,,,,medium,partial,verify,not_started,ACCEPTED_VERIFIED,
zst,src/python/zst/zst_analytics.py,zst_decompressed_size_times_sixty_five,function,src/python/zst/zst_analytics.py,utility_private,,,,medium,partial,verify,not_started,ACCEPTED_VERIFIED,
zst,src/python/zst/zst_analytics.py,zst_file_size_bytes_times_sixty_six,function,src/python/zst/zst_analytics.py,utility_private,,,,medium,partial,verify,not_started,ACCEPTED_VERIFIED,
zst,src/python/zst/zst_analytics.py,zst_decompressed_size_times_sixty_six,function,src/python/zst/zst_analytics.py,utility_private,,,,medium,partial,verify,not_started,ACCEPTED_VERIFIED,
zst,src/python/zst/zst_analytics.py,zst_file_size_bytes_times_sixty_seven,function,src/python/zst/zst_analytics.py,utility_private,,,,medium,partial,verify,not_started,ACCEPTED_VERIFIED,
zst,src/python/zst/zst_analytics.py,zst_decompressed_size_times_sixty_seven,function,src/python/zst/zst_analytics.py,utility_private,,,,medium,partial,verify,not_started,ACCEPTED_VERIFIED,
zst,src/python/zst/zst_analytics.py,zst_file_size_bytes_times_sixty_eight,function,src/python/zst/zst_analytics.py,utility_private,,,,medium,partial,verify,not_started,ACCEPTED_VERIFIED,
zst,src/python/zst/zst_analytics.py,zst_decompressed_size_times_sixty_eight,function,src/python/zst/zst_analytics.py,utility_private,,,,medium,partial,verify,not_started,ACCEPTED_VERIFIED,
zst,src/python/zst/zst_analytics.py,zst_byte_sum_mod_700_plus_compressed_size_times_2_plus_max_byte_times_decompressed_size_div_200,function,src/python/zst/zst_analytics.py,utility_private,,,,medium,partial,verify,not_started,ACCEPTED_VERIFIED,
zst,src/python/zst/zst_analytics.py,zst_decompressed_size_mod_150_plus_compressed_size_mod_80_plus_max_byte_plus_1_times_15,function,src/python/zst/zst_analytics.py,utility_private,,,,medium,partial,verify,not_started,ACCEPTED_VERIFIED,
zst,src/python/zst/zst_analytics.py,zst_file_size_bytes_times_sixty_nine,function,src/python/zst/zst_analytics.py,utility_private,,,,medium,partial,verify,not_started,ACCEPTED_VERIFIED,
zst,src/python/zst/zst_analytics.py,zst_decompressed_size_times_sixty_nine,function,src/python/zst/zst_analytics.py,utility_private,,,,medium,partial,verify,not_started,ACCEPTED_VERIFIED,
zst,src/python/zst/zst_analytics.py,zst_compressed_size_squared_plus_decompressed_size_mod_300_plus_max_byte_value_times_10,function,src/python/zst/zst_analytics.py,utility_private,,,,medium,partial,verify,not_started,ACCEPTED_VERIFIED,
zst,src/python/zst/zst_analytics.py,zst_frame_count_times_1000_plus_compressed_size_mod_500_plus_decompressed_size_div_100,function,src/python/zst/zst_analytics.py,utility_private,,,,medium,partial,verify,not_started,ACCEPTED_VERIFIED,
zst,src/python/zst/zst_analytics.py,zst_file_size_bytes_times_seventy,function,src/python/zst/zst_analytics.py,utility_private,,,,medium,partial,verify,not_started,ACCEPTED_VERIFIED,
zst,src/python/zst/zst_analytics.py,zst_decompressed_size_times_seventy,function,src/python/zst/zst_analytics.py,utility_private,,,,medium,partial,verify,not_started,ACCEPTED_VERIFIED,
zst,src/python/zst/zst_analytics.py,zst_file_size_bytes_times_seventy_one,function,src/python/zst/zst_analytics.py,utility_private,,,,medium,partial,verify,not_started,ACCEPTED_VERIFIED,
zst,src/python/zst/zst_analytics.py,zst_decompressed_size_times_seventy_one,function,src/python/zst/zst_analytics.py,utility_private,,,,medium,partial,verify,not_started,ACCEPTED_VERIFIED,
zst,src/python/zst/zst_analytics.py,zst_file_size_bytes_times_seventy_two,function,src/python/zst/zst_analytics.py,utility_private,,,,medium,partial,verify,not_started,ACCEPTED_VERIFIED,
zst,src/python/zst/zst_analytics.py,zst_decompressed_size_times_seventy_two,function,src/python/zst/zst_analytics.py,utility_private,,,,medium,partial,verify,not_started,ACCEPTED_VERIFIED,
zst,src/python/zst/zst_analytics.py,zst_file_size_bytes_times_seventy_three,function,src/python/zst/zst_analytics.py,utility_private,,,,medium,partial,verify,not_started,ACCEPTED_VERIFIED,
zst,src/python/zst/zst_analytics.py,zst_decompressed_size_times_seventy_three,function,src/python/zst/zst_analytics.py,utility_private,,,,medium,partial,verify,not_started,ACCEPTED_VERIFIED,
zst,src/python/zst/zst_analytics.py,zst_compression_ratio_percent,function,src/python/zst/zst_analytics.py,utility_private,,,,medium,partial,verify,not_started,ACCEPTED_VERIFIED,
zst,src/python/zst/zst_analytics.py,zst_size_ratio,function,src/python/zst/zst_analytics.py,utility_private,,,,medium,partial,verify,not_started,ACCEPTED_VERIFIED,
zst,src/python/zst/zst_analytics.py,zst_file_size_bytes_times_seventy_four,function,src/python/zst/zst_analytics.py,utility_private,,,,medium,partial,verify,not_started,ACCEPTED_VERIFIED,
zst,src/python/zst/zst_analytics.py,zst_decompressed_size_times_seventy_four,function,src/python/zst/zst_analytics.py,utility_private,,,,medium,partial,verify,not_started,ACCEPTED_VERIFIED,
zst,src/python/zst/zst_analytics.py,zst_file_size_bytes_times_seventy_five,function,src/python/zst/zst_analytics.py,utility_private,,,,medium,partial,verify,not_started,ACCEPTED_VERIFIED,
zst,src/python/zst/zst_analytics.py,zst_decompressed_size_times_seventy_five,function,src/python/zst/zst_analytics.py,utility_private,,,,medium,partial,verify,not_started,ACCEPTED_VERIFIED,
zst,src/python/zst/zst_analytics.py,zst_file_size_bytes_times_seventy_six,function,src/python/zst/zst_analytics.py,utility_private,,,,medium,partial,verify,not_started,ACCEPTED_VERIFIED,
zst,src/python/zst/zst_analytics.py,zst_decompressed_size_times_seventy_six,function,src/python/zst/zst_analytics.py,utility_private,,,,medium,partial,verify,not_started,ACCEPTED_VERIFIED,
zst,src/python/zst/zst_analytics.py,zst_file_size_bytes_times_seventy_seven,function,src/python/zst/zst_analytics.py,utility_private,,,,medium,partial,verify,not_started,ACCEPTED_VERIFIED,
zst,src/python/zst/zst_analytics.py,zst_decompressed_size_times_seventy_seven,function,src/python/zst/zst_analytics.py,utility_private,,,,medium,partial,verify,not_started,ACCEPTED_VERIFIED,
zst,src/python/zst/zst_analytics.py,zst_file_size_bytes_times_seventy_eight,function,src/python/zst/zst_analytics.py,utility_private,,,,medium,partial,verify,not_started,ACCEPTED_VERIFIED,
zst,src/python/zst/zst_analytics.py,zst_decompressed_size_times_seventy_eight,function,src/python/zst/zst_analytics.py,utility_private,,,,medium,partial,verify,not_started,ACCEPTED_VERIFIED,
zst,src/python/zst/zst_analytics.py,zst_file_size_bytes_times_seventy_nine,function,src/python/zst/zst_analytics.py,utility_private,,,,medium,partial,verify,not_started,ACCEPTED_VERIFIED,
zst,src/python/zst/zst_analytics.py,zst_decompressed_size_times_seventy_nine,function,src/python/zst/zst_analytics.py,utility_private,,,,medium,partial,verify,not_started,ACCEPTED_VERIFIED,
zst,src/python/zst/zst_analytics.py,zst_file_size_bytes_times_eighty,function,src/python/zst/zst_analytics.py,utility_private,,,,medium,partial,verify,not_started,ACCEPTED_VERIFIED,
zst,src/python/zst/zst_analytics.py,zst_decompressed_size_times_eighty,function,src/python/zst/zst_analytics.py,utility_private,,,,medium,partial,verify,not_started,ACCEPTED_VERIFIED,
zst,src/python/zst/zst_analytics.py,zst_file_size_bytes_times_eighty_one,function,src/python/zst/zst_analytics.py,utility_private,,,,medium,partial,verify,not_started,ACCEPTED_VERIFIED,
zst,src/python/zst/zst_analytics.py,zst_decompressed_size_times_eighty_one,function,src/python/zst/zst_analytics.py,utility_private,,,,medium,partial,verify,not_started,ACCEPTED_VERIFIED,
zst,src/python/zst/zst_analytics.py,zst_file_size_bytes_times_eighty_two,function,src/python/zst/zst_analytics.py,utility_private,,,,medium,partial,verify,not_started,ACCEPTED_VERIFIED,
zst,src/python/zst/zst_analytics.py,zst_decompressed_size_times_eighty_two,function,src/python/zst/zst_analytics.py,utility_private,,,,medium,partial,verify,not_started,ACCEPTED_VERIFIED,
zst,src/python/zst/zst_analytics.py,zst_file_size_bytes_times_eighty_three,function,src/python/zst/zst_analytics.py,utility_private,,,,medium,partial,verify,not_started,ACCEPTED_VERIFIED,
zst,src/python/zst/zst_analytics.py,zst_decompressed_size_times_eighty_three,function,src/python/zst/zst_analytics.py,utility_private,,,,medium,partial,verify,not_started,ACCEPTED_VERIFIED,
zst,src/python/zst/zst_analytics.py,zst_file_size_bytes_times_eighty_four,function,src/python/zst/zst_analytics.py,utility_private,,,,medium,partial,verify,not_started,ACCEPTED_VERIFIED,
zst,src/python/zst/zst_analytics.py,zst_decompressed_size_times_eighty_four,function,src/python/zst/zst_analytics.py,utility_private,,,,medium,partial,verify,not_started,ACCEPTED_VERIFIED,
zst,src/python/zst/zst_analytics.py,zst_file_size_bytes_times_eighty_five,function,src/python/zst/zst_analytics.py,utility_private,,,,medium,partial,verify,not_started,ACCEPTED_VERIFIED,
zst,src/python/zst/zst_analytics.py,zst_decompressed_size_times_eighty_five,function,src/python/zst/zst_analytics.py,utility_private,,,,medium,partial,verify,not_started,ACCEPTED_VERIFIED,
zst,src/python/zst/zst_analytics.py,zst_file_size_mod_47_times_10_plus_decomp_times_3_plus_comp_times_2_plus_max_byte_times_100,function,src/python/zst/zst_analytics.py,utility_private,,,,medium,partial,verify,not_started,ACCEPTED_VERIFIED,
zst,src/python/zst/zst_analytics.py,zst_decomp_times_5_plus_comp_mod_100_times_7_plus_min_byte_times_50,function,src/python/zst/zst_analytics.py,utility_private,,,,medium,partial,verify,not_started,ACCEPTED_VERIFIED,
zst,src/python/zst/zst_analytics.py,zst_byte_range,function,src/python/zst/zst_analytics.py,utility_private,,,,medium,partial,verify,not_started,ACCEPTED_VERIFIED,
zst,src/python/zst/zst_analytics.py,zst_is_single_byte,function,src/python/zst/zst_analytics.py,utility_private,,,,medium,partial,verify,not_started,ACCEPTED_VERIFIED,
zst,src/python/zst/zst_analytics.py,zst_file_size_bytes_times_eighty_six,function,src/python/zst/zst_analytics.py,utility_private,,,,medium,partial,verify,not_started,ACCEPTED_VERIFIED,
zst,src/python/zst/zst_analytics.py,zst_decompressed_size_times_eighty_six,function,src/python/zst/zst_analytics.py,utility_private,,,,medium,partial,verify,not_started,ACCEPTED_VERIFIED,
zst,src/python/zst/zst_analytics.py,zst_file_size_bytes_times_eighty_seven,function,src/python/zst/zst_analytics.py,utility_private,,,,medium,partial,verify,not_started,ACCEPTED_VERIFIED,
zst,src/python/zst/zst_analytics.py,zst_decompressed_size_times_eighty_seven,function,src/python/zst/zst_analytics.py,utility_private,,,,medium,partial,verify,not_started,ACCEPTED_VERIFIED,
zst,src/python/zst/zst_analytics.py,zst_file_size_mod_53_times_15_plus_decomp_times_4_plus_comp_times_3_plus_max_byte_times_200,function,src/python/zst/zst_analytics.py,utility_private,,,,medium,partial,verify,not_started,ACCEPTED_VERIFIED,
zst,src/python/zst/zst_analytics.py,zst_decomp_times_7_plus_comp_mod_50_times_9_plus_min_byte_times_80,function,src/python/zst/zst_analytics.py,utility_private,,,,medium,partial,verify,not_started,ACCEPTED_VERIFIED,
zst,src/python/zst/zst_analytics.py,zst_compressed_mod_17_times_300_plus_decompressed_times_5_plus_file_size_times_10,function,src/python/zst/zst_analytics.py,utility_private,,,,medium,partial,verify,not_started,ACCEPTED_VERIFIED,
zst,src/python/zst/zst_analytics.py,zst_compressed_times_8_plus_decompressed_mod_30_times_100_plus_compressed_mod_7_times_200,function,src/python/zst/zst_analytics.py,utility_private,,,,medium,partial,verify,not_started,ACCEPTED_VERIFIED,
zst,src/python/zst/zst_analytics.py,zst_compressed_mod_13_times_400_plus_decompressed_times_7_plus_file_size_times_20,function,src/python/zst/zst_analytics.py,utility_private,,,,medium,partial,verify,not_started,ACCEPTED_VERIFIED,
zst,src/python/zst/zst_analytics.py,zst_compressed_times_6_plus_decompressed_mod_40_times_50_plus_file_size_times_3,function,src/python/zst/zst_analytics.py,utility_private,,,,medium,partial,verify,not_started,ACCEPTED_VERIFIED,
zst,src/python/zst/zst_analytics.py,zst_file_size_bytes_times_eighty_nine,function,src/python/zst/zst_analytics.py,utility_private,,,,medium,partial,verify,not_started,ACCEPTED_VERIFIED,
zst,src/python/zst/zst_analytics.py,zst_decompressed_size_times_eighty_nine,function,src/python/zst/zst_analytics.py,utility_private,,,,medium,partial,verify,not_started,ACCEPTED_VERIFIED,
zst,src/python/zst/zst_analytics.py,zst_compressed_mod_19_times_500_plus_decompressed_times_9_plus_file_size_times_25,function,src/python/zst/zst_analytics.py,utility_private,,,,medium,partial,verify,not_started,ACCEPTED_VERIFIED,
zst,src/python/zst/zst_analytics.py,zst_compressed_times_4_plus_decompressed_mod_50_times_30_plus_file_size_times_8,function,src/python/zst/zst_analytics.py,utility_private,,,,medium,partial,verify,not_started,ACCEPTED_VERIFIED,
zst,src/python/zst/zst_analytics.py,zst_file_size_mod_17_times_100_plus_decompressed_size_mod_500_plus_max_byte_value_times_10,function,src/python/zst/zst_analytics.py,utility_private,,,,medium,partial,verify,not_started,ACCEPTED_VERIFIED,
zst,src/python/zst/zst_analytics.py,zst_compressed_size_times_3_mod_1000_plus_decompressed_size_mod_200_plus_min_byte_value_times_50,function,src/python/zst/zst_analytics.py,utility_private,,,,medium,partial,verify,not_started,ACCEPTED_VERIFIED,
zst,src/python/zst/zst_analytics.py,zst_compressed_mod_31_times_400_plus_decompressed_times_6_plus_compressed_mod_11_times_150,function,src/python/zst/zst_analytics.py,utility_private,,,,medium,partial,verify,not_started,ACCEPTED_VERIFIED,
zst,src/python/zst/zst_analytics.py,zst_compressed_times_12_plus_decompressed_mod_50_times_80_plus_file_size_times_15,function,src/python/zst/zst_analytics.py,utility_private,,,,medium,partial,verify,not_started,ACCEPTED_VERIFIED,
zst,src/python/zst/zst_analytics.py,zst_file_size_mod_19_times_200_plus_decompressed_size_mod_300_plus_max_byte_value_times_5,function,src/python/zst/zst_analytics.py,utility_private,,,,medium,partial,verify,not_started,ACCEPTED_VERIFIED,
zst,src/python/zst/zst_analytics.py,zst_compressed_size_mod_11_times_300_plus_decompressed_size_mod_400_plus_min_byte_value_times_100,function,src/python/zst/zst_analytics.py,utility_private,,,,medium,partial,verify,not_started,ACCEPTED_VERIFIED,
zst,src/python/zst/zst_analytics.py,zst_file_size_times_20_plus_decompressed_size_mod_100_times_50_plus_compressed_size_mod_13_times_200,function,src/python/zst/zst_analytics.py,utility_private,,,,medium,partial,verify,not_started,ACCEPTED_VERIFIED,
zst,src/python/zst/zst_analytics.py,zst_compressed_size_times_15_plus_decompressed_size_mod_70_times_30_plus_max_byte_value_times_50,function,src/python/zst/zst_analytics.py,utility_private,,,,medium,partial,verify,not_started,ACCEPTED_VERIFIED,
zst,src/python/zst/zst_analytics.py,zst_file_size_mod_23_times_150_plus_decompressed_size_mod_80_times_40_plus_compressed_size_times_18,function,src/python/zst/zst_analytics.py,utility_private,,,,medium,partial,verify,not_started,ACCEPTED_VERIFIED,
zst,src/python/zst/zst_analytics.py,zst_max_byte_value_times_100_plus_compressed_size_mod_17_times_250_plus_file_size_mod_31_times_300,function,src/python/zst/zst_analytics.py,utility_private,,,,medium,partial,verify,not_started,ACCEPTED_VERIFIED,
zst,src/python/zst/zst_analytics.py,zst_compressed_mod_31_times_200_plus_decompressed_times_11_plus_file_size_times_15,function,src/python/zst/zst_analytics.py,utility_private,,,,medium,partial,verify,not_started,ACCEPTED_VERIFIED,
zst,src/python/zst/zst_analytics.py,zst_compressed_times_5_plus_decompressed_mod_60_times_40_plus_file_size_times_12,function,src/python/zst/zst_analytics.py,utility_private,,,,medium,partial,verify,not_started,ACCEPTED_VERIFIED,
zst,src/python/zst/zst_analytics.py,zst_file_size_mod_13_times_300_plus_decompressed_size_mod_100_plus_max_byte_value_times_20,function,src/python/zst/zst_analytics.py,utility_private,,,,medium,partial,verify,not_started,ACCEPTED_VERIFIED,
zst,src/python/zst/zst_analytics.py,zst_compressed_size_mod_29_times_100_plus_decompressed_size_mod_500_plus_min_byte_value_times_200,function,src/python/zst/zst_analytics.py,utility_private,,,,medium,partial,verify,not_started,ACCEPTED_VERIFIED,
zst,src/python/zst/zst_analytics.py,zst_file_size_mod_23_times_200_plus_decompressed_size_mod_300_plus_max_byte_value_times_15,function,src/python/zst/zst_analytics.py,utility_private,,,,medium,partial,verify,not_started,ACCEPTED_VERIFIED,
zst,src/python/zst/zst_analytics.py,zst_compressed_size_mod_31_times_150_plus_decompressed_size_mod_200_plus_min_byte_value_times_50,function,src/python/zst/zst_analytics.py,utility_private,,,,medium,partial,verify,not_started,ACCEPTED_VERIFIED,
zst,src/python/zst/zst_analytics.py,zst_file_size_mod_37_times_100_plus_decompressed_size_mod_400_plus_max_byte_value_times_25,function,src/python/zst/zst_analytics.py,utility_private,,,,medium,partial,verify,not_started,ACCEPTED_VERIFIED,
zst,src/python/zst/zst_analytics.py,zst_compressed_size_mod_41_times_200_plus_decompressed_size_mod_600_plus_min_byte_value_times_100,function,src/python/zst/zst_analytics.py,utility_private,,,,medium,partial,verify,not_started,ACCEPTED_VERIFIED,
zst,src/python/zst/zst_analytics.py,zst_compressed_mod_41_times_300_plus_decompressed_times_13_plus_file_size_times_18,function,src/python/zst/zst_analytics.py,utility_private,,,,medium,partial,verify,not_started,ACCEPTED_VERIFIED,
zst,src/python/zst/zst_analytics.py,zst_compressed_times_6_plus_decompressed_mod_70_times_60_plus_file_size_times_14,function,src/python/zst/zst_analytics.py,utility_private,,,,medium,partial,verify,not_started,ACCEPTED_VERIFIED,
zst,src/python/zst/zst_analytics.py,zst_file_size_mod_43_times_100_plus_decompressed_size_mod_500_plus_max_byte_value_times_30,function,src/python/zst/zst_analytics.py,utility_private,,,,medium,partial,verify,not_started,ACCEPTED_VERIFIED,
zst,src/python/zst/zst_analytics.py,zst_compressed_size_mod_37_times_150_plus_decompressed_size_mod_300_plus_min_byte_value_times_50,function,src/python/zst/zst_analytics.py,utility_private,,,,medium,partial,verify,not_started,ACCEPTED_VERIFIED,
zst,src/python/zst/zst_analytics.py,zst_file_size_bytes_times_ninety,function,src/python/zst/zst_analytics.py,utility_private,,,,medium,partial,verify,not_started,ACCEPTED_VERIFIED,
zst,src/python/zst/zst_analytics.py,zst_decompressed_size_times_ninety,function,src/python/zst/zst_analytics.py,utility_private,,,,medium,partial,verify,not_started,ACCEPTED_VERIFIED,
zst,src/python/zst/zst_analytics.py,zst_file_size_mod_47_times_150_plus_decompressed_size_mod_400_plus_max_byte_value_times_20,function,src/python/zst/zst_analytics.py,utility_private,,,,medium,partial,verify,not_started,ACCEPTED_VERIFIED,
zst,src/python/zst/zst_analytics.py,zst_compressed_size_mod_53_times_100_plus_decompressed_size_mod_200_plus_min_byte_value_times_200,function,src/python/zst/zst_analytics.py,utility_private,,,,medium,partial,verify,not_started,ACCEPTED_VERIFIED,
zst,src/python/zst/zst_analytics.py,zst_compressed_mod_43_times_250_plus_decompressed_times_15_plus_file_size_times_22,function,src/python/zst/zst_analytics.py,utility_private,,,,medium,partial,verify,not_started,ACCEPTED_VERIFIED,
zst,src/python/zst/zst_analytics.py,zst_compressed_times_7_plus_decompressed_mod_80_times_70_plus_file_size_times_16,function,src/python/zst/zst_analytics.py,utility_private,,,,medium,partial,verify,not_started,ACCEPTED_VERIFIED,
zst,src/python/zst/zst_analytics.py,zst_file_size_bytes_times_ninety_one,function,src/python/zst/zst_analytics.py,utility_private,,,,medium,partial,verify,not_started,ACCEPTED_VERIFIED,
zst,src/python/zst/zst_analytics.py,zst_decompressed_size_times_ninety_one,function,src/python/zst/zst_analytics.py,utility_private,,,,medium,partial,verify,not_started,ACCEPTED_VERIFIED,
zst,src/python/zst/zst_analytics.py,zst_file_size_bytes_times_ninety_two,function,src/python/zst/zst_analytics.py,utility_private,,,,medium,partial,verify,not_started,ACCEPTED_VERIFIED,
zst,src/python/zst/zst_analytics.py,zst_decompressed_size_times_ninety_two,function,src/python/zst/zst_analytics.py,utility_private,,,,medium,partial,verify,not_started,ACCEPTED_VERIFIED,
zst,src/python/zst/zst_analytics.py,zst_file_size_mod_59_times_200_plus_decompressed_size_mod_300_plus_max_byte_value_times_40,function,src/python/zst/zst_analytics.py,utility_private,,,,medium,partial,verify,not_started,ACCEPTED_VERIFIED,
zst,src/python/zst/zst_analytics.py,zst_compressed_size_mod_61_times_150_plus_decompressed_size_mod_500_plus_min_byte_value_times_300,function,src/python/zst/zst_analytics.py,utility_private,,,,medium,partial,verify,not_started,ACCEPTED_VERIFIED,
zst,src/python/zst/zst_analytics.py,zst_compressed_mod_47_times_350_plus_decompressed_times_17_plus_file_size_times_24,function,src/python/zst/zst_analytics.py,utility_private,,,,medium,partial,verify,not_started,ACCEPTED_VERIFIED,
zst,src/python/zst/zst_analytics.py,zst_compressed_times_8_plus_decompressed_mod_90_times_80_plus_file_size_times_18,function,src/python/zst/zst_analytics.py,utility_private,,,,medium,partial,verify,not_started,ACCEPTED_VERIFIED,
zst,src/python/zst/zst_analytics.py,zst_file_size_mod_67_times_300_plus_decompressed_size_mod_400_plus_max_byte_value_times_50,function,src/python/zst/zst_analytics.py,utility_private,,,,medium,partial,verify,not_started,ACCEPTED_VERIFIED,
zst,src/python/zst/zst_analytics.py,zst_compressed_size_mod_71_times_200_plus_decompressed_size_mod_600_plus_min_byte_value_times_400,function,src/python/zst/zst_analytics.py,utility_private,,,,medium,partial,verify,not_started,ACCEPTED_VERIFIED,
zst,src/python/zst/zst_analytics.py,zst_file_size_mod_73_times_400_plus_decompressed_size_mod_700_plus_max_byte_value_times_60,function,src/python/zst/zst_analytics.py,utility_private,,,,medium,partial,verify,not_started,ACCEPTED_VERIFIED,
zst,src/python/zst/zst_analytics.py,zst_compressed_size_mod_79_times_250_plus_decompressed_size_mod_800_plus_min_byte_value_times_500,function,src/python/zst/zst_analytics.py,utility_private,,,,medium,partial,verify,not_started,ACCEPTED_VERIFIED,
zst,src/python/zst/zst_analytics.py,zst_file_size_bytes_times_ninety_three,function,src/python/zst/zst_analytics.py,utility_private,,,,medium,partial,verify,not_started,ACCEPTED_VERIFIED,
zst,src/python/zst/zst_analytics.py,zst_decompressed_size_times_ninety_three,function,src/python/zst/zst_analytics.py,utility_private,,,,medium,partial,verify,not_started,ACCEPTED_VERIFIED,
zst,src/python/zst/zst_analytics.py,zst_file_size_mod_83_times_500_plus_decompressed_size_mod_900_plus_max_byte_value_times_70,function,src/python/zst/zst_analytics.py,utility_private,,,,medium,partial,verify,not_started,ACCEPTED_VERIFIED,
zst,src/python/zst/zst_analytics.py,zst_compressed_size_mod_89_times_300_plus_decompressed_size_mod_1000_plus_min_byte_value_times_600,function,src/python/zst/zst_analytics.py,utility_private,,,,medium,partial,verify,not_started,ACCEPTED_VERIFIED,
zst,src/python/zst/zst_analytics.py,zst_file_size_mod_97_times_600_plus_decompressed_size_mod_1100_plus_max_byte_value_times_80,function,src/python/zst/zst_analytics.py,utility_private,,,,medium,partial,verify,not_started,ACCEPTED_VERIFIED,
zst,src/python/zst/zst_analytics.py,zst_compressed_size_mod_101_times_350_plus_decompressed_size_mod_1200_plus_min_byte_value_times_700,function,src/python/zst/zst_analytics.py,utility_private,,,,medium,partial,verify,not_started,ACCEPTED_VERIFIED,
zst,src/python/zst/zst_analytics.py,zst_file_size_bytes_times_ninety_four,function,src/python/zst/zst_analytics.py,utility_private,,,,medium,partial,verify,not_started,ACCEPTED_VERIFIED,
zst,src/python/zst/zst_analytics.py,zst_decompressed_size_times_ninety_four,function,src/python/zst/zst_analytics.py,utility_private,,,,medium,partial,verify,not_started,ACCEPTED_VERIFIED,
zst,src/python/zst/zst_analytics.py,zst_file_size_mod_103_times_700_plus_decompressed_size_mod_1300_plus_max_byte_value_times_90,function,src/python/zst/zst_analytics.py,utility_private,,,,medium,partial,verify,not_started,ACCEPTED_VERIFIED,
zst,src/python/zst/zst_analytics.py,zst_compressed_size_mod_107_times_400_plus_decompressed_size_mod_1400_plus_min_byte_value_times_800,function,src/python/zst/zst_analytics.py,utility_private,,,,medium,partial,verify,not_started,ACCEPTED_VERIFIED,
zst,src/python/zst/zst_analytics.py,zst_file_size_bytes_times_ninety_five,function,src/python/zst/zst_analytics.py,utility_private,,,,medium,partial,verify,not_started,ACCEPTED_VERIFIED,
zst,src/python/zst/zst_analytics.py,zst_decompressed_size_times_ninety_five,function,src/python/zst/zst_analytics.py,utility_private,,,,medium,partial,verify,not_started,ACCEPTED_VERIFIED,
zst,src/python/zst/zst_analytics.py,zst_compressed_mod_53_times_400_plus_decompressed_times_19_plus_file_size_times_26,function,src/python/zst/zst_analytics.py,utility_private,,,,medium,partial,verify,not_started,ACCEPTED_VERIFIED,
zst,src/python/zst/zst_analytics.py,zst_compressed_times_9_plus_decompressed_mod_100_times_90_plus_file_size_times_20,function,src/python/zst/zst_analytics.py,utility_private,,,,medium,partial,verify,not_started,ACCEPTED_VERIFIED,
zst,src/python/zst/zst_analytics.py,zst_file_size_mod_109_times_500_plus_decompressed_size_mod_1500_plus_max_byte_value_times_100,function,src/python/zst/zst_analytics.py,utility_private,,,,medium,partial,verify,not_started,ACCEPTED_VERIFIED,
zst,src/python/zst/zst_analytics.py,zst_compressed_size_mod_113_times_450_plus_decompressed_size_mod_1600_plus_min_byte_value_times_900,function,src/python/zst/zst_analytics.py,utility_private,,,,medium,partial,verify,not_started,ACCEPTED_VERIFIED,
zst,src/python/zst/zst_analytics.py,zst_file_size_mod_127_times_550_plus_decompressed_size_mod_1700_plus_max_byte_value_times_110,function,src/python/zst/zst_analytics.py,utility_private,,,,medium,partial,verify,not_started,ACCEPTED_VERIFIED,
zst,src/python/zst/zst_analytics.py,zst_compressed_size_mod_131_times_500_plus_decompressed_size_mod_1800_plus_min_byte_value_times_1000,function,src/python/zst/zst_analytics.py,utility_private,,,,medium,partial,verify,not_started,ACCEPTED_VERIFIED,
zst,src/python/zst/zst_analytics.py,zst_file_size_bytes_times_ninety_six,function,src/python/zst/zst_analytics.py,utility_private,,,,medium,partial,verify,not_started,ACCEPTED_VERIFIED,
zst,src/python/zst/zst_analytics.py,zst_decompressed_size_times_ninety_six,function,src/python/zst/zst_analytics.py,utility_private,,,,medium,partial,verify,not_started,ACCEPTED_VERIFIED,
zst,src/python/zst/zst_analytics.py,zst_file_size_mod_137_times_600_plus_decompressed_size_mod_1900_plus_max_byte_value_times_120,function,src/python/zst/zst_analytics.py,utility_private,,,,medium,partial,verify,not_started,ACCEPTED_VERIFIED,
zst,src/python/zst/zst_analytics.py,zst_compressed_size_mod_139_times_550_plus_decompressed_size_mod_2000_plus_min_byte_value_times_1100,function,src/python/zst/zst_analytics.py,utility_private,,,,medium,partial,verify,not_started,ACCEPTED_VERIFIED,
zst,src/python/zst/zst_analytics.py,zst_compressed_mod_59_times_450_plus_decompressed_times_21_plus_file_size_times_28,function,src/python/zst/zst_analytics.py,utility_private,,,,medium,partial,verify,not_started,ACCEPTED_VERIFIED,
zst,src/python/zst/zst_analytics.py,zst_compressed_times_10_plus_decompressed_mod_110_times_95_plus_file_size_times_22,function,src/python/zst/zst_analytics.py,utility_private,,,,medium,partial,verify,not_started,ACCEPTED_VERIFIED,
zst,src/python/zst/zst_analytics.py,zst_file_size_bytes_times_ninety_seven,function,src/python/zst/zst_analytics.py,utility_private,,,,medium,partial,verify,not_started,ACCEPTED_VERIFIED,
zst,src/python/zst/zst_analytics.py,zst_decompressed_size_times_ninety_seven,function,src/python/zst/zst_analytics.py,utility_private,,,,medium,partial,verify,not_started,ACCEPTED_VERIFIED,
zst,src/python/zst/zst_analytics.py,zst_file_size_mod_149_times_650_plus_decompressed_size_mod_2100_plus_max_byte_value_times_130,function,src/python/zst/zst_analytics.py,utility_private,,,,medium,partial,verify,not_started,ACCEPTED_VERIFIED,
zst,src/python/zst/zst_analytics.py,zst_compressed_size_mod_151_times_600_plus_decompressed_size_mod_2200_plus_min_byte_value_times_1200,function,src/python/zst/zst_analytics.py,utility_private,,,,medium,partial,verify,not_started,ACCEPTED_VERIFIED,
zst,src/python/zst/zst_analytics.py,zst_compressed_size_mod_23_times_300_plus_decompressed_size_times_3_plus_max_byte_value_times_50,function,src/python/zst/zst_analytics.py,utility_private,,,,medium,partial,verify,not_started,ACCEPTED_VERIFIED,
zst,src/python/zst/zst_analytics.py,zst_file_size_times_11_plus_decompressed_size_mod_200_times_7_plus_max_byte_value_times_80,function,src/python/zst/zst_analytics.py,utility_private,,,,medium,partial,verify,not_started,ACCEPTED_VERIFIED,
zst,src/python/zst/zst_analytics.py,zst_file_size_bytes_times_ninety_eight,function,src/python/zst/zst_analytics.py,utility_private,,,,medium,partial,verify,not_started,ACCEPTED_VERIFIED,
zst,src/python/zst/zst_analytics.py,zst_decompressed_size_times_ninety_eight,function,src/python/zst/zst_analytics.py,utility_private,,,,medium,partial,verify,not_started,ACCEPTED_VERIFIED,
zst,src/python/zst/zst_analytics.py,zst_file_size_mod_157_times_700_plus_decompressed_size_mod_2300_plus_max_byte_value_times_150,function,src/python/zst/zst_analytics.py,utility_private,,,,medium,partial,verify,not_started,ACCEPTED_VERIFIED,
zst,src/python/zst/zst_analytics.py,zst_compressed_size_mod_163_times_650_plus_decompressed_size_mod_2400_plus_min_byte_value_times_1300,function,src/python/zst/zst_analytics.py,utility_private,,,,medium,partial,verify,not_started,ACCEPTED_VERIFIED,
zst,src/python/zst/zst_analytics.py,zst_file_size_bytes_times_ninety_nine,function,src/python/zst/zst_analytics.py,utility_private,,,,medium,partial,verify,not_started,ACCEPTED_VERIFIED,
zst,src/python/zst/zst_analytics.py,zst_decompressed_size_times_ninety_nine,function,src/python/zst/zst_analytics.py,utility_private,,,,medium,partial,verify,not_started,ACCEPTED_VERIFIED,
zst,src/python/zst/zst_analytics.py,zst_compressed_mod_61_times_500_plus_decompressed_times_23_plus_file_size_times_30,function,src/python/zst/zst_analytics.py,utility_private,,,,medium,partial,verify,not_started,ACCEPTED_VERIFIED,
zst,src/python/zst/zst_analytics.py,zst_compressed_times_11_plus_decompressed_mod_120_times_100_plus_file_size_times_24,function,src/python/zst/zst_analytics.py,utility_private,,,,medium,partial,verify,not_started,ACCEPTED_VERIFIED,
zst,src/python/zst/zst_analytics.py,zst_file_size_mod_167_times_750_plus_decompressed_size_mod_2500_plus_max_byte_value_times_160,function,src/python/zst/zst_analytics.py,utility_private,,,,medium,partial,verify,not_started,ACCEPTED_VERIFIED,
zst,src/python/zst/zst_analytics.py,zst_compressed_size_mod_173_times_700_plus_decompressed_size_mod_2600_plus_min_byte_value_times_1400,function,src/python/zst/zst_analytics.py,utility_private,,,,medium,partial,verify,not_started,ACCEPTED_VERIFIED,
zst,src/python/zst/zst_analytics.py,zst_file_size_mod_179_times_5_plus_decompressed_size_mod_2700_plus_max_byte_value_times_180,function,src/python/zst/zst_analytics.py,utility_private,,,,medium,partial,verify,not_started,ACCEPTED_VERIFIED,
zst,src/python/zst/zst_analytics.py,zst_compressed_size_mod_181_times_10_plus_decompressed_size_mod_2800_plus_min_byte_value_times_1500,function,src/python/zst/zst_analytics.py,utility_private,,,,medium,partial,verify,not_started,ACCEPTED_VERIFIED,
zst,src/python/zst/zst_analytics.py,zst_file_size_mod_191_times_800_plus_decompressed_size_mod_2700_plus_max_byte_value_times_170,function,src/python/zst/zst_analytics.py,utility_private,,,,medium,partial,verify,not_started,ACCEPTED_VERIFIED,
zst,src/python/zst/zst_analytics.py,zst_compressed_size_mod_193_times_750_plus_decompressed_size_mod_2800_plus_min_byte_value_times_1500,function,src/python/zst/zst_analytics.py,utility_private,,,,medium,partial,verify,not_started,ACCEPTED_VERIFIED,
zst,src/python/zst/zst_analytics.py,zst_compressed_size_mod_29_times_400_plus_decompressed_size_times_4_plus_max_byte_value_times_60,function,src/python/zst/zst_analytics.py,utility_private,,,,medium,partial,verify,not_started,ACCEPTED_VERIFIED,
zst,src/python/zst/zst_analytics.py,zst_file_size_times_13_plus_decompressed_size_mod_300_times_8_plus_max_byte_value_times_90,function,src/python/zst/zst_analytics.py,utility_private,,,,medium,partial,verify,not_started,ACCEPTED_VERIFIED,
zst,src/python/zst/zst_analytics.py,zst_file_size_bytes_times_one_hundred,function,src/python/zst/zst_analytics.py,utility_private,,,,medium,partial,verify,not_started,ACCEPTED_VERIFIED,
zst,src/python/zst/zst_analytics.py,zst_decompressed_size_times_one_hundred,function,src/python/zst/zst_analytics.py,utility_private,,,,medium,partial,verify,not_started,ACCEPTED_VERIFIED,
zst,src/python/zst/zst_analytics.py,zst_compressed_mod_67_times_550_plus_decompressed_times_25_plus_file_size_times_32,function,src/python/zst/zst_analytics.py,utility_private,,,,medium,partial,verify,not_started,ACCEPTED_VERIFIED,
zst,src/python/zst/zst_analytics.py,zst_compressed_times_12_plus_decompressed_mod_130_times_105_plus_file_size_times_26,function,src/python/zst/zst_analytics.py,utility_private,,,,medium,partial,verify,not_started,ACCEPTED_VERIFIED,
zst,src/python/zst/zst_analytics.py,zst_file_size_mod_197_times_850_plus_decompressed_size_mod_2900_plus_max_byte_value_times_180,function,src/python/zst/zst_analytics.py,utility_private,,,,medium,partial,verify,not_started,ACCEPTED_VERIFIED,
zst,src/python/zst/zst_analytics.py,zst_compressed_size_mod_199_times_800_plus_decompressed_size_mod_3000_plus_min_byte_value_times_1600,function,src/python/zst/zst_analytics.py,utility_private,,,,medium,partial,verify,not_started,ACCEPTED_VERIFIED,
zst,src/python/zst/zst_analytics.py,zst_file_size_bytes_times_one_hundred_and_one,function,src/python/zst/zst_analytics.py,utility_private,,,,medium,partial,verify,not_started,ACCEPTED_VERIFIED,
zst,src/python/zst/zst_analytics.py,zst_decompressed_size_times_one_hundred_and_one,function,src/python/zst/zst_analytics.py,utility_private,,,,medium,partial,verify,not_started,ACCEPTED_VERIFIED,
zst,src/python/zst/zst_analytics.py,zst_file_size_mod_223_times_900_plus_decompressed_size_mod_3100_plus_max_byte_value_times_190,function,src/python/zst/zst_analytics.py,utility_private,,,,medium,partial,verify,not_started,ACCEPTED_VERIFIED,
zst,src/python/zst/zst_analytics.py,zst_compressed_size_mod_227_times_850_plus_decompressed_size_mod_3200_plus_min_byte_value_times_1700,function,src/python/zst/zst_analytics.py,utility_private,,,,medium,partial,verify,not_started,ACCEPTED_VERIFIED,
zst,src/python/zst/zst_analytics.py,zst_file_size_mod_211_times_8_plus_decompressed_size_mod_3100_plus_max_byte_value_times_200,function,src/python/zst/zst_analytics.py,utility_private,,,,medium,partial,verify,not_started,ACCEPTED_VERIFIED,
zst,src/python/zst/zst_analytics.py,zst_compressed_size_times_12_plus_decompressed_size_mod_400_plus_min_byte_value_times_2000,function,src/python/zst/zst_analytics.py,utility_private,,,,medium,partial,verify,not_started,ACCEPTED_VERIFIED,
zst,src/python/zst/zst_analytics.py,zst_file_size_bytes_times_one_hundred_and_two,function,src/python/zst/zst_analytics.py,utility_private,,,,medium,partial,verify,not_started,ACCEPTED_VERIFIED,
zst,src/python/zst/zst_analytics.py,zst_decompressed_size_times_one_hundred_and_two,function,src/python/zst/zst_analytics.py,utility_private,,,,medium,partial,verify,not_started,ACCEPTED_VERIFIED,
zst,src/python/zst/zst_analytics.py,zst_decompressed_size_mod_31_times_500_plus_compressed_size_times_5_plus_max_byte_value_times_70,function,src/python/zst/zst_analytics.py,utility_private,,,,medium,partial,verify,not_started,ACCEPTED_VERIFIED,
zst,src/python/zst/zst_analytics.py,zst_file_size_times_29_plus_decompressed_size_mod_400_times_9_plus_max_byte_value_times_100,function,src/python/zst/zst_analytics.py,utility_private,,,,medium,partial,verify,not_started,ACCEPTED_VERIFIED,
zst,src/python/zst/zst_analytics.py,zst_compressed_mod_71_times_600_plus_decompressed_times_27_plus_file_size_times_34,function,src/python/zst/zst_analytics.py,utility_private,,,,medium,partial,verify,not_started,ACCEPTED_VERIFIED,
zst,src/python/zst/zst_analytics.py,zst_compressed_times_13_plus_decompressed_mod_140_times_110_plus_file_size_times_28,function,src/python/zst/zst_analytics.py,utility_private,,,,medium,partial,verify,not_started,ACCEPTED_VERIFIED,
zst,src/python/zst/zst_analytics.py,zst_file_size_mod_223_times_9_plus_decompressed_size_mod_3200_plus_max_byte_value_times_210,function,src/python/zst/zst_analytics.py,utility_private,,,,medium,partial,verify,not_started,ACCEPTED_VERIFIED,
zst,src/python/zst/zst_analytics.py,zst_compressed_size_times_14_plus_decompressed_size_mod_500_plus_min_byte_value_times_2200,function,src/python/zst/zst_analytics.py,utility_private,,,,medium,partial,verify,not_started,ACCEPTED_VERIFIED,
zst,src/python/zst/zst_analytics.py,zst_file_size_bytes_times_one_hundred_and_three,function,src/python/zst/zst_analytics.py,utility_private,,,,medium,partial,verify,not_started,ACCEPTED_VERIFIED,
zst,src/python/zst/zst_analytics.py,zst_decompressed_size_times_one_hundred_and_three,function,src/python/zst/zst_analytics.py,utility_private,,,,medium,partial,verify,not_started,ACCEPTED_VERIFIED,
zst,src/python/zst/zst_analytics.py,zst_file_size_mod_229_times_950_plus_decompressed_size_mod_3300_plus_max_byte_value_times_195,function,src/python/zst/zst_analytics.py,utility_private,,,,medium,partial,verify,not_started,ACCEPTED_VERIFIED,
zst,src/python/zst/zst_analytics.py,zst_compressed_size_mod_233_times_875_plus_decompressed_size_mod_3400_plus_min_byte_value_times_1750,function,src/python/zst/zst_analytics.py,utility_private,,,,medium,partial,verify,not_started,ACCEPTED_VERIFIED,
zst,src/python/zst/zst_analytics.py,zst_file_size_mod_229_times_10_plus_decompressed_size_mod_3300_plus_max_byte_value_times_220,function,src/python/zst/zst_analytics.py,utility_private,,,,medium,partial,verify,not_started,ACCEPTED_VERIFIED,
zst,src/python/zst/zst_analytics.py,zst_compressed_size_times_16_plus_decompressed_size_mod_600_plus_min_byte_value_times_2400,function,src/python/zst/zst_analytics.py,utility_private,,,,medium,partial,verify,not_started,ACCEPTED_VERIFIED,
zst,src/python/zst/zst_analytics.py,zst_file_size_mod_239_times_11_plus_decompressed_size_mod_3400_plus_max_byte_value_times_230,function,src/python/zst/zst_analytics.py,utility_private,,,,medium,partial,verify,not_started,ACCEPTED_VERIFIED,
zst,src/python/zst/zst_analytics.py,zst_compressed_size_times_18_plus_decompressed_size_mod_700_plus_min_byte_value_times_2600,function,src/python/zst/zst_analytics.py,utility_private,,,,medium,partial,verify,not_started,ACCEPTED_VERIFIED,
zst,src/python/zst/zst_analytics.py,zst_compressed_mod_73_times_650_plus_decompressed_times_29_plus_file_size_times_36,function,src/python/zst/zst_analytics.py,utility_private,,,,medium,partial,verify,not_started,ACCEPTED_VERIFIED,
zst,src/python/zst/zst_analytics.py,zst_compressed_times_14_plus_decompressed_mod_150_times_115_plus_file_size_times_30,function,src/python/zst/zst_analytics.py,utility_private,,,,medium,partial,verify,not_started,ACCEPTED_VERIFIED,
zst,src/python/zst/zst_analytics.py,zst_file_size_mod_241_times_12_plus_decompressed_size_mod_3500_plus_max_byte_value_times_240,function,src/python/zst/zst_analytics.py,utility_private,,,,medium,partial,verify,not_started,ACCEPTED_VERIFIED,
zst,src/python/zst/zst_analytics.py,zst_compressed_size_times_20_plus_decompressed_size_mod_800_plus_min_byte_value_times_2800,function,src/python/zst/zst_analytics.py,utility_private,,,,medium,partial,verify,not_started,ACCEPTED_VERIFIED,
zst,src/python/zst/zst_analytics.py,zst_compressed_mod_79_times_700_plus_decompressed_times_31_plus_file_size_times_38,function,src/python/zst/zst_analytics.py,utility_private,,,,medium,partial,verify,not_started,ACCEPTED_VERIFIED,
zst,src/python/zst/zst_analytics.py,zst_compressed_times_15_plus_decompressed_mod_160_times_120_plus_file_size_times_32,function,src/python/zst/zst_analytics.py,utility_private,,,,medium,partial,verify,not_started,ACCEPTED_VERIFIED,
zst,src/python/zst/zst_analytics.py,zst_compressed_mod_83_times_750_plus_decompressed_times_33_plus_file_size_times_40,function,src/python/zst/zst_analytics.py,utility_private,,,,medium,partial,verify,not_started,ACCEPTED_VERIFIED,
zst,src/python/zst/zst_analytics.py,zst_compressed_times_16_plus_decompressed_mod_170_times_125_plus_file_size_times_34,function,src/python/zst/zst_analytics.py,utility_private,,,,medium,partial,verify,not_started,ACCEPTED_VERIFIED,
zst,src/python/zst/zst_analytics.py,zst_compressed_mod_89_times_800_plus_decompressed_times_35_plus_file_size_times_42,function,src/python/zst/zst_analytics.py,utility_private,,,,medium,partial,verify,not_started,ACCEPTED_VERIFIED,
zst,src/python/zst/zst_analytics.py,zst_compressed_times_17_plus_decompressed_mod_180_times_130_plus_file_size_times_36,function,src/python/zst/zst_analytics.py,utility_private,,,,medium,partial,verify,not_started,ACCEPTED_VERIFIED,
zst,src/python/zst/zst_analytics.py,zst_compressed_mod_97_times_850_plus_decompressed_times_37_plus_file_size_times_44,function,src/python/zst/zst_analytics.py,utility_private,,,,medium,partial,verify,not_started,ACCEPTED_VERIFIED,
zst,src/python/zst/zst_analytics.py,zst_compressed_times_18_plus_decompressed_mod_190_times_135_plus_file_size_times_38,function,src/python/zst/zst_analytics.py,utility_private,,,,medium,partial,verify,not_started,ACCEPTED_VERIFIED,
zst,src/python/zst/zst_analytics.py,zst_file_size_mod_251_times_1000_plus_decompressed_size_mod_3500_plus_max_byte_value_times_200,function,src/python/zst/zst_analytics.py,utility_private,,,,medium,partial,verify,not_started,ACCEPTED_VERIFIED,
zst,src/python/zst/zst_analytics.py,zst_compressed_size_mod_257_times_925_plus_decompressed_size_mod_3600_plus_min_byte_value_times_1800,function,src/python/zst/zst_analytics.py,utility_private,,,,medium,partial,verify,not_started,ACCEPTED_VERIFIED,
zst,src/python/zst/zst_analytics.py,zst_file_size_mod_263_times_1050_plus_decompressed_size_mod_3600_plus_max_byte_value_times_210,function,src/python/zst/zst_analytics.py,utility_private,,,,medium,partial,verify,not_started,ACCEPTED_VERIFIED,
zst,src/python/zst/zst_analytics.py,zst_compressed_size_mod_269_times_975_plus_decompressed_size_mod_3700_plus_min_byte_value_times_1850,function,src/python/zst/zst_analytics.py,utility_private,,,,medium,partial,verify,not_started,ACCEPTED_VERIFIED,
zst,src/python/zst/zst_analytics.py,zst_compressed_mod_101_times_900_plus_decompressed_times_39_plus_file_size_times_46,function,src/python/zst/zst_analytics.py,utility_private,,,,medium,partial,verify,not_started,ACCEPTED_VERIFIED,
zst,src/python/zst/zst_analytics.py,zst_compressed_times_19_plus_decompressed_mod_200_times_140_plus_file_size_times_40,function,src/python/zst/zst_analytics.py,utility_private,,,,medium,partial,verify,not_started,ACCEPTED_VERIFIED,
zst,src/python/zst/zst_analytics.py,zst_compressed_mod_109_times_950_plus_decompressed_times_41_plus_file_size_times_48,function,src/python/zst/zst_analytics.py,utility_private,,,,medium,partial,verify,not_started,ACCEPTED_VERIFIED,
zst,src/python/zst/zst_analytics.py,zst_compressed_times_21_plus_decompressed_mod_210_times_150_plus_file_size_times_42,function,src/python/zst/zst_analytics.py,utility_private,,,,medium,partial,verify,not_started,ACCEPTED_VERIFIED,
zst,src/python/zst/zst_analytics.py,zst_file_size_mod_271_times_1100_plus_decompressed_size_mod_3800_plus_max_byte_value_times_220,function,src/python/zst/zst_analytics.py,utility_private,,,,medium,partial,verify,not_started,ACCEPTED_VERIFIED,
zst,src/python/zst/zst_analytics.py,zst_compressed_size_mod_277_times_1025_plus_decompressed_size_mod_3900_plus_min_byte_value_times_1900,function,src/python/zst/zst_analytics.py,utility_private,,,,medium,partial,verify,not_started,ACCEPTED_VERIFIED,
zst,src/python/zst/zst_analytics.py,zst_file_size_mod_283_times_1150_plus_decompressed_size_mod_4000_plus_max_byte_value_times_230,function,src/python/zst/zst_analytics.py,utility_private,,,,medium,partial,verify,not_started,ACCEPTED_VERIFIED,
zst,src/python/zst/zst_analytics.py,zst_compressed_size_mod_293_times_1075_plus_decompressed_size_mod_4100_plus_min_byte_value_times_1950,function,src/python/zst/zst_analytics.py,utility_private,,,,medium,partial,verify,not_started,ACCEPTED_VERIFIED,
zst,src/python/zst/zst_analytics.py,zst_file_size_mod_307_times_1200_plus_decompressed_size_mod_4200_plus_max_byte_value_times_240,function,src/python/zst/zst_analytics.py,utility_private,,,,medium,partial,verify,not_started,ACCEPTED_VERIFIED,
zst,src/python/zst/zst_analytics.py,zst_compressed_size_mod_311_times_1125_plus_decompressed_size_mod_4300_plus_min_byte_value_times_2000,function,src/python/zst/zst_analytics.py,utility_private,,,,medium,partial,verify,not_started,ACCEPTED_VERIFIED,
zst,src/python/zst/zst_analytics.py,zst_compressed_mod_113_times_1000_plus_decompressed_times_43_plus_file_size_times_50,function,src/python/zst/zst_analytics.py,utility_private,,,,medium,partial,verify,not_started,ACCEPTED_VERIFIED,
zst,src/python/zst/zst_analytics.py,zst_compressed_times_22_plus_decompressed_mod_220_times_155_plus_file_size_times_44,function,src/python/zst/zst_analytics.py,utility_private,,,,medium,partial,verify,not_started,ACCEPTED_VERIFIED,
zst,src/python/zst/zst_analytics.py,zst_compressed_mod_127_times_1050_plus_decompressed_times_45_plus_file_size_times_52,function,src/python/zst/zst_analytics.py,utility_private,,,,medium,partial,verify,not_started,ACCEPTED_VERIFIED,
zst,src/python/zst/zst_analytics.py,zst_compressed_times_23_plus_decompressed_mod_230_times_160_plus_file_size_times_46,function,src/python/zst/zst_analytics.py,utility_private,,,,medium,partial,verify,not_started,ACCEPTED_VERIFIED,
zst,src/python/zst/zst_analytics.py,zst_compressed_mod_131_times_1100_plus_decompressed_times_47_plus_file_size_times_54,function,src/python/zst/zst_analytics.py,utility_private,,,,medium,partial,verify,not_started,ACCEPTED_VERIFIED,
zst,src/python/zst/zst_analytics.py,zst_compressed_times_24_plus_decompressed_mod_240_times_165_plus_file_size_times_48,function,src/python/zst/zst_analytics.py,utility_private,,,,medium,partial,verify,not_started,ACCEPTED_VERIFIED,
zst,src/python/zst/zst_analytics.py,zst_compressed_mod_137_times_1150_plus_decompressed_times_49_plus_file_size_times_56,function,src/python/zst/zst_analytics.py,utility_private,,,,medium,partial,verify,not_started,ACCEPTED_VERIFIED,
zst,src/python/zst/zst_analytics.py,zst_compressed_times_25_plus_decompressed_mod_250_times_170_plus_file_size_times_50,function,src/python/zst/zst_analytics.py,utility_private,,,,medium,partial,verify,not_started,ACCEPTED_VERIFIED,
zst,src/python/zst/zst_analytics.py,zst_compressed_mod_149_times_1200_plus_decompressed_times_51_plus_file_size_times_58,function,src/python/zst/zst_analytics.py,utility_private,,,,medium,partial,verify,not_started,ACCEPTED_VERIFIED,
zst,src/python/zst/zst_analytics.py,zst_compressed_times_26_plus_decompressed_mod_260_times_175_plus_file_size_times_52,function,src/python/zst/zst_analytics.py,utility_private,,,,medium,partial,verify,not_started,ACCEPTED_VERIFIED,
zst,src/python/zst/zst_analytics.py,zst_file_size_mod_313_times_1250_plus_decompressed_size_mod_4400_plus_max_byte_value_times_250,function,src/python/zst/zst_analytics.py,utility_private,,,,medium,partial,verify,not_started,ACCEPTED_VERIFIED,
zst,src/python/zst/zst_analytics.py,zst_compressed_size_mod_317_times_1175_plus_decompressed_size_mod_4500_plus_min_byte_value_times_2050,function,src/python/zst/zst_analytics.py,utility_private,,,,medium,partial,verify,not_started,ACCEPTED_VERIFIED,
zst,src/python/zst/zst_analytics.py,zst_compressed_mod_151_times_1250_plus_decompressed_times_53_plus_file_size_times_60,function,src/python/zst/zst_analytics.py,utility_private,,,,medium,partial,verify,not_started,ACCEPTED_VERIFIED,
zst,src/python/zst/zst_analytics.py,zst_compressed_times_27_plus_decompressed_mod_270_times_180_plus_file_size_times_54,function,src/python/zst/zst_analytics.py,utility_private,,,,medium,partial,verify,not_started,ACCEPTED_VERIFIED,
zst,src/python/zst/zst_analytics.py,zst_file_size_mod_331_times_1300_plus_decompressed_size_mod_4600_plus_max_byte_value_times_260,function,src/python/zst/zst_analytics.py,utility_private,,,,medium,partial,verify,not_started,ACCEPTED_VERIFIED,
zst,src/python/zst/zst_analytics.py,zst_compressed_size_mod_337_times_1225_plus_decompressed_size_mod_4700_plus_min_byte_value_times_2100,function,src/python/zst/zst_analytics.py,utility_private,,,,medium,partial,verify,not_started,ACCEPTED_VERIFIED,
zst,src/python/zst/zst_analytics.py,zst_compressed_mod_157_times_1300_plus_decompressed_times_55_plus_file_size_times_62,function,src/python/zst/zst_analytics.py,utility_private,,,,medium,partial,verify,not_started,ACCEPTED_VERIFIED,
zst,src/python/zst/zst_analytics.py,zst_compressed_times_28_plus_decompressed_mod_280_times_185_plus_file_size_times_56,function,src/python/zst/zst_analytics.py,utility_private,,,,medium,partial,verify,not_started,ACCEPTED_VERIFIED,
zst,src/python/zst/zst_analytics.py,zst_file_size_mod_347_times_1350_plus_decompressed_size_mod_4800_plus_max_byte_value_times_270,function,src/python/zst/zst_analytics.py,utility_private,,,,medium,partial,verify,not_started,ACCEPTED_VERIFIED,
zst,src/python/zst/zst_analytics.py,zst_compressed_size_mod_349_times_1275_plus_decompressed_size_mod_4900_plus_min_byte_value_times_2150,function,src/python/zst/zst_analytics.py,utility_private,,,,medium,partial,verify,not_started,ACCEPTED_VERIFIED,
zst,src/python/zst/zst_analytics.py,zst_file_size_mod_353_times_1400_plus_decompressed_size_mod_5000_plus_max_byte_value_times_280,function,src/python/zst/zst_analytics.py,utility_private,,,,medium,partial,verify,not_started,ACCEPTED_VERIFIED,
zst,src/python/zst/zst_analytics.py,zst_compressed_size_mod_359_times_1325_plus_decompressed_size_mod_5100_plus_min_byte_value_times_2200,function,src/python/zst/zst_analytics.py,utility_private,,,,medium,partial,verify,not_started,ACCEPTED_VERIFIED,
zst,src/python/zst/zst_analytics.py,zst_compressed_mod_163_times_1350_plus_decompressed_times_57_plus_file_size_times_64,function,src/python/zst/zst_analytics.py,utility_private,,,,medium,partial,verify,not_started,ACCEPTED_VERIFIED,
zst,src/python/zst/zst_analytics.py,zst_compressed_times_29_plus_decompressed_mod_290_times_190_plus_file_size_times_58,function,src/python/zst/zst_analytics.py,utility_private,,,,medium,partial,verify,not_started,ACCEPTED_VERIFIED,
zst,src/python/zst/zst_analytics.py,zst_compressed_size_mod_293_times_19_plus_decompressed_size_mod_1000_times_3_plus_max_byte_value_times_100,function,src/python/zst/zst_analytics.py,utility_private,,,,medium,partial,verify,not_started,ACCEPTED_VERIFIED,
zst,src/python/zst/zst_analytics.py,zst_compressed_size_times_29_plus_decompressed_size_times_3_plus_max_byte_value_times_7,function,src/python/zst/zst_analytics.py,utility_private,,,,medium,partial,verify,not_started,ACCEPTED_VERIFIED,
zst,src/python/zst/zst_analytics.py,zst_file_size_mod_367_times_1450_plus_decompressed_size_mod_5200_plus_max_byte_value_times_290,function,src/python/zst/zst_analytics.py,utility_private,,,,medium,partial,verify,not_started,ACCEPTED_VERIFIED,
zst,src/python/zst/zst_analytics.py,zst_compressed_size_mod_373_times_1375_plus_decompressed_size_mod_5300_plus_min_byte_value_times_2250,function,src/python/zst/zst_analytics.py,utility_private,,,,medium,partial,verify,not_started,ACCEPTED_VERIFIED,
zst,src/python/zst/zst_analytics.py,zst_file_size_mod_379_times_1500_plus_decompressed_size_mod_5400_plus_max_byte_value_times_300,function,src/python/zst/zst_analytics.py,utility_private,,,,medium,partial,verify,not_started,ACCEPTED_VERIFIED,
zst,src/python/zst/zst_analytics.py,zst_compressed_size_mod_383_times_1425_plus_decompressed_size_mod_5500_plus_min_byte_value_times_2300,function,src/python/zst/zst_analytics.py,utility_private,,,,medium,partial,verify,not_started,ACCEPTED_VERIFIED,
zst,src/python/zst/zst_analytics.py,zst_file_size_mod_389_times_1550_plus_decompressed_size_mod_5600_plus_max_byte_value_times_310,function,src/python/zst/zst_analytics.py,utility_private,,,,medium,partial,verify,not_started,ACCEPTED_VERIFIED,
zst,src/python/zst/zst_analytics.py,zst_compressed_size_mod_397_times_1475_plus_decompressed_size_mod_5700_plus_min_byte_value_times_2350,function,src/python/zst/zst_analytics.py,utility_private,,,,medium,partial,verify,not_started,ACCEPTED_VERIFIED,
zst,src/python/zst/zst_analytics.py,zst_file_size_mod_401_times_1600_plus_decompressed_size_mod_5800_plus_max_byte_value_times_320,function,src/python/zst/zst_analytics.py,utility_private,,,,medium,partial,verify,not_started,ACCEPTED_VERIFIED,
zst,src/python/zst/zst_analytics.py,zst_compressed_size_mod_409_times_1525_plus_decompressed_size_mod_5900_plus_min_byte_value_times_2400,function,src/python/zst/zst_analytics.py,utility_private,,,,medium,partial,verify,not_started,ACCEPTED_VERIFIED,
zst,src/python/zst/zst_analytics.py,zst_file_size_mod_419_times_1650_plus_decompressed_size_mod_6000_plus_max_byte_value_times_330,function,src/python/zst/zst_analytics.py,utility_private,,,,medium,partial,verify,not_started,ACCEPTED_VERIFIED,
zst,src/python/zst/zst_analytics.py,zst_compressed_size_mod_421_times_1575_plus_decompressed_size_mod_6100_plus_min_byte_value_times_2450,function,src/python/zst/zst_analytics.py,utility_private,,,,medium,partial,verify,not_started,ACCEPTED_VERIFIED,
zst,src/python/zst/zst_analytics.py,zst_file_size_mod_431_times_1700_plus_decompressed_size_mod_6200_plus_max_byte_value_times_340,function,src/python/zst/zst_analytics.py,utility_private,,,,medium,partial,verify,not_started,ACCEPTED_VERIFIED,
zst,src/python/zst/zst_analytics.py,zst_compressed_size_mod_433_times_1625_plus_decompressed_size_mod_6300_plus_min_byte_value_times_2500,function,src/python/zst/zst_analytics.py,utility_private,,,,medium,partial,verify,not_started,ACCEPTED_VERIFIED,
zst,src/python/zst/zst_analytics.py,zst_compressed_mod_167_times_1400_plus_decompressed_times_59_plus_file_size_times_66,function,src/python/zst/zst_analytics.py,utility_private,,,,medium,partial,verify,not_started,ACCEPTED_VERIFIED,
zst,src/python/zst/zst_analytics.py,zst_compressed_times_30_plus_decompressed_mod_300_times_195_plus_file_size_times_60,function,src/python/zst/zst_analytics.py,utility_private,,,,medium,partial,verify,not_started,ACCEPTED_VERIFIED,
zst,src/python/zst/zst_analytics.py,zst_compressed_mod_173_times_1450_plus_decompressed_times_61_plus_file_size_times_68,function,src/python/zst/zst_analytics.py,utility_private,,,,medium,partial,verify,not_started,ACCEPTED_VERIFIED,
zst,src/python/zst/zst_analytics.py,zst_compressed_times_31_plus_decompressed_mod_310_times_200_plus_file_size_times_62,function,src/python/zst/zst_analytics.py,utility_private,,,,medium,partial,verify,not_started,ACCEPTED_VERIFIED,
zst,src/python/zst/zst_analytics.py,zst_compressed_mod_173_times_1500_plus_decompressed_times_63_plus_file_size_times_70,function,src/python/zst/zst_analytics.py,utility_private,,,,medium,partial,verify,not_started,ACCEPTED_VERIFIED,
zst,src/python/zst/zst_analytics.py,zst_compressed_times_33_plus_decompressed_mod_320_times_210_plus_file_size_times_64,function,src/python/zst/zst_analytics.py,utility_private,,,,medium,partial,verify,not_started,ACCEPTED_VERIFIED,
zst,src/python/zst/zst_analytics.py,zst_compressed_mod_179_times_1550_plus_decompressed_times_65_plus_file_size_times_72,function,src/python/zst/zst_analytics.py,utility_private,,,,medium,partial,verify,not_started,ACCEPTED_VERIFIED,
zst,src/python/zst/zst_analytics.py,zst_compressed_times_35_plus_decompressed_mod_330_times_220_plus_file_size_times_66,function,src/python/zst/zst_analytics.py,utility_private,,,,medium,partial,verify,not_started,ACCEPTED_VERIFIED,
zst,src/python/zst/zst_analytics.py,zst_compressed_mod_181_times_1600_plus_decompressed_times_67_plus_file_size_times_74,function,src/python/zst/zst_analytics.py,utility_private,,,,medium,partial,verify,not_started,ACCEPTED_VERIFIED,
zst,src/python/zst/zst_analytics.py,zst_compressed_times_37_plus_decompressed_mod_340_times_230_plus_file_size_times_68,function,src/python/zst/zst_analytics.py,utility_private,,,,medium,partial,verify,not_started,ACCEPTED_VERIFIED,
zst,src/python/zst/zst_analytics.py,zst_compressed_size_mod_431_times_27_plus_decompressed_size_mod_1100_times_5_plus_max_byte_value_times_200,function,src/python/zst/zst_analytics.py,utility_private,,,,medium,partial,verify,not_started,ACCEPTED_VERIFIED,
zst,src/python/zst/zst_analytics.py,zst_compressed_size_times_31_plus_decompressed_size_times_5_plus_max_byte_value_times_11,function,src/python/zst/zst_analytics.py,utility_private,,,,medium,partial,verify,not_started,ACCEPTED_VERIFIED,
zst,src/python/zst/zst_analytics.py,zst_compressed_mod_183_times_1650_plus_decompressed_times_69_plus_file_size_times_76,function,src/python/zst/zst_analytics.py,utility_private,,,,medium,partial,verify,not_started,ACCEPTED_VERIFIED,
zst,src/python/zst/zst_analytics.py,zst_compressed_times_39_plus_decompressed_mod_350_times_240_plus_file_size_times_70,function,src/python/zst/zst_analytics.py,utility_private,,,,medium,partial,verify,not_started,ACCEPTED_VERIFIED,
zst,src/python/zst/zst_analytics.py,zst_compressed_mod_187_times_1700_plus_decompressed_times_71_plus_file_size_times_78,function,src/python/zst/zst_analytics.py,utility_private,,,,medium,partial,verify,not_started,ACCEPTED_VERIFIED,
zst,src/python/zst/zst_analytics.py,zst_compressed_times_41_plus_decompressed_mod_360_times_250_plus_file_size_times_72,function,src/python/zst/zst_analytics.py,utility_private,,,,medium,partial,verify,not_started,ACCEPTED_VERIFIED,
zst,src/python/zst/zst_analytics.py,zst_compressed_mod_191_times_1750_plus_decompressed_times_73_plus_file_size_times_80,function,src/python/zst/zst_analytics.py,utility_private,,,,medium,partial,verify,not_started,ACCEPTED_VERIFIED,
zst,src/python/zst/zst_analytics.py,zst_compressed_times_43_plus_decompressed_mod_370_times_260_plus_file_size_times_74,function,src/python/zst/zst_analytics.py,utility_private,,,,medium,partial,verify,not_started,ACCEPTED_VERIFIED,
zst,src/python/zst/zst_analytics.py,zst_compressed_mod_193_times_1800_plus_decompressed_times_75_plus_file_size_times_82,function,src/python/zst/zst_analytics.py,utility_private,,,,medium,partial,verify,not_started,ACCEPTED_VERIFIED,
zst,src/python/zst/zst_analytics.py,zst_compressed_times_45_plus_decompressed_mod_380_times_270_plus_file_size_times_76,function,src/python/zst/zst_analytics.py,utility_private,,,,medium,partial,verify,not_started,ACCEPTED_VERIFIED,
zst,src/python/zst/zst_analytics.py,zst_file_size_mod_439_times_1750_plus_decompressed_size_mod_6400_plus_max_byte_value_times_350,function,src/python/zst/zst_analytics.py,utility_private,,,,medium,partial,verify,not_started,ACCEPTED_VERIFIED,
zst,src/python/zst/zst_analytics.py,zst_compressed_size_mod_443_times_1675_plus_decompressed_size_mod_6500_plus_min_byte_value_times_2550,function,src/python/zst/zst_analytics.py,utility_private,,,,medium,partial,verify,not_started,ACCEPTED_VERIFIED,
zst,src/python/zst/zst_analytics.py,zst_compressed_mod_197_times_1850_plus_decompressed_times_77_plus_file_size_times_84,function,src/python/zst/zst_analytics.py,utility_private,,,,medium,partial,verify,not_started,ACCEPTED_VERIFIED,
zst,src/python/zst/zst_analytics.py,zst_compressed_times_47_plus_decompressed_mod_390_times_280_plus_file_size_times_78,function,src/python/zst/zst_analytics.py,utility_private,,,,medium,partial,verify,not_started,ACCEPTED_VERIFIED,
zst,src/python/zst/zst_analytics.py,zst_file_size_mod_449_times_1800_plus_decompressed_size_mod_6600_plus_max_byte_value_times_360,function,src/python/zst/zst_analytics.py,utility_private,,,,medium,partial,verify,not_started,ACCEPTED_VERIFIED,
zst,src/python/zst/zst_analytics.py,zst_compressed_size_mod_457_times_1725_plus_decompressed_size_mod_6700_plus_min_byte_value_times_2600,function,src/python/zst/zst_analytics.py,utility_private,,,,medium,partial,verify,not_started,ACCEPTED_VERIFIED,
zst,src/python/zst/zst_analytics.py,zst_file_size_mod_461_times_1850_plus_decompressed_size_mod_6800_plus_max_byte_value_times_370,function,src/python/zst/zst_analytics.py,utility_private,,,,medium,partial,verify,not_started,ACCEPTED_VERIFIED,
zst,src/python/zst/zst_analytics.py,zst_compressed_size_mod_463_times_1775_plus_decompressed_size_mod_6900_plus_min_byte_value_times_2650,function,src/python/zst/zst_analytics.py,utility_private,,,,medium,partial,verify,not_started,ACCEPTED_VERIFIED,
zst,src/python/zst/zst_analytics.py,zst_compressed_mod_199_times_1900_plus_decompressed_times_79_plus_file_size_times_86,function,src/python/zst/zst_analytics.py,utility_private,,,,medium,partial,verify,not_started,ACCEPTED_VERIFIED,
zst,src/python/zst/zst_analytics.py,zst_compressed_times_49_plus_decompressed_mod_400_times_290_plus_file_size_times_80,function,src/python/zst/zst_analytics.py,utility_private,,,,medium,partial,verify,not_started,ACCEPTED_VERIFIED,
zst,src/python/zst/zst_analytics.py,zst_compressed_size_mod_467_times_29_plus_decompressed_size_mod_7000_times_5_plus_max_byte_value_times_210,function,src/python/zst/zst_analytics.py,utility_private,,,,medium,partial,verify,not_started,ACCEPTED_VERIFIED,
zst,src/python/zst/zst_analytics.py,zst_compressed_size_times_33_plus_decompressed_size_times_6_plus_max_byte_value_times_13,function,src/python/zst/zst_analytics.py,utility_private,,,,medium,partial,verify,not_started,ACCEPTED_VERIFIED,
zst,src/python/zst/zst_analytics.py,zst_file_size_mod_467_times_1900_plus_decompressed_size_mod_7000_plus_max_byte_value_times_380,function,src/python/zst/zst_analytics.py,utility_private,,,,medium,partial,verify,not_started,ACCEPTED_VERIFIED,
zst,src/python/zst/zst_analytics.py,zst_compressed_size_mod_479_times_1825_plus_decompressed_size_mod_7100_plus_min_byte_value_times_2700,function,src/python/zst/zst_analytics.py,utility_private,,,,medium,partial,verify,not_started,ACCEPTED_VERIFIED,
zst,src/python/zst/zst_analytics.py,zst_compressed_mod_201_times_1950_plus_decompressed_times_81_plus_file_size_times_88,function,src/python/zst/zst_analytics.py,utility_private,,,,medium,partial,verify,not_started,ACCEPTED_VERIFIED,
zst,src/python/zst/zst_analytics.py,zst_compressed_times_51_plus_decompressed_mod_410_times_300_plus_file_size_times_82,function,src/python/zst/zst_analytics.py,utility_private,,,,medium,partial,verify,not_started,ACCEPTED_VERIFIED,
zst,src/python/zst/zst_analytics.py,zst_file_size_mod_487_times_1950_plus_decompressed_size_mod_7200_plus_max_byte_value_times_390,function,src/python/zst/zst_analytics.py,utility_private,,,,medium,partial,verify,not_started,ACCEPTED_VERIFIED,
zst,src/python/zst/zst_analytics.py,zst_compressed_size_mod_491_times_1875_plus_decompressed_size_mod_7300_plus_min_byte_value_times_2750,function,src/python/zst/zst_analytics.py,utility_private,,,,medium,partial,verify,not_started,ACCEPTED_VERIFIED,
zst,src/python/zst/zst_analytics.py,zst_compressed_mod_203_times_2000_plus_decompressed_times_83_plus_file_size_times_90,function,src/python/zst/zst_analytics.py,utility_private,,,,medium,partial,verify,not_started,ACCEPTED_VERIFIED,
zst,src/python/zst/zst_analytics.py,zst_compressed_times_53_plus_decompressed_mod_420_times_310_plus_file_size_times_84,function,src/python/zst/zst_analytics.py,utility_private,,,,medium,partial,verify,not_started,ACCEPTED_VERIFIED,
zst,src/python/zst/zst_analytics.py,zst_compressed_mod_207_times_2050_plus_decompressed_times_85_plus_file_size_times_92,function,src/python/zst/zst_analytics.py,utility_private,,,,medium,partial,verify,not_started,ACCEPTED_VERIFIED,
zst,src/python/zst/zst_analytics.py,zst_compressed_times_55_plus_decompressed_mod_430_times_320_plus_file_size_times_86,function,src/python/zst/zst_analytics.py,utility_private,,,,medium,partial,verify,not_started,ACCEPTED_VERIFIED,
zst,src/python/zst/zst_analytics.py,zst_file_size_mod_499_times_1975_plus_decompressed_size_mod_7400_plus_max_byte_value_times_400,function,src/python/zst/zst_analytics.py,utility_private,,,,medium,partial,verify,not_started,ACCEPTED_VERIFIED,
zst,src/python/zst/zst_analytics.py,zst_compressed_size_mod_503_times_1925_plus_decompressed_size_mod_7500_plus_min_byte_value_times_2800,function,src/python/zst/zst_analytics.py,utility_private,,,,medium,partial,verify,not_started,ACCEPTED_VERIFIED,
zst,src/python/zst/zst_analytics.py,zst_compressed_mod_211_times_2100_plus_decompressed_times_87_plus_file_size_times_94,function,src/python/zst/zst_analytics.py,utility_private,,,,medium,partial,verify,not_started,ACCEPTED_VERIFIED,
zst,src/python/zst/zst_analytics.py,zst_compressed_times_57_plus_decompressed_mod_440_times_330_plus_file_size_times_88,function,src/python/zst/zst_analytics.py,utility_private,,,,medium,partial,verify,not_started,ACCEPTED_VERIFIED,
zst,src/python/zst/zst_analytics.py,zst_file_size_mod_509_times_2000_plus_decompressed_size_mod_7600_plus_max_byte_value_times_410,function,src/python/zst/zst_analytics.py,utility_private,,,,medium,partial,verify,not_started,ACCEPTED_VERIFIED,
zst,src/python/zst/zst_analytics.py,zst_compressed_size_mod_521_times_1950_plus_decompressed_size_mod_7700_plus_min_byte_value_times_2850,function,src/python/zst/zst_analytics.py,utility_private,,,,medium,partial,verify,not_started,ACCEPTED_VERIFIED,
zst,src/python/zst/zst_analytics.py,zst_compressed_size_mod_523_times_31_plus_decompressed_size_mod_7800_times_5_plus_max_byte_value_times_215,function,src/python/zst/zst_analytics.py,utility_private,,,,medium,partial,verify,not_started,ACCEPTED_VERIFIED,
zst,src/python/zst/zst_analytics.py,zst_compressed_size_times_35_plus_decompressed_size_times_7_plus_max_byte_value_times_15,function,src/python/zst/zst_analytics.py,utility_private,,,,medium,partial,verify,not_started,ACCEPTED_VERIFIED,
zst,src/python/zst/zst_analytics.py,zst_compressed_mod_213_times_2150_plus_decompressed_times_89_plus_file_size_times_96,function,src/python/zst/zst_analytics.py,utility_private,,,,medium,partial,verify,not_started,ACCEPTED_VERIFIED,
zst,src/python/zst/zst_analytics.py,zst_compressed_times_59_plus_decompressed_mod_450_times_340_plus_file_size_times_90,function,src/python/zst/zst_analytics.py,utility_private,,,,medium,partial,verify,not_started,ACCEPTED_VERIFIED,
zst,src/python/zst/zst_analytics.py,zst_file_size_mod_523_times_2025_plus_decompressed_size_mod_7800_plus_max_byte_value_times_420,function,src/python/zst/zst_analytics.py,utility_private,,,,medium,partial,verify,not_started,ACCEPTED_VERIFIED,
zst,src/python/zst/zst_analytics.py,zst_compressed_size_mod_541_times_1975_plus_decompressed_size_mod_7900_plus_min_byte_value_times_2900,function,src/python/zst/zst_analytics.py,utility_private,,,,medium,partial,verify,not_started,ACCEPTED_VERIFIED,
zst,src/python/zst/zst_analytics.py,zst_compressed_mod_215_times_2200_plus_decompressed_times_91_plus_file_size_times_98,function,src/python/zst/zst_analytics.py,utility_private,,,,medium,partial,verify,not_started,ACCEPTED_VERIFIED,
zst,src/python/zst/zst_analytics.py,zst_compressed_times_61_plus_decompressed_mod_460_times_350_plus_file_size_times_92,function,src/python/zst/zst_analytics.py,utility_private,,,,medium,partial,verify,not_started,ACCEPTED_VERIFIED,
zst,src/python/zst/zst_analytics.py,zst_file_size_mod_547_times_2050_plus_decompressed_size_mod_8000_plus_max_byte_value_times_430,function,src/python/zst/zst_analytics.py,utility_private,,,,medium,partial,verify,not_started,ACCEPTED_VERIFIED,
zst,src/python/zst/zst_analytics.py,zst_compressed_size_mod_557_times_2000_plus_decompressed_size_mod_8100_plus_min_byte_value_times_2950,function,src/python/zst/zst_analytics.py,utility_private,,,,medium,partial,verify,not_started,ACCEPTED_VERIFIED,
zst,src/python/zst/zst_analytics.py,zst_compressed_mod_217_times_2250_plus_decompressed_times_93_plus_file_size_times_100,function,src/python/zst/zst_analytics.py,utility_private,,,,medium,partial,verify,not_started,ACCEPTED_VERIFIED,
zst,src/python/zst/zst_analytics.py,zst_compressed_times_63_plus_decompressed_mod_470_times_360_plus_file_size_times_94,function,src/python/zst/zst_analytics.py,utility_private,,,,medium,partial,verify,not_started,ACCEPTED_VERIFIED,
zst,src/python/zst/zst_analytics.py,zst_file_size_mod_563_times_2075_plus_decompressed_size_mod_8200_plus_max_byte_value_times_440,function,src/python/zst/zst_analytics.py,utility_private,,,,medium,partial,verify,not_started,ACCEPTED_VERIFIED,
zst,src/python/zst/zst_analytics.py,zst_compressed_size_mod_569_times_2025_plus_decompressed_size_mod_8300_plus_min_byte_value_times_3000,function,src/python/zst/zst_analytics.py,utility_private,,,,medium,partial,verify,not_started,ACCEPTED_VERIFIED,
zst,src/python/zst/zst_analytics.py,zst_compressed_mod_219_times_2300_plus_decompressed_times_95_plus_file_size_times_102,function,src/python/zst/zst_analytics.py,utility_private,,,,medium,partial,verify,not_started,ACCEPTED_VERIFIED,
zst,src/python/zst/zst_analytics.py,zst_compressed_times_65_plus_decompressed_mod_480_times_370_plus_file_size_times_96,function,src/python/zst/zst_analytics.py,utility_private,,,,medium,partial,verify,not_started,ACCEPTED_VERIFIED,
zst,src/python/zst/zst_analytics.py,zst_file_size_mod_571_times_2100_plus_decompressed_size_mod_8400_plus_max_byte_value_times_450,function,src/python/zst/zst_analytics.py,utility_private,,,,medium,partial,verify,not_started,ACCEPTED_VERIFIED,
zst,src/python/zst/zst_analytics.py,zst_compressed_size_mod_577_times_2050_plus_decompressed_size_mod_8500_plus_min_byte_value_times_3050,function,src/python/zst/zst_analytics.py,utility_private,,,,medium,partial,verify,not_started,ACCEPTED_VERIFIED,
zst,src/python/zst/zst_analytics.py,zst_compressed_mod_221_times_2350_plus_decompressed_times_97_plus_file_size_times_104,function,src/python/zst/zst_analytics.py,utility_private,,,,medium,partial,verify,not_started,ACCEPTED_VERIFIED,
zst,src/python/zst/zst_analytics.py,zst_compressed_times_67_plus_decompressed_mod_490_times_380_plus_file_size_times_98,function,src/python/zst/zst_analytics.py,utility_private,,,,medium,partial,verify,not_started,ACCEPTED_VERIFIED,
zst,src/python/zst/zst_analytics.py,zst_file_size_mod_587_times_2125_plus_decompressed_size_mod_8600_plus_max_byte_value_times_460,function,src/python/zst/zst_analytics.py,utility_private,,,,medium,partial,verify,not_started,ACCEPTED_VERIFIED,
zst,src/python/zst/zst_analytics.py,zst_compressed_size_mod_593_times_2075_plus_decompressed_size_mod_8700_plus_min_byte_value_times_3100,function,src/python/zst/zst_analytics.py,utility_private,,,,medium,partial,verify,not_started,ACCEPTED_VERIFIED,
zst,src/python/zst/zst_analytics.py,zst_compressed_mod_223_times_2400_plus_decompressed_times_99_plus_file_size_times_106,function,src/python/zst/zst_analytics.py,utility_private,,,,medium,partial,verify,not_started,ACCEPTED_VERIFIED,
zst,src/python/zst/zst_analytics.py,zst_compressed_times_69_plus_decompressed_mod_500_times_390_plus_file_size_times_100,function,src/python/zst/zst_analytics.py,utility_private,,,,medium,partial,verify,not_started,ACCEPTED_VERIFIED,
zst,src/python/zst/zst_analytics.py,zst_file_size_mod_599_times_2150_plus_decompressed_size_mod_8800_plus_max_byte_value_times_470,function,src/python/zst/zst_analytics.py,utility_private,,,,medium,partial,verify,not_started,ACCEPTED_VERIFIED,
zst,src/python/zst/zst_analytics.py,zst_compressed_size_mod_601_times_2100_plus_decompressed_size_mod_8900_plus_min_byte_value_times_3150,function,src/python/zst/zst_analytics.py,utility_private,,,,medium,partial,verify,not_started,ACCEPTED_VERIFIED,
zst,src/python/zst/zst_analytics.py,zst_compressed_mod_227_times_2450_plus_decompressed_times_101_plus_file_size_times_108,function,src/python/zst/zst_analytics.py,utility_private,,,,medium,partial,verify,not_started,ACCEPTED_VERIFIED,
zst,src/python/zst/zst_analytics.py,zst_compressed_times_71_plus_decompressed_mod_510_times_400_plus_file_size_times_102,function,src/python/zst/zst_analytics.py,utility_private,,,,medium,partial,verify,not_started,ACCEPTED_VERIFIED,
zst,src/python/zst/zst_analytics.py,zst_file_size_mod_607_times_2175_plus_decompressed_size_mod_9000_plus_max_byte_value_times_480,function,src/python/zst/zst_analytics.py,utility_private,,,,medium,partial,verify,not_started,ACCEPTED_VERIFIED,
zst,src/python/zst/zst_analytics.py,zst_compressed_size_mod_613_times_2125_plus_decompressed_size_mod_9100_plus_min_byte_value_times_3200,function,src/python/zst/zst_analytics.py,utility_private,,,,medium,partial,verify,not_started,ACCEPTED_VERIFIED,
zst,src/python/zst/zst_analytics.py,zst_compressed_size_mod_547_times_31_plus_decompressed_size_mod_8000_times_5_plus_max_byte_value_times_220,function,src/python/zst/zst_analytics.py,utility_private,,,,medium,partial,verify,not_started,ACCEPTED_VERIFIED,
zst,src/python/zst/zst_analytics.py,zst_compressed_size_times_37_plus_decompressed_size_times_8_plus_max_byte_value_times_16,function,src/python/zst/zst_analytics.py,utility_private,,,,medium,partial,verify,not_started,ACCEPTED_VERIFIED,
zst,src/python/zst/zst_analytics.py,zst_compressed_mod_229_times_2500_plus_decompressed_times_103_plus_file_size_times_110,function,src/python/zst/zst_analytics.py,utility_private,,,,medium,partial,verify,not_started,ACCEPTED_VERIFIED,
zst,src/python/zst/zst_analytics.py,zst_compressed_times_73_plus_decompressed_mod_520_times_410_plus_file_size_times_104,function,src/python/zst/zst_analytics.py,utility_private,,,,medium,partial,verify,not_started,ACCEPTED_VERIFIED,
zst,src/python/zst/zst_analytics.py,zst_file_size_mod_617_times_2200_plus_decompressed_size_mod_9200_plus_max_byte_value_times_490,function,src/python/zst/zst_analytics.py,utility_private,,,,medium,partial,verify,not_started,ACCEPTED_VERIFIED,
zst,src/python/zst/zst_analytics.py,zst_compressed_size_mod_619_times_2150_plus_decompressed_size_mod_9300_plus_min_byte_value_times_3250,function,src/python/zst/zst_analytics.py,utility_private,,,,medium,partial,verify,not_started,ACCEPTED_VERIFIED,
zst,src/python/zst/zst_analytics.py,zst_compressed_mod_233_times_2550_plus_decompressed_times_105_plus_file_size_times_112,function,src/python/zst/zst_analytics.py,utility_private,,,,medium,partial,verify,not_started,ACCEPTED_VERIFIED,
zst,src/python/zst/zst_analytics.py,zst_compressed_times_75_plus_decompressed_mod_530_times_420_plus_file_size_times_106,function,src/python/zst/zst_analytics.py,utility_private,,,,medium,partial,verify,not_started,ACCEPTED_VERIFIED,
zst,src/python/zst/zst_analytics.py,zst_compressed_mod_239_times_2600_plus_decompressed_times_107_plus_file_size_times_114,function,src/python/zst/zst_analytics.py,utility_private,,,,medium,partial,verify,not_started,ACCEPTED_VERIFIED,
zst,src/python/zst/zst_analytics.py,zst_compressed_times_77_plus_decompressed_mod_540_times_430_plus_file_size_times_108,function,src/python/zst/zst_analytics.py,utility_private,,,,medium,partial,verify,not_started,ACCEPTED_VERIFIED,
zst,src/python/zst/zst_analytics.py,zst_file_size_mod_631_times_2250_plus_decompressed_size_mod_9400_plus_max_byte_value_times_500,function,src/python/zst/zst_analytics.py,utility_private,,,,medium,partial,verify,not_started,ACCEPTED_VERIFIED,
zst,src/python/zst/zst_analytics.py,zst_compressed_size_mod_641_times_2200_plus_decompressed_size_mod_9500_plus_min_byte_value_times_3300,function,src/python/zst/zst_analytics.py,utility_private,,,,medium,partial,verify,not_started,ACCEPTED_VERIFIED,
zst,src/python/zst/zst_analytics.py,zst_compressed_mod_241_times_2650_plus_decompressed_times_109_plus_file_size_times_116,function,src/python/zst/zst_analytics.py,utility_private,,,,medium,partial,verify,not_started,ACCEPTED_VERIFIED,
zst,src/python/zst/zst_analytics.py,zst_compressed_times_79_plus_decompressed_mod_550_times_440_plus_file_size_times_110,function,src/python/zst/zst_analytics.py,utility_private,,,,medium,partial,verify,not_started,ACCEPTED_VERIFIED,
zst,src/python/zst/zst_analytics.py,zst_file_size_mod_643_times_2300_plus_decompressed_size_mod_9600_plus_max_byte_value_times_510,function,src/python/zst/zst_analytics.py,utility_private,,,,medium,partial,verify,not_started,ACCEPTED_VERIFIED,
zst,src/python/zst/zst_analytics.py,zst_compressed_size_mod_647_times_2250_plus_decompressed_size_mod_9700_plus_min_byte_value_times_3350,function,src/python/zst/zst_analytics.py,utility_private,,,,medium,partial,verify,not_started,ACCEPTED_VERIFIED,
zst,src/python/zst/zst_analytics.py,zst_compressed_mod_243_times_2700_plus_decompressed_times_111_plus_file_size_times_118,function,src/python/zst/zst_analytics.py,utility_private,,,,medium,partial,verify,not_started,ACCEPTED_VERIFIED,
zst,src/python/zst/zst_analytics.py,zst_compressed_times_81_plus_decompressed_mod_560_times_450_plus_file_size_times_112,function,src/python/zst/zst_analytics.py,utility_private,,,,medium,partial,verify,not_started,ACCEPTED_VERIFIED,
zst,src/python/zst/zst_analytics.py,zst_compressed_mod_247_times_2750_plus_decompressed_times_113_plus_file_size_times_120,function,src/python/zst/zst_analytics.py,utility_private,,,,medium,partial,verify,not_started,ACCEPTED_VERIFIED,
zst,src/python/zst/zst_analytics.py,zst_compressed_times_83_plus_decompressed_mod_570_times_460_plus_file_size_times_114,function,src/python/zst/zst_analytics.py,utility_private,,,,medium,partial,verify,not_started,ACCEPTED_VERIFIED,
zst,src/python/zst/zst_analytics.py,zst_file_size_mod_653_times_2350_plus_decompressed_size_mod_9800_plus_max_byte_value_times_520,function,src/python/zst/zst_analytics.py,utility_private,,,,medium,partial,verify,not_started,ACCEPTED_VERIFIED,
zst,src/python/zst/zst_analytics.py,zst_compressed_size_mod_659_times_2300_plus_decompressed_size_mod_9900_plus_min_byte_value_times_3400,function,src/python/zst/zst_analytics.py,utility_private,,,,medium,partial,verify,not_started,ACCEPTED_VERIFIED,
zst,src/python/zst/zst_analytics.py,zst_compressed_size_mod_557_times_31_plus_decompressed_size_mod_8200_times_5_plus_max_byte_value_times_225,function,src/python/zst/zst_analytics.py,utility_private,,,,medium,partial,verify,not_started,ACCEPTED_VERIFIED,
zst,src/python/zst/zst_analytics.py,zst_compressed_size_times_39_plus_decompressed_size_times_9_plus_max_byte_value_times_17,function,src/python/zst/zst_analytics.py,utility_private,,,,medium,partial,verify,not_started,ACCEPTED_VERIFIED,
zst,src/python/zst/zst_analytics.py,zst_compressed_mod_251_times_2800_plus_decompressed_times_115_plus_file_size_times_122,function,src/python/zst/zst_analytics.py,utility_private,,,,medium,partial,verify,not_started,ACCEPTED_VERIFIED,
zst,src/python/zst/zst_analytics.py,zst_compressed_times_85_plus_decompressed_mod_580_times_470_plus_file_size_times_116,function,src/python/zst/zst_analytics.py,utility_private,,,,medium,partial,verify,not_started,ACCEPTED_VERIFIED,
zst,src/python/zst/zst_analytics.py,zst_compressed_mod_253_times_2800_plus_decompressed_times_115_plus_file_size_times_122,function,src/python/zst/zst_analytics.py,utility_private,,,,medium,partial,verify,not_started,ACCEPTED_VERIFIED,
zst,src/python/zst/zst_analytics.py,zst_compressed_times_85_plus_decompressed_mod_580_times_470_plus_file_size_times_116,function,src/python/zst/zst_analytics.py,utility_private,,,,medium,partial,verify,not_started,ACCEPTED_VERIFIED,
zst,src/python/zst/zst_analytics.py,zst_file_size_mod_661_times_2400_plus_decompressed_size_mod_9900_plus_max_byte_value_times_530,function,src/python/zst/zst_analytics.py,utility_private,,,,medium,partial,verify,not_started,ACCEPTED_VERIFIED,
zst,src/python/zst/zst_analytics.py,zst_compressed_size_mod_673_times_2350_plus_decompressed_size_mod_9800_plus_min_byte_value_times_3450,function,src/python/zst/zst_analytics.py,utility_private,,,,medium,partial,verify,not_started,ACCEPTED_VERIFIED,
zst,src/python/zst/zst_analytics.py,zst_compressed_mod_257_times_2850_plus_decompressed_times_117_plus_file_size_times_124,function,src/python/zst/zst_analytics.py,utility_private,,,,medium,partial,verify,not_started,ACCEPTED_VERIFIED,
zst,src/python/zst/zst_analytics.py,zst_compressed_times_87_plus_decompressed_mod_590_times_480_plus_file_size_times_118,function,src/python/zst/zst_analytics.py,utility_private,,,,medium,partial,verify,not_started,ACCEPTED_VERIFIED,
zst,src/python/zst/zst_analytics.py,zst_compressed_mod_259_times_2900_plus_decompressed_times_119_plus_file_size_times_126,function,src/python/zst/zst_analytics.py,utility_private,,,,medium,partial,verify,not_started,ACCEPTED_VERIFIED,
zst,src/python/zst/zst_analytics.py,zst_compressed_times_89_plus_decompressed_mod_600_times_490_plus_file_size_times_120,function,src/python/zst/zst_analytics.py,utility_private,,,,medium,partial,verify,not_started,ACCEPTED_VERIFIED,
zst,src/python/zst/zst_analytics.py,zst_file_size_mod_677_times_2450_plus_decompressed_size_mod_9700_plus_max_byte_value_times_540,function,src/python/zst/zst_analytics.py,utility_private,,,,medium,partial,verify,not_started,ACCEPTED_VERIFIED,
zst,src/python/zst/zst_analytics.py,zst_compressed_size_mod_683_times_2400_plus_decompressed_size_mod_9600_plus_min_byte_value_times_3500,function,src/python/zst/zst_analytics.py,utility_private,,,,medium,partial,verify,not_started,ACCEPTED_VERIFIED,
zst,src/python/zst/zst_analytics.py,zst_compressed_mod_263_times_2950_plus_decompressed_times_121_plus_file_size_times_128,function,src/python/zst/zst_analytics.py,utility_private,,,,medium,partial,verify,not_started,ACCEPTED_VERIFIED,
zst,src/python/zst/zst_analytics.py,zst_compressed_times_91_plus_decompressed_mod_610_times_500_plus_file_size_times_122,function,src/python/zst/zst_analytics.py,utility_private,,,,medium,partial,verify,not_started,ACCEPTED_VERIFIED,
zst,src/python/zst/zst_analytics.py,zst_file_size_mod_691_times_2500_plus_decompressed_size_mod_9500_plus_max_byte_value_times_550,function,src/python/zst/zst_analytics.py,utility_private,,,,medium,partial,verify,not_started,ACCEPTED_VERIFIED,
zst,src/python/zst/zst_analytics.py,zst_compressed_size_mod_701_times_2450_plus_decompressed_size_mod_9400_plus_min_byte_value_times_3550,function,src/python/zst/zst_analytics.py,utility_private,,,,medium,partial,verify,not_started,ACCEPTED_VERIFIED,
zst,src/python/zst/zst_analytics.py,zst_compressed_mod_269_times_3000_plus_decompressed_times_123_plus_file_size_times_130,function,src/python/zst/zst_analytics.py,utility_private,,,,medium,partial,verify,not_started,ACCEPTED_VERIFIED,
zst,src/python/zst/zst_analytics.py,zst_compressed_times_93_plus_decompressed_mod_620_times_510_plus_file_size_times_124,function,src/python/zst/zst_analytics.py,utility_private,,,,medium,partial,verify,not_started,ACCEPTED_VERIFIED,
zst,src/python/zst/zst_analytics.py,zst_compressed_mod_271_times_3050_plus_decompressed_times_125_plus_file_size_times_132,function,src/python/zst/zst_analytics.py,utility_private,,,,medium,partial,verify,not_started,ACCEPTED_VERIFIED,
zst,src/python/zst/zst_analytics.py,zst_compressed_times_95_plus_decompressed_mod_630_times_520_plus_file_size_times_126,function,src/python/zst/zst_analytics.py,utility_private,,,,medium,partial,verify,not_started,ACCEPTED_VERIFIED,
zst,src/python/zst/zst_analytics.py,zst_compressed_size_mod_563_times_31_plus_decompressed_size_mod_8400_times_5_plus_max_byte_value_times_230,function,src/python/zst/zst_analytics.py,utility_private,,,,medium,partial,verify,not_started,ACCEPTED_VERIFIED,
zst,src/python/zst/zst_analytics.py,zst_compressed_size_times_41_plus_decompressed_size_times_10_plus_max_byte_value_times_18,function,src/python/zst/zst_analytics.py,utility_private,,,,medium,partial,verify,not_started,ACCEPTED_VERIFIED,
zst,src/python/zst/zst_analytics.py,zst_file_size_mod_709_times_2550_plus_decompressed_size_mod_9300_plus_max_byte_value_times_560,function,src/python/zst/zst_analytics.py,utility_private,,,,medium,partial,verify,not_started,ACCEPTED_VERIFIED,
zst,src/python/zst/zst_analytics.py,zst_compressed_size_mod_719_times_2500_plus_decompressed_size_mod_9200_plus_min_byte_value_times_3600,function,src/python/zst/zst_analytics.py,utility_private,,,,medium,partial,verify,not_started,ACCEPTED_VERIFIED,
zst,src/python/zst/zst_analytics.py,zst_file_size_mod_727_times_2600_plus_decompressed_size_mod_9100_plus_max_byte_value_times_570,function,src/python/zst/zst_analytics.py,utility_private,,,,medium,partial,verify,not_started,ACCEPTED_VERIFIED,
zst,src/python/zst/zst_analytics.py,zst_compressed_size_mod_733_times_2550_plus_decompressed_size_mod_9000_plus_min_byte_value_times_3650,function,src/python/zst/zst_analytics.py,utility_private,,,,medium,partial,verify,not_started,ACCEPTED_VERIFIED,
zst,src/python/zst/zst_analytics.py,zst_file_size_mod_739_times_2650_plus_decompressed_size_mod_8900_plus_max_byte_value_times_580,function,src/python/zst/zst_analytics.py,utility_private,,,,medium,partial,verify,not_started,ACCEPTED_VERIFIED,
zst,src/python/zst/zst_analytics.py,zst_compressed_size_mod_743_times_2600_plus_decompressed_size_mod_8800_plus_min_byte_value_times_3700,function,src/python/zst/zst_analytics.py,utility_private,,,,medium,partial,verify,not_started,ACCEPTED_VERIFIED,
zst,src/python/zst/zst_analytics.py,zst_file_size_mod_751_times_2700_plus_decompressed_size_mod_8700_plus_max_byte_value_times_590,function,src/python/zst/zst_analytics.py,utility_private,,,,medium,partial,verify,not_started,ACCEPTED_VERIFIED,
zst,src/python/zst/zst_analytics.py,zst_compressed_size_mod_757_times_2650_plus_decompressed_size_mod_8600_plus_min_byte_value_times_3750,function,src/python/zst/zst_analytics.py,utility_private,,,,medium,partial,verify,not_started,ACCEPTED_VERIFIED,
zst,src/python/zst/zst_analytics.py,zst_file_size_mod_761_times_2750_plus_decompressed_size_mod_8500_plus_max_byte_value_times_600,function,src/python/zst/zst_analytics.py,utility_private,,,,medium,partial,verify,not_started,ACCEPTED_VERIFIED,
zst,src/python/zst/zst_analytics.py,zst_compressed_size_mod_769_times_2700_plus_decompressed_size_mod_8400_plus_min_byte_value_times_3800,function,src/python/zst/zst_analytics.py,utility_private,,,,medium,partial,verify,not_started,ACCEPTED_VERIFIED,
zst,src/python/zst/zst_analytics.py,zst_file_size_mod_773_times_2800_plus_decompressed_size_mod_8600_plus_max_byte_value_times_650,function,src/python/zst/zst_analytics.py,utility_private,,,,medium,partial,verify,not_started,ACCEPTED_VERIFIED,
zst,src/python/zst/zst_analytics.py,zst_compressed_size_mod_787_times_2750_plus_decompressed_size_mod_8500_plus_min_byte_value_times_3900,function,src/python/zst/zst_analytics.py,utility_private,,,,medium,partial,verify,not_started,ACCEPTED_VERIFIED,
zst,src/python/zst/zst_analytics.py,zst_file_size_mod_797_times_2850_plus_decompressed_size_mod_8700_plus_max_byte_value_times_700,function,src/python/zst/zst_analytics.py,utility_private,,,,medium,partial,verify,not_started,ACCEPTED_VERIFIED,
zst,src/python/zst/zst_analytics.py,zst_compressed_size_mod_809_times_2900_plus_decompressed_size_mod_8800_plus_min_byte_value_times_4000,function,src/python/zst/zst_analytics.py,utility_private,,,,medium,partial,verify,not_started,ACCEPTED_VERIFIED,
zst,src/python/zst/zst_analytics.py,zst_file_size_mod_811_times_2950_plus_decompressed_size_mod_8900_plus_max_byte_value_times_750,function,src/python/zst/zst_analytics.py,utility_private,,,,medium,partial,verify,not_started,ACCEPTED_VERIFIED,
zst,src/python/zst/zst_analytics.py,zst_compressed_size_mod_821_times_3000_plus_decompressed_size_mod_9000_plus_min_byte_value_times_4100,function,src/python/zst/zst_analytics.py,utility_private,,,,medium,partial,verify,not_started,ACCEPTED_VERIFIED,
zst,src/python/zst/zst_analytics.py,zst_file_size_mod_823_times_3050_plus_decompressed_size_mod_9100_plus_max_byte_value_times_800,function,src/python/zst/zst_analytics.py,utility_private,,,,medium,partial,verify,not_started,ACCEPTED_VERIFIED,
zst,src/python/zst/zst_analytics.py,zst_compressed_size_mod_827_times_3100_plus_decompressed_size_mod_9200_plus_min_byte_value_times_4200,function,src/python/zst/zst_analytics.py,utility_private,,,,medium,partial,verify,not_started,ACCEPTED_VERIFIED,
zst,src/python/zst/zst_analytics.py,zst_compressed_mod_277_times_3100_plus_decompressed_times_127_plus_file_size_times_134,function,src/python/zst/zst_analytics.py,utility_private,,,,medium,partial,verify,not_started,ACCEPTED_VERIFIED,
zst,src/python/zst/zst_analytics.py,zst_compressed_times_97_plus_decompressed_mod_640_times_530_plus_file_size_times_128,function,src/python/zst/zst_analytics.py,utility_private,,,,medium,partial,verify,not_started,ACCEPTED_VERIFIED,
zst,src/python/zst/zst_analytics.py,zst_compressed_mod_281_times_3150_plus_decompressed_times_129_plus_file_size_times_136,function,src/python/zst/zst_analytics.py,utility_private,,,,medium,partial,verify,not_started,ACCEPTED_VERIFIED,
zst,src/python/zst/zst_analytics.py,zst_compressed_times_99_plus_decompressed_mod_650_times_540_plus_file_size_times_130,function,src/python/zst/zst_analytics.py,utility_private,,,,medium,partial,verify,not_started,ACCEPTED_VERIFIED,
zst,src/python/zst/zst_analytics.py,zst_compressed_mod_283_times_3200_plus_decompressed_times_131_plus_file_size_times_138,function,src/python/zst/zst_analytics.py,utility_private,,,,medium,partial,verify,not_started,ACCEPTED_VERIFIED,
zst,src/python/zst/zst_analytics.py,zst_compressed_times_101_plus_decompressed_mod_660_times_550_plus_file_size_times_132,function,src/python/zst/zst_analytics.py,utility_private,,,,medium,partial,verify,not_started,ACCEPTED_VERIFIED,
zst,src/python/zst/zst_analytics.py,zst_compressed_size_mod_569_times_31_plus_decompressed_size_mod_8600_times_5_plus_max_byte_value_times_235,function,src/python/zst/zst_analytics.py,utility_private,,,,medium,partial,verify,not_started,ACCEPTED_VERIFIED,
zst,src/python/zst/zst_analytics.py,zst_compressed_size_times_43_plus_decompressed_size_times_11_plus_max_byte_value_times_19,function,src/python/zst/zst_analytics.py,utility_private,,,,medium,partial,verify,not_started,ACCEPTED_VERIFIED,
zst,src/python/zst/zst_analytics.py,zst_compressed_mod_287_times_3250_plus_decompressed_times_133_plus_file_size_times_140,function,src/python/zst/zst_analytics.py,utility_private,,,,medium,partial,verify,not_started,ACCEPTED_VERIFIED,
zst,src/python/zst/zst_analytics.py,zst_compressed_times_103_plus_decompressed_mod_670_times_560_plus_file_size_times_134,function,src/python/zst/zst_analytics.py,utility_private,,,,medium,partial,verify,not_started,ACCEPTED_VERIFIED,
zst,src/python/zst/zst_analytics.py,zst_compressed_mod_289_times_3300_plus_decompressed_times_135_plus_file_size_times_142,function,src/python/zst/zst_analytics.py,utility_private,,,,medium,partial,verify,not_started,ACCEPTED_VERIFIED,
zst,src/python/zst/zst_analytics.py,zst_compressed_times_105_plus_decompressed_mod_680_times_570_plus_file_size_times_136,function,src/python/zst/zst_analytics.py,utility_private,,,,medium,partial,verify,not_started,ACCEPTED_VERIFIED,
zst,src/python/zst/zst_analytics.py,zst_compressed_mod_293_times_3350_plus_decompressed_times_137_plus_file_size_times_144,function,src/python/zst/zst_analytics.py,utility_private,,,,medium,partial,verify,not_started,ACCEPTED_VERIFIED,
zst,src/python/zst/zst_analytics.py,zst_compressed_times_107_plus_decompressed_mod_690_times_580_plus_file_size_times_138,function,src/python/zst/zst_analytics.py,utility_private,,,,medium,partial,verify,not_started,ACCEPTED_VERIFIED,
zst,src/python/zst/zst_analytics.py,zst_compressed_mod_297_times_3400_plus_decompressed_times_139_plus_file_size_times_146,function,src/python/zst/zst_analytics.py,utility_private,,,,medium,partial,verify,not_started,ACCEPTED_VERIFIED,
zst,src/python/zst/zst_analytics.py,zst_compressed_times_109_plus_decompressed_mod_700_times_590_plus_file_size_times_140,function,src/python/zst/zst_analytics.py,utility_private,,,,medium,partial,verify,not_started,ACCEPTED_VERIFIED,
zst,src/python/zst/zst_analytics.py,zst_compressed_mod_301_times_3450_plus_decompressed_times_141_plus_file_size_times_148,function,src/python/zst/zst_analytics.py,utility_private,,,,medium,partial,verify,not_started,ACCEPTED_VERIFIED,
zst,src/python/zst/zst_analytics.py,zst_compressed_times_111_plus_decompressed_mod_710_times_600_plus_file_size_times_142,function,src/python/zst/zst_analytics.py,utility_private,,,,medium,partial,verify,not_started,ACCEPTED_VERIFIED,
zst,src/python/zst/zst_analytics.py,zst_compressed_size_mod_571_times_31_plus_decompressed_size_mod_8800_times_5_plus_max_byte_value_times_240,function,src/python/zst/zst_analytics.py,utility_private,,,,medium,partial,verify,not_started,ACCEPTED_VERIFIED,
zst,src/python/zst/zst_analytics.py,zst_compressed_size_times_45_plus_decompressed_size_times_12_plus_max_byte_value_times_20,function,src/python/zst/zst_analytics.py,utility_private,,,,medium,partial,verify,not_started,ACCEPTED_VERIFIED,
zst,src/python/zst/zst_analytics.py,zst_compressed_mod_307_times_3500_plus_decompressed_times_143_plus_file_size_times_150,function,src/python/zst/zst_analytics.py,utility_private,,,,medium,partial,verify,not_started,ACCEPTED_VERIFIED,
zst,src/python/zst/zst_analytics.py,zst_compressed_times_113_plus_decompressed_mod_720_times_610_plus_file_size_times_144,function,src/python/zst/zst_analytics.py,utility_private,,,,medium,partial,verify,not_started,ACCEPTED_VERIFIED,
zst,src/python/zst/zst_analytics.py,zst_compressed_mod_311_times_3550_plus_decompressed_times_145_plus_file_size_times_152,function,src/python/zst/zst_analytics.py,utility_private,,,,medium,partial,verify,not_started,ACCEPTED_VERIFIED,
zst,src/python/zst/zst_analytics.py,zst_compressed_times_115_plus_decompressed_mod_730_times_620_plus_file_size_times_146,function,src/python/zst/zst_analytics.py,utility_private,,,,medium,partial,verify,not_started,ACCEPTED_VERIFIED,
zst,src/python/zst/zst_analytics.py,zst_compressed_mod_313_times_3600_plus_decompressed_times_147_plus_file_size_times_154,function,src/python/zst/zst_analytics.py,utility_private,,,,medium,partial,verify,not_started,ACCEPTED_VERIFIED,
zst,src/python/zst/zst_analytics.py,zst_compressed_times_117_plus_decompressed_mod_740_times_630_plus_file_size_times_148,function,src/python/zst/zst_analytics.py,utility_private,,,,medium,partial,verify,not_started,ACCEPTED_VERIFIED,
zst,src/python/zst/zst_analytics.py,zst_compressed_mod_317_times_3650_plus_decompressed_times_149_plus_file_size_times_156,function,src/python/zst/zst_analytics.py,utility_private,,,,medium,partial,verify,not_started,ACCEPTED_VERIFIED,
zst,src/python/zst/zst_analytics.py,zst_compressed_times_119_plus_decompressed_mod_750_times_640_plus_file_size_times_150,function,src/python/zst/zst_analytics.py,utility_private,,,,medium,partial,verify,not_started,ACCEPTED_VERIFIED,
zst,src/python/zst/zst_analytics.py,zst_compressed_mod_331_times_3700_plus_decompressed_times_151_plus_file_size_times_158,function,src/python/zst/zst_analytics.py,utility_private,,,,medium,partial,verify,not_started,ACCEPTED_VERIFIED,
zst,src/python/zst/zst_analytics.py,zst_compressed_times_121_plus_decompressed_mod_760_times_650_plus_file_size_times_152,function,src/python/zst/zst_analytics.py,utility_private,,,,medium,partial,verify,not_started,ACCEPTED_VERIFIED,
zst,src/python/zst/zst_analytics.py,zst_compressed_mod_337_times_3750_plus_decompressed_times_153_plus_file_size_times_160,function,src/python/zst/zst_analytics.py,utility_private,,,,medium,partial,verify,not_started,ACCEPTED_VERIFIED,
zst,src/python/zst/zst_analytics.py,zst_compressed_times_123_plus_decompressed_mod_770_times_660_plus_file_size_times_154,function,src/python/zst/zst_analytics.py,utility_private,,,,medium,partial,verify,not_started,ACCEPTED_VERIFIED,
zst,src/python/zst/zst_analytics.py,zst_compressed_mod_347_times_3800_plus_decompressed_times_155_plus_file_size_times_162,function,src/python/zst/zst_analytics.py,utility_private,,,,medium,partial,verify,not_started,ACCEPTED_VERIFIED,
zst,src/python/zst/zst_analytics.py,zst_compressed_times_125_plus_decompressed_mod_780_times_670_plus_file_size_times_156,function,src/python/zst/zst_analytics.py,utility_private,,,,medium,partial,verify,not_started,ACCEPTED_VERIFIED,
zst,src/python/zst/zst_analytics.py,zst_compressed_mod_353_times_3850_plus_decompressed_times_157_plus_file_size_times_164,function,src/python/zst/zst_analytics.py,utility_private,,,,medium,partial,verify,not_started,ACCEPTED_VERIFIED,
zst,src/python/zst/zst_analytics.py,zst_compressed_times_127_plus_decompressed_mod_790_times_680_plus_file_size_times_158,function,src/python/zst/zst_analytics.py,utility_private,,,,medium,partial,verify,not_started,ACCEPTED_VERIFIED,
zst,src/python/zst/zst_analytics.py,zst_compressed_mod_359_times_3900_plus_decompressed_times_159_plus_file_size_times_166,function,src/python/zst/zst_analytics.py,utility_private,,,,medium,partial,verify,not_started,ACCEPTED_VERIFIED,
zst,src/python/zst/zst_analytics.py,zst_compressed_times_129_plus_decompressed_mod_800_times_690_plus_file_size_times_160,function,src/python/zst/zst_analytics.py,utility_private,,,,medium,partial,verify,not_started,ACCEPTED_VERIFIED,
zst,src/python/zst/zst_analytics.py,zst_file_size_mod_839_times_3100_plus_decompressed_size_mod_9300_plus_max_byte_value_times_850,function,src/python/zst/zst_analytics.py,utility_private,,,,medium,partial,verify,not_started,ACCEPTED_VERIFIED,
zst,src/python/zst/zst_analytics.py,zst_compressed_size_mod_857_times_2100_plus_decompressed_size_mod_9800_plus_min_byte_value_times_3750,function,src/python/zst/zst_analytics.py,utility_private,,,,medium,partial,verify,not_started,ACCEPTED_VERIFIED,
zst,src/python/zst/zst_analytics.py,zst_compressed_mod_367_times_3950_plus_decompressed_times_161_plus_file_size_times_168,function,src/python/zst/zst_analytics.py,utility_private,,,,medium,partial,verify,not_started,ACCEPTED_VERIFIED,
zst,src/python/zst/zst_analytics.py,zst_compressed_times_131_plus_decompressed_mod_810_times_700_plus_file_size_times_162,function,src/python/zst/zst_analytics.py,utility_private,,,,medium,partial,verify,not_started,ACCEPTED_VERIFIED,
zst,src/python/zst/zst_analytics.py,zst_compressed_mod_367_times_3950_plus_decompressed_times_161_plus_file_size_times_168,function,src/python/zst/zst_analytics.py,utility_private,,,,medium,partial,verify,not_started,ACCEPTED_VERIFIED,
zst,src/python/zst/zst_analytics.py,zst_compressed_times_131_plus_decompressed_mod_810_times_700_plus_file_size_times_162,function,src/python/zst/zst_analytics.py,utility_private,,,,medium,partial,verify,not_started,ACCEPTED_VERIFIED,
zst,src/python/zst/zst_analytics.py,zst_compressed_mod_373_times_4000_plus_decompressed_times_163_plus_file_size_times_170,function,src/python/zst/zst_analytics.py,utility_private,,,,medium,partial,verify,not_started,ACCEPTED_VERIFIED,
zst,src/python/zst/zst_analytics.py,zst_compressed_times_133_plus_decompressed_mod_820_times_710_plus_file_size_times_164,function,src/python/zst/zst_analytics.py,utility_private,,,,medium,partial,verify,not_started,ACCEPTED_VERIFIED,
zst,src/python/zst/zst_analytics.py,zst_compressed_mod_379_times_4050_plus_decompressed_times_165_plus_file_size_times_172,function,src/python/zst/zst_analytics.py,utility_private,,,,medium,partial,verify,not_started,ACCEPTED_VERIFIED,
zst,src/python/zst/zst_analytics.py,zst_compressed_times_135_plus_decompressed_mod_830_times_720_plus_file_size_times_166,function,src/python/zst/zst_analytics.py,utility_private,,,,medium,partial,verify,not_started,ACCEPTED_VERIFIED,
zst,src/python/zst/zst_analytics.py,zst_compressed_mod_383_times_4100_plus_decompressed_times_167_plus_file_size_times_174,function,src/python/zst/zst_analytics.py,utility_private,,,,medium,partial,verify,not_started,ACCEPTED_VERIFIED,
zst,src/python/zst/zst_analytics.py,zst_compressed_times_137_plus_decompressed_mod_840_times_730_plus_file_size_times_168,function,src/python/zst/zst_analytics.py,utility_private,,,,medium,partial,verify,not_started,ACCEPTED_VERIFIED,
zst,src/python/zst/zst_analytics.py,zst_compressed_mod_389_times_4150_plus_decompressed_times_169_plus_file_size_times_176,function,src/python/zst/zst_analytics.py,utility_private,,,,medium,partial,verify,not_started,ACCEPTED_VERIFIED,
zst,src/python/zst/zst_analytics.py,zst_compressed_times_139_plus_decompressed_mod_850_times_740_plus_file_size_times_170,function,src/python/zst/zst_analytics.py,utility_private,,,,medium,partial,verify,not_started,ACCEPTED_VERIFIED,
zst,src/python/zst/zst_analytics.py,zst_compressed_mod_397_times_4200_plus_decompressed_times_171_plus_file_size_times_178,function,src/python/zst/zst_analytics.py,utility_private,,,,medium,partial,verify,not_started,ACCEPTED_VERIFIED,
zst,src/python/zst/zst_analytics.py,zst_compressed_times_141_plus_decompressed_mod_860_times_750_plus_file_size_times_172,function,src/python/zst/zst_analytics.py,utility_private,,,,medium,partial,verify,not_started,ACCEPTED_VERIFIED,
zst,src/python/zst/zst_analytics.py,zst_compressed_mod_391_times_4200_plus_decompressed_times_171_plus_file_size_times_178,function,src/python/zst/zst_analytics.py,utility_private,,,,medium,partial,verify,not_started,ACCEPTED_VERIFIED,
zst,src/python/zst/zst_analytics.py,zst_compressed_times_141_plus_decompressed_mod_870_times_760_plus_file_size_times_174,function,src/python/zst/zst_analytics.py,utility_private,,,,medium,partial,verify,not_started,ACCEPTED_VERIFIED,
zst,src/python/zst/zst_analytics.py,zst_compressed_mod_397_times_4250_plus_decompressed_times_173_plus_file_size_times_180,function,src/python/zst/zst_analytics.py,utility_private,,,,medium,partial,verify,not_started,ACCEPTED_VERIFIED,
zst,src/python/zst/zst_analytics.py,zst_compressed_times_143_plus_decompressed_mod_880_times_770_plus_file_size_times_176,function,src/python/zst/zst_analytics.py,utility_private,,,,medium,partial,verify,not_started,ACCEPTED_VERIFIED,
zst,src/python/zst/zst_analytics.py,zst_compressed_mod_401_times_4300_plus_decompressed_times_175_plus_file_size_times_182,function,src/python/zst/zst_analytics.py,utility_private,,,,medium,partial,verify,not_started,ACCEPTED_VERIFIED,
zst,src/python/zst/zst_analytics.py,zst_compressed_times_149_plus_decompressed_mod_890_times_780_plus_file_size_times_178,function,src/python/zst/zst_analytics.py,utility_private,,,,medium,partial,verify,not_started,ACCEPTED_VERIFIED,
zst,src/python/zst/zst_analytics.py,zst_file_size_mod_863_times_3200_plus_decompressed_size_mod_9400_plus_max_byte_value_times_900,function,src/python/zst/zst_analytics.py,utility_private,,,,medium,partial,verify,not_started,ACCEPTED_VERIFIED,
zst,src/python/zst/zst_analytics.py,zst_compressed_size_mod_877_times_2200_plus_decompressed_size_mod_9900_plus_min_byte_value_times_4000,function,src/python/zst/zst_analytics.py,utility_private,,,,medium,partial,verify,not_started,ACCEPTED_VERIFIED,
zst,src/python/zst/zst_analytics.py,zst_compressed_mod_409_times_4350_plus_decompressed_times_175_plus_file_size_times_182,function,src/python/zst/zst_analytics.py,utility_private,,,,medium,partial,verify,not_started,ACCEPTED_VERIFIED,
zst,src/python/zst/zst_analytics.py,zst_compressed_times_145_plus_decompressed_mod_890_times_780_plus_file_size_times_178,function,src/python/zst/zst_analytics.py,utility_private,,,,medium,partial,verify,not_started,ACCEPTED_VERIFIED,
zst,src/python/zst/zst_analytics.py,zst_compressed_mod_419_times_4400_plus_decompressed_times_177_plus_file_size_times_184,function,src/python/zst/zst_analytics.py,utility_private,,,,medium,partial,verify,not_started,ACCEPTED_VERIFIED,
zst,src/python/zst/zst_analytics.py,zst_compressed_times_147_plus_decompressed_mod_900_times_790_plus_file_size_times_180,function,src/python/zst/zst_analytics.py,utility_private,,,,medium,partial,verify,not_started,ACCEPTED_VERIFIED,
zst,src/python/zst/zst_analytics.py,zst_compressed_mod_421_times_4450_plus_decompressed_times_179_plus_file_size_times_186,function,src/python/zst/zst_analytics.py,utility_private,,,,medium,partial,verify,not_started,ACCEPTED_VERIFIED,
zst,src/python/zst/zst_analytics.py,zst_compressed_times_151_plus_decompressed_mod_910_times_800_plus_file_size_times_182,function,src/python/zst/zst_analytics.py,utility_private,,,,medium,partial,verify,not_started,ACCEPTED_VERIFIED,
zst,src/python/zst/zst_analytics.py,zst_compressed_mod_431_times_4500_plus_decompressed_times_179_plus_file_size_times_186,function,src/python/zst/zst_analytics.py,utility_private,,,,medium,partial,verify,not_started,ACCEPTED_VERIFIED,
zst,src/python/zst/zst_analytics.py,zst_compressed_times_149_plus_decompressed_mod_910_times_800_plus_file_size_times_182,function,src/python/zst/zst_analytics.py,utility_private,,,,medium,partial,verify,not_started,ACCEPTED_VERIFIED,
zst,src/python/zst/zst_analytics.py,zst_compressed_mod_433_times_4550_plus_decompressed_times_181_plus_file_size_times_188,function,src/python/zst/zst_analytics.py,utility_private,,,,medium,partial,verify,not_started,ACCEPTED_VERIFIED,
zst,src/python/zst/zst_analytics.py,zst_compressed_times_151_plus_decompressed_mod_920_times_810_plus_file_size_times_184,function,src/python/zst/zst_analytics.py,utility_private,,,,medium,partial,verify,not_started,ACCEPTED_VERIFIED,
zst,src/python/zst/zst_analytics.py,zst_compressed_mod_439_times_4600_plus_decompressed_times_183_plus_file_size_times_190,function,src/python/zst/zst_analytics.py,utility_private,,,,medium,partial,verify,not_started,ACCEPTED_VERIFIED,
zst,src/python/zst/zst_analytics.py,zst_compressed_times_153_plus_decompressed_mod_930_times_820_plus_file_size_times_186,function,src/python/zst/zst_analytics.py,utility_private,,,,medium,partial,verify,not_started,ACCEPTED_VERIFIED,
zst,src/python/zst/zst_analytics.py,zst_compressed_mod_443_times_4650_plus_decompressed_times_185_plus_file_size_times_192,function,src/python/zst/zst_analytics.py,utility_private,,,,medium,partial,verify,not_started,ACCEPTED_VERIFIED,
zst,src/python/zst/zst_analytics.py,zst_compressed_times_155_plus_decompressed_mod_940_times_830_plus_file_size_times_188,function,src/python/zst/zst_analytics.py,utility_private,,,,medium,partial,verify,not_started,ACCEPTED_VERIFIED,
zst,src/python/zst/zst_analytics.py,zst_compressed_mod_449_times_4700_plus_decompressed_times_187_plus_file_size_times_194,function,src/python/zst/zst_analytics.py,utility_private,,,,medium,partial,verify,not_started,ACCEPTED_VERIFIED,
zst,src/python/zst/zst_analytics.py,zst_compressed_times_157_plus_decompressed_mod_950_times_840_plus_file_size_times_190,function,src/python/zst/zst_analytics.py,utility_private,,,,medium,partial,verify,not_started,ACCEPTED_VERIFIED,
zst,src/python/zst/zst_analytics.py,zst_compressed_mod_457_times_4750_plus_decompressed_times_189_plus_file_size_times_196,function,src/python/zst/zst_analytics.py,utility_private,,,,medium,partial,verify,not_started,ACCEPTED_VERIFIED,
zst,src/python/zst/zst_analytics.py,zst_compressed_times_159_plus_decompressed_mod_960_times_850_plus_file_size_times_192,function,src/python/zst/zst_analytics.py,utility_private,,,,medium,partial,verify,not_started,ACCEPTED_VERIFIED,
zst,src/python/zst/zst_analytics.py,zst_file_size_mod_877_times_3300_plus_decompressed_size_mod_9500_plus_max_byte_value_times_950,function,src/python/zst/zst_analytics.py,utility_private,,,,medium,partial,verify,not_started,ACCEPTED_VERIFIED,
zst,src/python/zst/zst_analytics.py,zst_compressed_size_mod_881_times_2300_plus_decompressed_size_mod_9900_plus_min_byte_value_times_4250,function,src/python/zst/zst_analytics.py,utility_private,,,,medium,partial,verify,not_started,ACCEPTED_VERIFIED,
zst,src/python/zst/zst_analytics.py,zst_compressed_mod_461_times_4800_plus_decompressed_times_191_plus_file_size_times_198,function,src/python/zst/zst_analytics.py,utility_private,,,,medium,partial,verify,not_started,ACCEPTED_VERIFIED,
zst,src/python/zst/zst_analytics.py,zst_compressed_times_161_plus_decompressed_mod_970_times_860_plus_file_size_times_194,function,src/python/zst/zst_analytics.py,utility_private,,,,medium,partial,verify,not_started,ACCEPTED_VERIFIED,
zst,src/python/zst/zst_analytics.py,zst_compressed_mod_461_times_4800_plus_decompressed_times_191_plus_file_size_times_198,function,src/python/zst/zst_analytics.py,utility_private,,,,medium,partial,verify,not_started,ACCEPTED_VERIFIED,
zst,src/python/zst/zst_analytics.py,zst_compressed_times_161_plus_decompressed_mod_970_times_860_plus_file_size_times_194,function,src/python/zst/zst_analytics.py,utility_private,,,,medium,partial,verify,not_started,ACCEPTED_VERIFIED,
zst,src/python/zst/zst_analytics.py,zst_compressed_mod_463_times_4850_plus_decompressed_times_193_plus_file_size_times_200,function,src/python/zst/zst_analytics.py,utility_private,,,,medium,partial,verify,not_started,ACCEPTED_VERIFIED,
zst,src/python/zst/zst_analytics.py,zst_compressed_times_163_plus_decompressed_mod_980_times_870_plus_file_size_times_196,function,src/python/zst/zst_analytics.py,utility_private,,,,medium,partial,verify,not_started,ACCEPTED_VERIFIED,
zst,src/python/zst/zst_analytics.py,zst_compressed_mod_467_times_4900_plus_decompressed_times_195_plus_file_size_times_202,function,src/python/zst/zst_analytics.py,utility_private,,,,medium,partial,verify,not_started,ACCEPTED_VERIFIED,
zst,src/python/zst/zst_analytics.py,zst_compressed_times_165_plus_decompressed_mod_990_times_880_plus_file_size_times_198,function,src/python/zst/zst_analytics.py,utility_private,,,,medium,partial,verify,not_started,ACCEPTED_VERIFIED,
zst,src/python/zst/zst_analytics.py,zst_compressed_mod_479_times_4950_plus_decompressed_times_197_plus_file_size_times_204,function,src/python/zst/zst_analytics.py,utility_private,,,,medium,partial,verify,not_started,ACCEPTED_VERIFIED,
zst,src/python/zst/zst_analytics.py,zst_compressed_times_167_plus_decompressed_mod_1000_times_890_plus_file_size_times_200,function,src/python/zst/zst_analytics.py,utility_private,,,,medium,partial,verify,not_started,ACCEPTED_VERIFIED,
zst,src/python/zst/zst_analytics.py,zst_compressed_mod_829_times_5000_plus_decompressed_times_203_plus_file_size_times_206,function,src/python/zst/zst_analytics.py,utility_private,,,,medium,partial,verify,not_started,ACCEPTED_VERIFIED,
zst,src/python/zst/zst_analytics.py,zst_compressed_mod_853_times_5100_plus_decompressed_times_207_plus_file_size_times_210,function,src/python/zst/zst_analytics.py,utility_private,,,,medium,partial,verify,not_started,ACCEPTED_VERIFIED,
zst,src/python/zst/zst_analytics.py,zst_compressed_mod_883_times_5200_plus_decompressed_times_209_plus_file_size_times_212,function,src/python/zst/zst_analytics.py,utility_private,,,,medium,partial,verify,not_started,ACCEPTED_VERIFIED,
zst,src/python/zst/zst_analytics.py,zst_compressed_mod_907_times_5300_plus_decompressed_times_211_plus_file_size_times_214,function,src/python/zst/zst_analytics.py,utility_private,,,,medium,partial,verify,not_started,ACCEPTED_VERIFIED,
zst,src/python/zst/zst_analytics.py,zst_compressed_mod_911_times_5400_plus_decompressed_times_213_plus_file_size_times_216,function,src/python/zst/zst_analytics.py,utility_private,,,,medium,partial,verify,not_started,ACCEPTED_VERIFIED,
zst,src/python/zst/zst_analytics.py,zst_compressed_mod_919_times_5500_plus_decompressed_times_215_plus_file_size_times_218,function,src/python/zst/zst_analytics.py,utility_private,,,,medium,partial,verify,not_started,ACCEPTED_VERIFIED,
zst,src/python/zst/zst_analytics.py,zst_compressed_mod_929_times_5600_plus_decompressed_times_217_plus_file_size_times_220,function,src/python/zst/zst_analytics.py,utility_private,,,,medium,partial,verify,not_started,ACCEPTED_VERIFIED,
zst,src/python/zst/zst_analytics.py,zst_compressed_mod_937_times_5700_plus_decompressed_times_219_plus_file_size_times_222,function,src/python/zst/zst_analytics.py,utility_private,,,,medium,partial,verify,not_started,ACCEPTED_VERIFIED,
zst,src/python/zst/zst_analytics.py,zst_compressed_mod_941_times_5800_plus_decompressed_times_221_plus_file_size_times_224,function,src/python/zst/zst_analytics.py,utility_private,,,,medium,partial,verify,not_started,ACCEPTED_VERIFIED,
zst,src/python/zst/zst_analytics.py,zst_compressed_mod_947_times_5900_plus_decompressed_times_223_plus_file_size_times_226,function,src/python/zst/zst_analytics.py,utility_private,,,,medium,partial,verify,not_started,ACCEPTED_VERIFIED,
zst,src/python/zst/zst_analytics.py,zst_compressed_mod_953_times_6000_plus_decompressed_times_225_plus_file_size_times_228,function,src/python/zst/zst_analytics.py,utility_private,,,,medium,partial,verify,not_started,ACCEPTED_VERIFIED,
zst,src/python/zst/zst_analytics.py,zst_compressed_mod_967_times_6100_plus_decompressed_times_227_plus_file_size_times_230,function,src/python/zst/zst_analytics.py,utility_private,,,,medium,partial,verify,not_started,ACCEPTED_VERIFIED,
zst,src/python/zst/zst_analytics.py,zst_compressed_mod_971_times_6200_plus_decompressed_times_229_plus_file_size_times_232,function,src/python/zst/zst_analytics.py,utility_private,,,,medium,partial,verify,not_started,ACCEPTED_VERIFIED,
zst,src/python/zst/zst_analytics.py,zst_compressed_mod_977_times_6300_plus_decompressed_times_231_plus_file_size_times_234,function,src/python/zst/zst_analytics.py,utility_private,,,,medium,partial,verify,not_started,ACCEPTED_VERIFIED,
zst,src/python/zst/zst_analytics.py,zst_compressed_mod_983_times_6400_plus_decompressed_times_233_plus_file_size_times_236,function,src/python/zst/zst_analytics.py,utility_private,,,,medium,partial,verify,not_started,ACCEPTED_VERIFIED,
zst,src/python/zst/zst_analytics.py,zst_compressed_mod_991_times_6500_plus_decompressed_times_235_plus_file_size_times_238,function,src/python/zst/zst_analytics.py,utility_private,,,,medium,partial,verify,not_started,ACCEPTED_VERIFIED,
zst,src/python/zst/zst_analytics.py,zst_compressed_mod_997_times_6600_plus_decompressed_times_237_plus_file_size_times_240,function,src/python/zst/zst_analytics.py,utility_private,,,,medium,partial,verify,not_started,ACCEPTED_VERIFIED,
zst,src/python/zst/zst_analytics.py,zst_compressed_mod_1009_times_6700_plus_decompressed_times_239_plus_file_size_times_242,function,src/python/zst/zst_analytics.py,utility_private,,,,medium,partial,verify,not_started,ACCEPTED_VERIFIED,
zst,src/python/zst/zst_analytics.py,zst_compressed_mod_1013_times_6800_plus_decompressed_times_241_plus_file_size_times_244,function,src/python/zst/zst_analytics.py,utility_private,,,,medium,partial,verify,not_started,ACCEPTED_VERIFIED,
zst,src/python/zst/zst_analytics.py,zst_compressed_mod_1019_times_6900_plus_decompressed_times_243_plus_file_size_times_246,function,src/python/zst/zst_analytics.py,utility_private,,,,medium,partial,verify,not_started,ACCEPTED_VERIFIED,
zst,src/python/zst/zst_analytics.py,zst_compressed_mod_1021_times_7000_plus_decompressed_times_245_plus_file_size_times_248,function,src/python/zst/zst_analytics.py,utility_private,,,,medium,partial,verify,not_started,ACCEPTED_VERIFIED,
zst,src/python/zst/zst_analytics.py,zst_compressed_mod_1031_times_7100_plus_decompressed_times_247_plus_file_size_times_250,function,src/python/zst/zst_analytics.py,utility_private,,,,medium,partial,verify,not_started,ACCEPTED_VERIFIED,
zst,src/python/zst/zst_analytics.py,zst_compressed_mod_1021_times_7000_plus_decompressed_times_245_plus_file_size_times_248,function,src/python/zst/zst_analytics.py,utility_private,,,,medium,partial,verify,not_started,ACCEPTED_VERIFIED,
zst,src/python/zst/zst_analytics.py,zst_compressed_mod_1031_times_7100_plus_decompressed_times_247_plus_file_size_times_250,function,src/python/zst/zst_analytics.py,utility_private,,,,medium,partial,verify,not_started,ACCEPTED_VERIFIED,
zst,src/python/zst/zst_analytics.py,zst_compressed_mod_1033_times_7200_plus_decompressed_times_249_plus_file_size_times_252,function,src/python/zst/zst_analytics.py,utility_private,,,,medium,partial,verify,not_started,ACCEPTED_VERIFIED,
zst,src/python/zst/zst_analytics.py,zst_compressed_mod_1039_times_7300_plus_decompressed_times_251_plus_file_size_times_254,function,src/python/zst/zst_analytics.py,utility_private,,,,medium,partial,verify,not_started,ACCEPTED_VERIFIED,
zst,src/python/zst/zst_analytics.py,zst_compressed_mod_1049_times_7400_plus_decompressed_times_253_plus_file_size_times_256,function,src/python/zst/zst_analytics.py,utility_private,,,,medium,partial,verify,not_started,ACCEPTED_VERIFIED,
zst,src/python/zst/zst_analytics.py,zst_compressed_mod_1051_times_7500_plus_decompressed_times_255_plus_file_size_times_258,function,src/python/zst/zst_analytics.py,utility_private,,,,medium,partial,verify,not_started,ACCEPTED_VERIFIED,
zst,src/python/zst/zst_analytics.py,zst_compressed_mod_1049_times_7400_plus_decompressed_times_253_plus_file_size_times_256,function,src/python/zst/zst_analytics.py,utility_private,,,,medium,partial,verify,not_started,ACCEPTED_VERIFIED,
zst,src/python/zst/zst_analytics.py,zst_compressed_mod_1051_times_7500_plus_decompressed_times_255_plus_file_size_times_258,function,src/python/zst/zst_analytics.py,utility_private,,,,medium,partial,verify,not_started,ACCEPTED_VERIFIED,
zst,src/python/zst/zst_analytics.py,zst_compressed_mod_1061_times_7600_plus_decompressed_times_257_plus_file_size_times_260,function,src/python/zst/zst_analytics.py,utility_private,,,,medium,partial,verify,not_started,ACCEPTED_VERIFIED,
zst,src/python/zst/zst_analytics.py,zst_compressed_mod_1063_times_7700_plus_decompressed_times_259_plus_file_size_times_262,function,src/python/zst/zst_analytics.py,utility_private,,,,medium,partial,verify,not_started,ACCEPTED_VERIFIED,
zst,src/python/zst/zst_analytics.py,zst_compressed_mod_1061_times_7600_plus_decompressed_times_257_plus_file_size_times_260,function,src/python/zst/zst_analytics.py,utility_private,,,,medium,partial,verify,not_started,ACCEPTED_VERIFIED,
zst,src/python/zst/zst_analytics.py,zst_compressed_mod_1063_times_7700_plus_decompressed_times_259_plus_file_size_times_262,function,src/python/zst/zst_analytics.py,utility_private,,,,medium,partial,verify,not_started,ACCEPTED_VERIFIED,
zst,src/python/zst/zst_analytics.py,zst_compressed_mod_1069_times_7800_plus_decompressed_times_261_plus_file_size_times_264,function,src/python/zst/zst_analytics.py,utility_private,,,,medium,partial,verify,not_started,ACCEPTED_VERIFIED,
zst,src/python/zst/zst_analytics.py,zst_compressed_mod_1087_times_7900_plus_decompressed_times_263_plus_file_size_times_266,function,src/python/zst/zst_analytics.py,utility_private,,,,medium,partial,verify,not_started,ACCEPTED_VERIFIED,
zst,src/python/zst/zst_analytics.py,zst_compressed_mod_1091_times_8000_plus_decompressed_times_265_plus_file_size_times_268,function,src/python/zst/zst_analytics.py,utility_private,,,,medium,partial,verify,not_started,ACCEPTED_VERIFIED,
zst,src/python/zst/zst_analytics.py,zst_compressed_mod_1093_times_8100_plus_decompressed_times_267_plus_file_size_times_270,function,src/python/zst/zst_analytics.py,utility_private,,,,medium,partial,verify,not_started,ACCEPTED_VERIFIED,
zst,src/python/zst/zst_analytics.py,zst_compressed_mod_1091_times_8000_plus_decompressed_times_265_plus_file_size_times_268,function,src/python/zst/zst_analytics.py,utility_private,,,,medium,partial,verify,not_started,ACCEPTED_VERIFIED,
zst,src/python/zst/zst_analytics.py,zst_compressed_mod_1093_times_8100_plus_decompressed_times_267_plus_file_size_times_270,function,src/python/zst/zst_analytics.py,utility_private,,,,medium,partial,verify,not_started,ACCEPTED_VERIFIED,
zst,src/python/zst/zst_analytics.py,zst_compressed_mod_1097_times_8200_plus_decompressed_times_269_plus_file_size_times_272,function,src/python/zst/zst_analytics.py,utility_private,,,,medium,partial,verify,not_started,ACCEPTED_VERIFIED,
zst,src/python/zst/zst_analytics.py,zst_compressed_mod_1103_times_8300_plus_decompressed_times_271_plus_file_size_times_274,function,src/python/zst/zst_analytics.py,utility_private,,,,medium,partial,verify,not_started,ACCEPTED_VERIFIED,
zst,src/python/zst/zst_analytics.py,zst_compressed_mod_1097_times_8200_plus_decompressed_times_269_plus_file_size_times_272,function,src/python/zst/zst_analytics.py,utility_private,,,,medium,partial,verify,not_started,ACCEPTED_VERIFIED,
zst,src/python/zst/zst_analytics.py,zst_compressed_mod_1103_times_8300_plus_decompressed_times_271_plus_file_size_times_274,function,src/python/zst/zst_analytics.py,utility_private,,,,medium,partial,verify,not_started,ACCEPTED_VERIFIED,
zst,src/python/zst/zst_analytics.py,zst_compressed_mod_1109_times_8400_plus_decompressed_times_273_plus_file_size_times_276,function,src/python/zst/zst_analytics.py,utility_private,,,,medium,partial,verify,not_started,ACCEPTED_VERIFIED,
zst,src/python/zst/zst_analytics.py,zst_compressed_mod_1117_times_8500_plus_decompressed_times_275_plus_file_size_times_278,function,src/python/zst/zst_analytics.py,utility_private,,,,medium,partial,verify,not_started,ACCEPTED_VERIFIED,
zst,src/python/zst/zst_analytics.py,zst_compressed_mod_1109_times_8400_plus_decompressed_times_273_plus_file_size_times_276,function,src/python/zst/zst_analytics.py,utility_private,,,,medium,partial,verify,not_started,ACCEPTED_VERIFIED,
zst,src/python/zst/zst_analytics.py,zst_compressed_mod_1117_times_8500_plus_decompressed_times_275_plus_file_size_times_278,function,src/python/zst/zst_analytics.py,utility_private,,,,medium,partial,verify,not_started,ACCEPTED_VERIFIED,
zst,src/python/zst/zst_analytics.py,zst_compressed_mod_1123_times_8600_plus_decompressed_times_277_plus_file_size_times_280,function,src/python/zst/zst_analytics.py,utility_private,,,,medium,partial,verify,not_started,ACCEPTED_VERIFIED,
zst,src/python/zst/zst_analytics.py,zst_compressed_mod_1129_times_8700_plus_decompressed_times_279_plus_file_size_times_282,function,src/python/zst/zst_analytics.py,utility_private,,,,medium,partial,verify,not_started,ACCEPTED_VERIFIED,
zst,src/python/zst/zst_analytics.py,zst_compressed_mod_1123_times_8600_plus_decompressed_times_277_plus_file_size_times_280,function,src/python/zst/zst_analytics.py,utility_private,,,,medium,partial,verify,not_started,ACCEPTED_VERIFIED,
zst,src/python/zst/zst_analytics.py,zst_compressed_mod_1129_times_8700_plus_decompressed_times_279_plus_file_size_times_282,function,src/python/zst/zst_analytics.py,utility_private,,,,medium,partial,verify,not_started,ACCEPTED_VERIFIED,
zst,src/python/zst/zst_analytics.py,zst_compressed_mod_1151_times_8800_plus_decompressed_times_281_plus_file_size_times_284,function,src/python/zst/zst_analytics.py,utility_private,,,,medium,partial,verify,not_started,ACCEPTED_VERIFIED,
zst,src/python/zst/zst_analytics.py,zst_compressed_mod_1153_times_8900_plus_decompressed_times_283_plus_file_size_times_286,function,src/python/zst/zst_analytics.py,utility_private,,,,medium,partial,verify,not_started,ACCEPTED_VERIFIED,
zst,src/python/zst/zst_analytics.py,zst_compressed_mod_1163_times_9000_plus_decompressed_times_285_plus_file_size_times_288,function,src/python/zst/zst_analytics.py,utility_private,,,,medium,partial,verify,not_started,ACCEPTED_VERIFIED,
zst,src/python/zst/zst_analytics.py,zst_compressed_mod_1171_times_9100_plus_decompressed_times_287_plus_file_size_times_290,function,src/python/zst/zst_analytics.py,utility_private,,,,medium,partial,verify,not_started,ACCEPTED_VERIFIED,
zst,src/python/zst/zst_analytics.py,zst_compressed_mod_1163_times_9000_plus_decompressed_times_285_plus_file_size_times_288,function,src/python/zst/zst_analytics.py,utility_private,,,,medium,partial,verify,not_started,ACCEPTED_VERIFIED,
zst,src/python/zst/zst_analytics.py,zst_compressed_mod_1171_times_9100_plus_decompressed_times_287_plus_file_size_times_290,function,src/python/zst/zst_analytics.py,utility_private,,,,medium,partial,verify,not_started,ACCEPTED_VERIFIED,
zst,src/python/zst/zst_analytics.py,zst_compressed_mod_1181_times_9200_plus_decompressed_times_289_plus_file_size_times_292,function,src/python/zst/zst_analytics.py,utility_private,,,,medium,partial,verify,not_started,ACCEPTED_VERIFIED,
zst,src/python/zst/zst_analytics.py,zst_compressed_mod_1187_times_9300_plus_decompressed_times_291_plus_file_size_times_294,function,src/python/zst/zst_analytics.py,utility_private,,,,medium,partial,verify,not_started,ACCEPTED_VERIFIED,
zst,src/python/zst/zst_analytics.py,zst_compressed_mod_1193_times_9400_plus_decompressed_times_293_plus_file_size_times_296,function,src/python/zst/zst_analytics.py,utility_private,,,,medium,partial,verify,not_started,ACCEPTED_VERIFIED,
zst,src/python/zst/zst_analytics.py,zst_compressed_mod_1201_times_9500_plus_decompressed_times_295_plus_file_size_times_298,function,src/python/zst/zst_analytics.py,utility_private,,,,medium,partial,verify,not_started,ACCEPTED_VERIFIED,
zst,src/python/zst/zst_analytics.py,zst_compressed_mod_1213_times_9600_plus_decompressed_times_297_plus_file_size_times_300,function,src/python/zst/zst_analytics.py,utility_private,,,,medium,partial,verify,not_started,ACCEPTED_VERIFIED,
zst,src/python/zst/zst_analytics.py,zst_compressed_mod_1217_times_9700_plus_decompressed_times_299_plus_file_size_times_302,function,src/python/zst/zst_analytics.py,utility_private,,,,medium,partial,verify,not_started,ACCEPTED_VERIFIED,
zst,src/python/zst/zst_analytics.py,zst_compressed_mod_1223_times_9800_plus_decompressed_times_301_plus_file_size_times_304,function,src/python/zst/zst_analytics.py,utility_private,,,,medium,partial,verify,not_started,ACCEPTED_VERIFIED,
zst,src/python/zst/zst_analytics.py,zst_compressed_mod_1229_times_9900_plus_decompressed_times_303_plus_file_size_times_306,function,src/python/zst/zst_analytics.py,utility_private,,,,medium,partial,verify,not_started,ACCEPTED_VERIFIED,
zst,src/python/zst/zst_analytics.py,zst_compressed_mod_1231_times_10000_plus_decompressed_times_305_plus_file_size_times_308,function,src/python/zst/zst_analytics.py,utility_private,,,,medium,partial,verify,not_started,ACCEPTED_VERIFIED,
zst,src/python/zst/zst_analytics.py,zst_compressed_mod_1237_times_10100_plus_decompressed_times_307_plus_file_size_times_310,function,src/python/zst/zst_analytics.py,utility_private,,,,medium,partial,verify,not_started,ACCEPTED_VERIFIED,
zst,src/python/zst/zst_analytics.py,zst_compressed_mod_1249_times_10200_plus_decompressed_times_309_plus_file_size_times_312,function,src/python/zst/zst_analytics.py,utility_private,,,,medium,partial,verify,not_started,ACCEPTED_VERIFIED,
zst,src/python/zst/zst_analytics.py,zst_compressed_mod_1259_times_10300_plus_decompressed_times_311_plus_file_size_times_314,function,src/python/zst/zst_analytics.py,utility_private,,,,medium,partial,verify,not_started,ACCEPTED_VERIFIED,
zst,src/python/zst/zst_analytics.py,zst_compressed_mod_1277_times_10400_plus_decompressed_times_313_plus_file_size_times_316,function,src/python/zst/zst_analytics.py,utility_private,,,,medium,partial,verify,not_started,ACCEPTED_VERIFIED,
zst,src/python/zst/zst_analytics.py,zst_compressed_mod_1279_times_10500_plus_decompressed_times_315_plus_file_size_times_318,function,src/python/zst/zst_analytics.py,utility_private,,,,medium,partial,verify,not_started,ACCEPTED_VERIFIED,
zst,src/python/zst/zst_analytics.py,zst_compressed_mod_1283_times_10600_plus_decompressed_times_317_plus_file_size_times_320,function,src/python/zst/zst_analytics.py,utility_private,,,,medium,partial,verify,not_started,ACCEPTED_VERIFIED,
zst,src/python/zst/zst_analytics.py,zst_compressed_mod_1289_times_10700_plus_decompressed_times_319_plus_file_size_times_322,function,src/python/zst/zst_analytics.py,utility_private,,,,medium,partial,verify,not_started,ACCEPTED_VERIFIED,
zst,src/python/zst/zst_analytics.py,zst_compressed_mod_1291_times_10800_plus_decompressed_times_321_plus_file_size_times_324,function,src/python/zst/zst_analytics.py,utility_private,,,,medium,partial,verify,not_started,ACCEPTED_VERIFIED,
zst,src/python/zst/zst_analytics.py,zst_compressed_mod_1297_times_10900_plus_decompressed_times_323_plus_file_size_times_326,function,src/python/zst/zst_analytics.py,utility_private,,,,medium,partial,verify,not_started,ACCEPTED_VERIFIED,
zst,src/python/zst/zst_analytics.py,zst_compressed_mod_1301_times_11000_plus_decompressed_times_325_plus_file_size_times_328,function,src/python/zst/zst_analytics.py,utility_private,,,,medium,partial,verify,not_started,ACCEPTED_VERIFIED,
zst,src/python/zst/zst_analytics.py,zst_compressed_mod_1303_times_11100_plus_decompressed_times_327_plus_file_size_times_330,function,src/python/zst/zst_analytics.py,utility_private,,,,medium,partial,verify,not_started,ACCEPTED_VERIFIED,
zst,src/python/zst/zst_analytics.py,zst_compressed_mod_1307_times_11200_plus_decompressed_times_329_plus_file_size_times_332,function,src/python/zst/zst_analytics.py,utility_private,,,,medium,partial,verify,not_started,ACCEPTED_VERIFIED,
zst,src/python/zst/zst_analytics.py,zst_compressed_mod_1319_times_11300_plus_decompressed_times_331_plus_file_size_times_334,function,src/python/zst/zst_analytics.py,utility_private,,,,medium,partial,verify,not_started,ACCEPTED_VERIFIED,
zst,src/python/zst/zst_analytics.py,zst_compressed_mod_1321_times_11400_plus_decompressed_times_333_plus_file_size_times_336,function,src/python/zst/zst_analytics.py,utility_private,,,,medium,partial,verify,not_started,ACCEPTED_VERIFIED,
zst,src/python/zst/zst_analytics.py,zst_compressed_mod_1327_times_11500_plus_decompressed_times_335_plus_file_size_times_338,function,src/python/zst/zst_analytics.py,utility_private,,,,medium,partial,verify,not_started,ACCEPTED_VERIFIED,
zst,src/python/zst/zst_analytics.py,zst_compressed_mod_1321_times_11400_plus_decompressed_times_333_plus_file_size_times_336,function,src/python/zst/zst_analytics.py,utility_private,,,,medium,partial,verify,not_started,ACCEPTED_VERIFIED,
zst,src/python/zst/zst_analytics.py,zst_compressed_mod_1327_times_11500_plus_decompressed_times_335_plus_file_size_times_338,function,src/python/zst/zst_analytics.py,utility_private,,,,medium,partial,verify,not_started,ACCEPTED_VERIFIED,
zst,src/python/zst/zst_analytics.py,zst_compressed_mod_1361_times_11600_plus_decompressed_times_337_plus_file_size_times_340,function,src/python/zst/zst_analytics.py,utility_private,,,,medium,partial,verify,not_started,ACCEPTED_VERIFIED,
zst,src/python/zst/zst_analytics.py,zst_compressed_mod_1367_times_11700_plus_decompressed_times_339_plus_file_size_times_342,function,src/python/zst/zst_analytics.py,utility_private,,,,medium,partial,verify,not_started,ACCEPTED_VERIFIED,
zst,src/python/zst/zst_analytics.py,zst_compressed_mod_1361_times_11600_plus_decompressed_times_337_plus_file_size_times_340,function,src/python/zst/zst_analytics.py,utility_private,,,,medium,partial,verify,not_started,ACCEPTED_VERIFIED,
zst,src/python/zst/zst_analytics.py,zst_compressed_mod_1367_times_11700_plus_decompressed_times_339_plus_file_size_times_342,function,src/python/zst/zst_analytics.py,utility_private,,,,medium,partial,verify,not_started,ACCEPTED_VERIFIED,
zst,src/python/zst/zst_analytics.py,zst_compressed_mod_1373_times_11800_plus_decompressed_times_341_plus_file_size_times_344,function,src/python/zst/zst_analytics.py,utility_private,,,,medium,partial,verify,not_started,ACCEPTED_VERIFIED,
zst,src/python/zst/zst_analytics.py,zst_compressed_mod_1381_times_11900_plus_decompressed_times_343_plus_file_size_times_346,function,src/python/zst/zst_analytics.py,utility_private,,,,medium,partial,verify,not_started,ACCEPTED_VERIFIED,
zst,src/python/zst/zst_analytics.py,zst_compressed_mod_1399_times_12000_plus_decompressed_times_345_plus_file_size_times_348,function,src/python/zst/zst_analytics.py,utility_private,,,,medium,partial,verify,not_started,ACCEPTED_VERIFIED,
zst,src/python/zst/zst_analytics.py,zst_compressed_mod_1409_times_12100_plus_decompressed_times_347_plus_file_size_times_350,function,src/python/zst/zst_analytics.py,utility_private,,,,medium,partial,verify,not_started,ACCEPTED_VERIFIED,
zst,src/python/zst/zst_analytics.py,zst_compressed_mod_1423_times_12200_plus_decompressed_times_349_plus_file_size_times_352,function,src/python/zst/zst_analytics.py,utility_private,,,,medium,partial,verify,not_started,ACCEPTED_VERIFIED,
zst,src/python/zst/zst_analytics.py,zst_compressed_mod_1427_times_12300_plus_decompressed_times_351_plus_file_size_times_354,function,src/python/zst/zst_analytics.py,utility_private,,,,medium,partial,verify,not_started,ACCEPTED_VERIFIED,
zst,src/python/zst/zst_analytics.py,zst_compressed_mod_1429_times_12400_plus_decompressed_times_353_plus_file_size_times_356,function,src/python/zst/zst_analytics.py,utility_private,,,,medium,partial,verify,not_started,ACCEPTED_VERIFIED,
zst,src/python/zst/zst_analytics.py,zst_compressed_mod_1433_times_12500_plus_decompressed_times_355_plus_file_size_times_358,function,src/python/zst/zst_analytics.py,utility_private,,,,medium,partial,verify,not_started,ACCEPTED_VERIFIED,
zst,src/python/zst/zst_analytics.py,zst_compressed_mod_1439_times_12600_plus_decompressed_times_357_plus_file_size_times_360,function,src/python/zst/zst_analytics.py,utility_private,,,,medium,partial,verify,not_started,ACCEPTED_VERIFIED,
zst,src/python/zst/zst_analytics.py,zst_compressed_mod_1447_times_12700_plus_decompressed_times_359_plus_file_size_times_362,function,src/python/zst/zst_analytics.py,utility_private,,,,medium,partial,verify,not_started,ACCEPTED_VERIFIED,
zst,src/python/zst/zst_analytics.py,zst_compressed_mod_1451_times_12800_plus_decompressed_times_361_plus_file_size_times_364,function,src/python/zst/zst_analytics.py,utility_private,,,,medium,partial,verify,not_started,ACCEPTED_VERIFIED,
zst,src/python/zst/zst_analytics.py,zst_compressed_mod_1453_times_12900_plus_decompressed_times_363_plus_file_size_times_366,function,src/python/zst/zst_analytics.py,utility_private,,,,medium,partial,verify,not_started,ACCEPTED_VERIFIED,
zst,src/python/zst/zst_analytics.py,zst_compressed_mod_1459_times_13000_plus_decompressed_times_365_plus_file_size_times_368,function,src/python/zst/zst_analytics.py,utility_private,,,,medium,partial,verify,not_started,ACCEPTED_VERIFIED,
zst,src/python/zst/zst_analytics.py,zst_compressed_mod_1471_times_13100_plus_decompressed_times_367_plus_file_size_times_370,function,src/python/zst/zst_analytics.py,utility_private,,,,medium,partial,verify,not_started,ACCEPTED_VERIFIED,
zst,src/python/zst/zst_analytics.py,zst_compressed_mod_1481_times_13200_plus_decompressed_times_369_plus_file_size_times_372,function,src/python/zst/zst_analytics.py,utility_private,,,,medium,partial,verify,not_started,ACCEPTED_VERIFIED,
zst,src/python/zst/zst_analytics.py,zst_compressed_mod_1483_times_13300_plus_decompressed_times_371_plus_file_size_times_374,function,src/python/zst/zst_analytics.py,utility_private,,,,medium,partial,verify,not_started,ACCEPTED_VERIFIED,
zst,src/python/zst/zst_analytics.py,zst_compressed_mod_1487_times_13400_plus_decompressed_times_373_plus_file_size_times_376,function,src/python/zst/zst_analytics.py,utility_private,,,,medium,partial,verify,not_started,ACCEPTED_VERIFIED,
zst,src/python/zst/zst_analytics.py,zst_compressed_mod_1489_times_13500_plus_decompressed_times_375_plus_file_size_times_378,function,src/python/zst/zst_analytics.py,utility_private,,,,medium,partial,verify,not_started,ACCEPTED_VERIFIED,
zst,src/python/zst/zst_analytics.py,zst_compressed_mod_1493_times_13600_plus_decompressed_times_377_plus_file_size_times_380,function,src/python/zst/zst_analytics.py,utility_private,,,,medium,partial,verify,not_started,ACCEPTED_VERIFIED,
zst,src/python/zst/zst_analytics.py,zst_compressed_mod_1499_times_13700_plus_decompressed_times_379_plus_file_size_times_382,function,src/python/zst/zst_analytics.py,utility_private,,,,medium,partial,verify,not_started,ACCEPTED_VERIFIED,
zst,src/python/zst/zst_analytics.py,zst_compressed_mod_1511_times_13800_plus_decompressed_times_381_plus_file_size_times_384,function,src/python/zst/zst_analytics.py,utility_private,,,,medium,partial,verify,not_started,ACCEPTED_VERIFIED,
zst,src/python/zst/zst_analytics.py,zst_compressed_mod_1523_times_13900_plus_decompressed_times_383_plus_file_size_times_386,function,src/python/zst/zst_analytics.py,utility_private,,,,medium,partial,verify,not_started,ACCEPTED_VERIFIED,
zst,src/python/zst/zst_analytics.py,zst_compressed_mod_1531_times_14000_plus_decompressed_times_385_plus_file_size_times_388,function,src/python/zst/zst_analytics.py,utility_private,,,,medium,partial,verify,not_started,ACCEPTED_VERIFIED,
zst,src/python/zst/zst_analytics.py,zst_compressed_mod_1543_times_14100_plus_decompressed_times_387_plus_file_size_times_390,function,src/python/zst/zst_analytics.py,utility_private,,,,medium,partial,verify,not_started,ACCEPTED_VERIFIED,
zst,src/python/zst/zst_analytics.py,zst_compressed_mod_1549_times_14200_plus_decompressed_times_389_plus_file_size_times_392,function,src/python/zst/zst_analytics.py,utility_private,,,,medium,partial,verify,not_started,ACCEPTED_VERIFIED,
zst,src/python/zst/zst_analytics.py,zst_compressed_mod_1553_times_14300_plus_decompressed_times_391_plus_file_size_times_394,function,src/python/zst/zst_analytics.py,utility_private,,,,medium,partial,verify,not_started,ACCEPTED_VERIFIED,
zst,src/python/zst/zst_analytics.py,zst_compressed_mod_1559_times_14400_plus_decompressed_times_393_plus_file_size_times_396,function,src/python/zst/zst_analytics.py,utility_private,,,,medium,partial,verify,not_started,ACCEPTED_VERIFIED,
zst,src/python/zst/zst_analytics.py,zst_compressed_mod_1567_times_14500_plus_decompressed_times_395_plus_file_size_times_398,function,src/python/zst/zst_analytics.py,utility_private,,,,medium,partial,verify,not_started,ACCEPTED_VERIFIED,
zst,src/python/zst/zst_analytics.py,zst_compressed_size_minus_header,function,src/python/zst/zst_analytics.py,utility_private,,,,medium,partial,verify,not_started,ACCEPTED_VERIFIED,
zst,src/python/zst/zst_codec.py,ZstError,class,src/python/zst/zst_codec.py,codec_io,,,,high,partial,verify,not_started,ACCEPTED_VERIFIED,
zst,src/python/zst/zst_codec.py,ZstInvalidFrameError,class,src/python/zst/zst_codec.py,codec_io,,,,high,partial,verify,not_started,ACCEPTED_VERIFIED,
zst,src/python/zst/zst_codec.py,ZstDecompressionError,class,src/python/zst/zst_codec.py,codec_io,,,,high,partial,verify,not_started,ACCEPTED_VERIFIED,
zst,src/python/zst/zst_codec.py,ZstOutputLimitExceeded,class,src/python/zst/zst_codec.py,codec_io,,,,high,partial,verify,not_started,ACCEPTED_VERIFIED,
zst,src/python/zst/zst_codec.py,ZstFileNotFoundError,class,src/python/zst/zst_codec.py,codec_io,,,,high,partial,verify,not_started,ACCEPTED_VERIFIED,
zst,src/python/zst/zst_codec.py,ZstReadError,class,src/python/zst/zst_codec.py,codec_io,,,,high,partial,verify,not_started,ACCEPTED_VERIFIED,
zst,src/python/zst/zst_codec.py,ZstDecompressError,class,src/python/zst/zst_codec.py,codec_io,,,,high,partial,verify,not_started,ACCEPTED_VERIFIED,
zst,src/python/zst/zst_codec.py,_get_zstandard,function,src/python/zst/zst_codec.py,codec_io,,,,low,partial,verify,not_started,ACCEPTED_VERIFIED,
zst,src/python/zst/zst_codec.py,compress_bytes,function,src/python/zst/zst_codec.py,codec_io,,,,medium,partial,verify,not_started,ACCEPTED_VERIFIED,
zst,src/python/zst/zst_codec.py,decompress_bytes,function,src/python/zst/zst_codec.py,codec_io,,,,medium,partial,verify,not_started,ACCEPTED_VERIFIED,
zst,src/python/zst/zst_codec.py,probe_frame,function,src/python/zst/zst_codec.py,codec_io,,,,medium,partial,verify,not_started,ACCEPTED_VERIFIED,
zst,src/python/zst/zst_codec.py,compress_file,function,src/python/zst/zst_codec.py,codec_io,,,,medium,partial,verify,not_started,ACCEPTED_VERIFIED,
zst,src/python/zst/zst_codec.py,decompress_file,function,src/python/zst/zst_codec.py,codec_io,,,,medium,partial,verify,not_started,ACCEPTED_VERIFIED,
zst,src/python/zst/zst_codec.py,validate_roundtrip,function,src/python/zst/zst_codec.py,codec_io,,,,medium,partial,verify,not_started,ACCEPTED_VERIFIED,
zst,src/python/zst/zst_codec.py,get_frame_info,function,src/python/zst/zst_codec.py,codec_io,,,,medium,partial,verify,not_started,ACCEPTED_VERIFIED,
zst,src/python/zst/zst_codec.py,estimate_ratio,function,src/python/zst/zst_codec.py,codec_io,,,,medium,partial,verify,not_started,ACCEPTED_VERIFIED,
zst,src/python/zst/zst_codec.py,validate_file,function,src/python/zst/zst_codec.py,codec_io,,,,medium,partial,verify,not_started,ACCEPTED_VERIFIED,
zst,src/python/zst/zst_codec.py,batch_compress,function,src/python/zst/zst_codec.py,codec_io,,,,medium,partial,verify,not_started,ACCEPTED_VERIFIED,
zst,src/python/zst/zst_codec.py,batch_decompress,function,src/python/zst/zst_codec.py,codec_io,,,,medium,partial,verify,not_started,ACCEPTED_VERIFIED,
zst,src/python/zst/zst_codec.py,compress_string,function,src/python/zst/zst_codec.py,codec_io,,,,medium,partial,verify,not_started,ACCEPTED_VERIFIED,
zst,src/python/zst/zst_codec.py,decompress_to_string,function,src/python/zst/zst_codec.py,codec_io,,,,medium,partial,verify,not_started,ACCEPTED_VERIFIED,
zst,src/python/zst/zst_codec.py,compress_string_to_file,function,src/python/zst/zst_codec.py,codec_io,,,,medium,partial,verify,not_started,ACCEPTED_VERIFIED,
zst,src/python/zst/zst_codec.py,decompress_file_to_string,function,src/python/zst/zst_codec.py,codec_io,,,,medium,partial,verify,not_started,ACCEPTED_VERIFIED,
zst,src/python/zst/zst_codec.py,get_frame_size_stats,function,src/python/zst/zst_codec.py,codec_io,,,,medium,partial,verify,not_started,ACCEPTED_VERIFIED,
zst,src/python/zst/zst_codec.py,is_valid_frame,function,src/python/zst/zst_codec.py,codec_io,,,,medium,partial,verify,not_started,ACCEPTED_VERIFIED,
zst,src/python/zst/zst_codec.py,compress_with_dict,function,src/python/zst/zst_codec.py,codec_io,,,,medium,partial,verify,not_started,ACCEPTED_VERIFIED,
zst,src/python/zst/zst_codec.py,decompress_with_dict,function,src/python/zst/zst_codec.py,codec_io,,,,medium,partial,verify,not_started,ACCEPTED_VERIFIED,
zst,src/python/zst/zst_codec.py,zst_compressed_size,function,src/python/zst/zst_codec.py,codec_io,,,,medium,partial,verify,not_started,ACCEPTED_VERIFIED,
zst,src/python/zst/zst_codec.py,zst_is_valid_file,function,src/python/zst/zst_codec.py,codec_io,,,,medium,partial,verify,not_started,ACCEPTED_VERIFIED,
zst,src/python/zst/zst_codec.py,zst_decompressed_size,function,src/python/zst/zst_codec.py,codec_io,,,,medium,partial,verify,not_started,ACCEPTED_VERIFIED,
zst,src/python/zst/zst_codec.py,zst_frame_count,function,src/python/zst/zst_codec.py,codec_io,,,,medium,partial,verify,not_started,ACCEPTED_VERIFIED,
zst,src/python/zst/zst_codec.py,zst_frame_sizes,function,src/python/zst/zst_codec.py,codec_io,,,,medium,partial,verify,not_started,ACCEPTED_VERIFIED,
zst,src/python/zst/zst_codec.py,zst_file_info,function,src/python/zst/zst_codec.py,codec_io,,,,medium,partial,verify,not_started,ACCEPTED_VERIFIED,
zst,src/python/zst/zst_codec.py,zst_compression_ratio,function,src/python/zst/zst_codec.py,codec_io,,,,medium,partial,verify,not_started,ACCEPTED_VERIFIED,
zst,src/python/zst/zst_codec.py,zst_avg_frame_size,function,src/python/zst/zst_codec.py,codec_io,,,,medium,partial,verify,not_started,ACCEPTED_VERIFIED,
zst,src/python/zst/zst_codec.py,zst_is_single_frame,function,src/python/zst/zst_codec.py,codec_io,,,,medium,partial,verify,not_started,ACCEPTED_VERIFIED,
zst,src/python/zst/zst_codec.py,zst_max_frame_size,function,src/python/zst/zst_codec.py,codec_io,,,,medium,partial,verify,not_started,ACCEPTED_VERIFIED,
zst,src/python/zst/zst_codec.py,zst_min_frame_size,function,src/python/zst/zst_codec.py,codec_io,,,,medium,partial,verify,not_started,ACCEPTED_VERIFIED,
zst,src/python/zst/zst_codec.py,zst_is_small_file,function,src/python/zst/zst_codec.py,codec_io,,,,medium,partial,verify,not_started,ACCEPTED_VERIFIED,
zst,src/python/zst/zst_codec.py,zst_total_frame_size,function,src/python/zst/zst_codec.py,codec_io,,,,medium,partial,verify,not_started,ACCEPTED_VERIFIED,
zst,src/python/zst/zst_codec.py,zst_has_multiple_frames,function,src/python/zst/zst_codec.py,codec_io,,,,medium,partial,verify,not_started,ACCEPTED_VERIFIED,
zst,src/python/zst/zst_codec.py,zst_frame_size_variance,function,src/python/zst/zst_codec.py,codec_io,,,,medium,partial,verify,not_started,ACCEPTED_VERIFIED,
zst,src/python/zst/zst_codec.py,zst_largest_frame_ratio,function,src/python/zst/zst_codec.py,codec_io,,,,medium,partial,verify,not_started,ACCEPTED_VERIFIED,
zst,src/python/zst/zst_codec.py,zst_smallest_frame_ratio,function,src/python/zst/zst_codec.py,codec_io,,,,medium,partial,verify,not_started,ACCEPTED_VERIFIED,
zst,src/python/zst/zst_codec.py,zst_frame_count_is_one,function,src/python/zst/zst_codec.py,codec_io,,,,medium,partial,verify,not_started,ACCEPTED_VERIFIED,
zst,src/python/zst/zst_codec.py,zst_decompressed_to_compressed_ratio,function,src/python/zst/zst_codec.py,codec_io,,,,medium,partial,verify,not_started,ACCEPTED_VERIFIED,
zst,src/python/zst/zst_codec.py,zst_frame_median_size,function,src/python/zst/zst_codec.py,codec_io,,,,medium,partial,verify,not_started,ACCEPTED_VERIFIED,
zst,src/python/zst/zst_codec.py,zst_is_large_file,function,src/python/zst/zst_codec.py,codec_io,,,,medium,partial,verify,not_started,ACCEPTED_VERIFIED,
zst,src/python/zst/zst_codec.py,zst_frame_size_range,function,src/python/zst/zst_codec.py,codec_io,,,,medium,partial,verify,not_started,ACCEPTED_VERIFIED,
zst,src/python/zst/zst_codec.py,zst_is_multi_frame,function,src/python/zst/zst_codec.py,codec_io,,,,medium,partial,verify,not_started,ACCEPTED_VERIFIED,
zst,src/python/zst/zst_codec.py,zst_is_compressible,function,src/python/zst/zst_codec.py,codec_io,,,,medium,partial,verify,not_started,ACCEPTED_VERIFIED,
zst,src/python/zst/zst_codec.py,zst_compression_saving,function,src/python/zst/zst_codec.py,codec_io,,,,medium,partial,verify,not_started,ACCEPTED_VERIFIED,
zst,src/python/zst/zst_codec.py,zst_is_highly_compressed,function,src/python/zst/zst_codec.py,codec_io,,,,medium,partial,verify,not_started,ACCEPTED_VERIFIED,
zst,src/python/zst/zst_codec.py,zst_compression_efficiency,function,src/python/zst/zst_codec.py,codec_io,,,,medium,partial,verify,not_started,ACCEPTED_VERIFIED,
zst,src/python/zst/zst_codec.py,zst_savings_ratio,function,src/python/zst/zst_codec.py,codec_io,,,,medium,partial,verify,not_started,ACCEPTED_VERIFIED,
zst,src/python/zst/zst_codec.py,zst_is_rle_efficient,function,src/python/zst/zst_codec.py,codec_io,,,,medium,partial,verify,not_started,ACCEPTED_VERIFIED,
zst,src/python/zst/zst_codec.py,zst_avg_frame_size,function,src/python/zst/zst_codec.py,codec_io,,,,medium,partial,verify,not_started,ACCEPTED_VERIFIED,
zst,src/python/zst/zst_codec.py,zst_compressed_ratio,function,src/python/zst/zst_codec.py,codec_io,,,,medium,partial,verify,not_started,ACCEPTED_VERIFIED,
zst,src/python/zst/zst_codec.py,zst_file_size_bytes,function,src/python/zst/zst_codec.py,codec_io,,,,medium,partial,verify,not_started,ACCEPTED_VERIFIED,
zst,src/python/zst/zst_codec.py,zst_is_empty_content,function,src/python/zst/zst_codec.py,codec_io,,,,medium,partial,verify,not_started,ACCEPTED_VERIFIED,
zst,src/python/zst/zst_codec.py,zst_decompressed_per_frame,function,src/python/zst/zst_codec.py,codec_io,,,,medium,partial,verify,not_started,ACCEPTED_VERIFIED,
zst,src/python/zst/zst_codec.py,zst_density,function,src/python/zst/zst_codec.py,codec_io,,,,medium,partial,verify,not_started,ACCEPTED_VERIFIED,
zst,src/python/zst/zst_codec.py,zst_unique_frame_size_count,function,src/python/zst/zst_codec.py,codec_io,,,,medium,partial,verify,not_started,ACCEPTED_VERIFIED,
zst,src/python/zst/zst_codec.py,zst_is_uniform_frames,function,src/python/zst/zst_codec.py,codec_io,,,,medium,partial,verify,not_started,ACCEPTED_VERIFIED,
zst,src/python/zst/zst_codec.py,zst_content_type_hint,function,src/python/zst/zst_codec.py,codec_io,,,,medium,partial,verify,not_started,ACCEPTED_VERIFIED,
zst,src/python/zst/zst_codec.py,zst_frame_header_descriptor,function,src/python/zst/zst_codec.py,codec_io,,,,medium,partial,verify,not_started,ACCEPTED_VERIFIED,
zst,src/python/zst/zst_codec.py,zst_is_minimal_frame,function,src/python/zst/zst_codec.py,codec_io,,,,medium,partial,verify,not_started,ACCEPTED_VERIFIED,
zst,src/python/zst/zst_codec.py,zst_magic_valid,function,src/python/zst/zst_codec.py,codec_io,,,,medium,partial,verify,not_started,ACCEPTED_VERIFIED,
zst,src/python/zst/zst_codec.py,zst_ratio_vs_uncompressed,function,src/python/zst/zst_codec.py,codec_io,,,,medium,partial,verify,not_started,ACCEPTED_VERIFIED,
zst,src/python/zst/zst_codec.py,zst_bytes_saved,function,src/python/zst/zst_codec.py,codec_io,,,,medium,partial,verify,not_started,ACCEPTED_VERIFIED,
zst,src/python/zst/zst_codec.py,zst_header_size,function,src/python/zst/zst_codec.py,codec_io,,,,medium,partial,verify,not_started,ACCEPTED_VERIFIED,
zst,src/python/zst/zst_codec.py,zst_frame_count_ratio,function,src/python/zst/zst_codec.py,codec_io,,,,medium,partial,verify,not_started,ACCEPTED_VERIFIED,
zst,src/python/zst/zst_codec.py,zst_overhead_bytes,function,src/python/zst/zst_codec.py,codec_io,,,,medium,partial,verify,not_started,ACCEPTED_VERIFIED,
zst,src/python/zst/zst_codec.py,zst_avg_compression_per_byte,function,src/python/zst/zst_codec.py,codec_io,,,,medium,partial,verify,not_started,ACCEPTED_VERIFIED,
zst,src/python/zst/zst_codec.py,zst_is_smaller_than_1kb,function,src/python/zst/zst_codec.py,codec_io,,,,medium,partial,verify,not_started,ACCEPTED_VERIFIED,
zst,src/python/zst/zst_codec.py,zst_size_exceeds_100k,function,src/python/zst/zst_codec.py,codec_io,,,,medium,partial,verify,not_started,ACCEPTED_VERIFIED,
zst,src/python/zst/zst_codec.py,zst_content_entropy,function,src/python/zst/zst_codec.py,codec_io,,,,medium,partial,verify,not_started,ACCEPTED_VERIFIED,
zst,src/python/zst/zst_codec.py,zst_avg_byte_value,function,src/python/zst/zst_codec.py,codec_io,,,,medium,partial,verify,not_started,ACCEPTED_VERIFIED,
zst,src/python/zst/zst_codec.py,zst_size_per_frame,function,src/python/zst/zst_codec.py,codec_io,,,,medium,partial,verify,not_started,ACCEPTED_VERIFIED,
zst,src/python/zst/zst_codec.py,zst_byte_ratio,function,src/python/zst/zst_codec.py,codec_io,,,,medium,partial,verify,not_started,ACCEPTED_VERIFIED,
zst,src/python/zst/zst_codec.py,zst_compression_savings_ratio,function,src/python/zst/zst_codec.py,codec_io,,,,medium,partial,verify,not_started,ACCEPTED_VERIFIED,
zst,src/python/zst/zst_codec.py,zst_size_exceeds_1k,function,src/python/zst/zst_codec.py,codec_io,,,,medium,partial,verify,not_started,ACCEPTED_VERIFIED,
