source_plan,taskcard_id,definition_line,definition_text,occurrence_count,master_state,canonical_task_id,disposition
atomic-chasing-meteor.md,TC-G4H-001,281,## §9.1  TC-G4H-001 — Fix Corpus Existence Verification,47,UNRECONCILED,,
atomic-chasing-meteor.md,TC-G4H-007,1339,## §9.7  TC-G4H-007 — Fresh Verification Run and Evidence Bundle,17,UNRECONCILED,,
atomic-chasing-meteor.md,TC-G4H-NNN,40,"normalization_conventions: snake_case task IDs (TC-G4H-NNN), sequential numbering",2,UNRECONCILED,,
atomic-chasing-meteor.md,TC-G4H-NNN-NN,41,"naming_conventions: TC-G4H-NNN parent, TC-G4H-NNN-NN child, MS-G4H-NNN-NN-NN micro-step",1,UNRECONCILED,,
atomic-chasing-meteor.md,TC-G4H-004,717,## §9.4  TC-G4H-004 — Add Execution Probe Mode to Validator,32,UNRECONCILED,,
atomic-chasing-meteor.md,TC-G4H-004-01,758,### TC-G4H-004-01 — INVESTIGATION + Create gate4_execution_probe.py skeleton,20,UNRECONCILED,,
atomic-chasing-meteor.md,TC-G4H-005,1075,## §9.5  TC-G4H-005 — Add Pre-Commit Gate,18,UNRECONCILED,,
atomic-chasing-meteor.md,TC-G4H-002,488,## §9.2  TC-G4H-002 — Fix SOURCE_TRACK_EQUIVALENT Test File Consistency,33,UNRECONCILED,,
atomic-chasing-meteor.md,TC-G4H-003,584,## §9.3  TC-G4H-003 — De-hardcode BLOCKED_FORMATS in Governance Test,21,UNRECONCILED,,
atomic-chasing-meteor.md,TC-G4H-006,1166,## §9.6  TC-G4H-006 — Completion Matrix Sync Check,19,UNRECONCILED,,
atomic-chasing-meteor.md,TC-G4H-001-01,325,### TC-G4H-001-01 — Add _check_corpus_populated() helper function,10,UNRECONCILED,,
atomic-chasing-meteor.md,TC-G4H-001-02,366,### TC-G4H-001-02 — Apply corpus check in _validate_source_track_equivalent,11,UNRECONCILED,,
atomic-chasing-meteor.md,TC-G4H-001-03,404,### TC-G4H-001-03 — Apply corpus check in _validate_standalone_prototype,8,UNRECONCILED,,
atomic-chasing-meteor.md,TC-G4H-001-04,429,### TC-G4H-001-04 — Apply corpus check in _validate_evidence_wrapper,8,UNRECONCILED,,
atomic-chasing-meteor.md,TC-G4H-001-05,454,### TC-G4H-001-05 — Add corpus existence regression tests,10,UNRECONCILED,,
atomic-chasing-meteor.md,TC-G4H-002-01,517,### TC-G4H-002-01 — Add per-file test existence check to _validate_source_track_equivalent,11,UNRECONCILED,,
atomic-chasing-meteor.md,TC-G4H-002-02,551,### TC-G4H-002-02 — Add STE missing-test-file regression test,8,UNRECONCILED,,
atomic-chasing-meteor.md,TC-G4H-003-01,610,### TC-G4H-003-01 — Add _get_blocked_formats() to test_gate4_governance.py,12,UNRECONCILED,,
atomic-chasing-meteor.md,TC-G4H-003-02,642,### TC-G4H-003-02 — Update test_blocked_formats_not_passed to use dynamic set,9,UNRECONCILED,,
atomic-chasing-meteor.md,TC-G4H-003-03,680,### TC-G4H-003-03 — Add test_blocked_formats_derived_from_registry,6,UNRECONCILED,,
atomic-chasing-meteor.md,TC-G4H-004-06,926,### TC-G4H-004-06 — Add --mode flag to validate_gate4_evidence.py,11,UNRECONCILED,,
atomic-chasing-meteor.md,TC-G4H-004-02,813,### TC-G4H-004-02 — Implement probe_evidence_wrapper(),10,UNRECONCILED,,
atomic-chasing-meteor.md,TC-G4H-004-03,842,### TC-G4H-004-03 — Implement probe_standalone_prototype(),9,UNRECONCILED,,
atomic-chasing-meteor.md,TC-G4H-004-04,874,### TC-G4H-004-04 — Implement probe_source_track_equivalent(),9,UNRECONCILED,,
atomic-chasing-meteor.md,TC-G4H-004-05,901,### TC-G4H-004-05 — Implement run_all_probes(),9,UNRECONCILED,,
atomic-chasing-meteor.md,TC-G4H-004-07,959,### TC-G4H-004-07 — Create test_gate4_execution_probe.py + EVIDENCE_WRAPPER tests,9,UNRECONCILED,,
atomic-chasing-meteor.md,TC-G4H-004-08,992,"### TC-G4H-004-08 — Add STANDALONE_PROTOTYPE probe tests (XPM, PAM)",8,UNRECONCILED,,
atomic-chasing-meteor.md,TC-G4H-004-09,1020,### TC-G4H-004-09 — Add SOURCE_TRACK_EQUIVALENT probe test (ODS),8,UNRECONCILED,,
atomic-chasing-meteor.md,TC-G4H-004-10,1048,### TC-G4H-004-10 — Add negative control tests,7,UNRECONCILED,,
atomic-chasing-meteor.md,TC-G4H-004-02-03,863,(Similar command as TC-G4H-004-02-03 but for 'xpm'),1,UNRECONCILED,,
atomic-chasing-meteor.md,TC-G4H-006-04,1299,### TC-G4H-006-04 — Add check_completion_matrix to pre-commit hook,10,UNRECONCILED,,
atomic-chasing-meteor.md,TC-G4H-005-01,1100,### TC-G4H-005-01 — Add gate4-evidence-validator hook,17,UNRECONCILED,,
atomic-chasing-meteor.md,TC-G4H-005-02,1137,### TC-G4H-005-02 — Verify hook blocks malformed registry commit,8,UNRECONCILED,,
atomic-chasing-meteor.md,TC-G4H-006-01,1195,### TC-G4H-006-01 — INVESTIGATION: Read format-completion-matrix.yaml schema,16,UNRECONCILED,,
atomic-chasing-meteor.md,TC-G4H-006-02,1228,### TC-G4H-006-02 — Create check_completion_matrix.py,16,UNRECONCILED,,
atomic-chasing-meteor.md,TC-G4H-006-03,1261,### TC-G4H-006-03 — Add completion matrix governance test,9,UNRECONCILED,,
atomic-chasing-meteor.md,TC-G4H-007-01,1365,### TC-G4H-007-01 — Run test_gate4_contract.py,8,UNRECONCILED,,
atomic-chasing-meteor.md,TC-G4H-007-08,1464,### TC-G4H-007-08 — Create evidence bundle and terminal-closeout.yaml,9,UNRECONCILED,,
atomic-chasing-meteor.md,TC-G4H-007-02,1378,### TC-G4H-007-02 — Run test_gate4_governance.py,3,UNRECONCILED,,
atomic-chasing-meteor.md,TC-G4H-007-03,1391,### TC-G4H-007-03 — Run test_gate4_execution_probe.py,3,UNRECONCILED,,
atomic-chasing-meteor.md,TC-G4H-007-04,1404,### TC-G4H-007-04 — Run validator declaration mode,4,UNRECONCILED,,
atomic-chasing-meteor.md,TC-G4H-007-05,1418,### TC-G4H-007-05 — Run validator execute mode,3,UNRECONCILED,,
atomic-chasing-meteor.md,TC-G4H-007-06,1432,### TC-G4H-007-06 — Run full Gate 4 skill tests,3,UNRECONCILED,,
atomic-chasing-meteor.md,TC-G4H-007-07,1446,### TC-G4H-007-07 — Confirm pre-commit gate blocking (idempotency pilot),4,UNRECONCILED,,
atomic-chasing-meteor.md,TC-ID,1504,| TC-ID | Type | Status | Depends On | Wave |,2,UNRECONCILED,,
bubbly-dancing-pony.md,TC-MA2-PIPE-001,256,| TC-MA2-PIPE-001 | Make sprint prompt a view over next-work-items.json | — | PARENT | READY |,17,UNRECONCILED,,
bubbly-dancing-pony.md,TC-MA2-SIGNAL-001,69,### CORRECTION-001 — TC-MA2-SIGNAL-001 target file is wrong in original plan,20,UNRECONCILED,,
bubbly-dancing-pony.md,TC-MA2-SKIP-001,268,| TC-MA2-SKIP-001 | Machine-readable skip records for closeout failures | — | PARENT | READY |,16,UNRECONCILED,,
bubbly-dancing-pony.md,TC-MA2-VAL-001,273,| TC-MA2-VAL-001 | Enforce validator count at runtime | — | PARENT | READY |,12,UNRECONCILED,,
bubbly-dancing-pony.md,TC-MA2-LOCK-001,75,### CORRECTION-002 — TC-MA2-LOCK-001 post-write check already exists,16,UNRECONCILED,,
bubbly-dancing-pony.md,TC-MA2-VERIFY-001,282,"| TC-MA2-VERIFY-001 | End-to-end verification | PIPE,SIGNAL,SKIP,VAL,LOCK | PARENT | BLOCKED |",10,UNRECONCILED,,
bubbly-dancing-pony.md,TC-MA2-PILOT-001,291,| TC-MA2-PILOT-001 | Pilot: both outputs agree on work selection | VERIFY | PARENT | BLOCKED |,5,UNRECONCILED,,
bubbly-dancing-pony.md,TC-MA2-FINAL-001,308,| TC-MA2-FINAL-001 | Independent review and closure gate | ALL PILOTS | PARENT | BLOCKED |,6,UNRECONCILED,,
bubbly-dancing-pony.md,TC-AMD-CONV-002,77,- **Confirmed from code**: `write_plan_lock.py` lines 474-485 already implement TC-AMD-CONV-002 post-write check,5,UNRECONCILED,,
bubbly-dancing-pony.md,TC-ID,254,| TC-ID | Title | Depends On | Type | Status |,2,UNRECONCILED,,
bubbly-dancing-pony.md,TC-MA2-PIPE-001-01,257,| TC-MA2-PIPE-001-01 | Inspect and record exact replacement site | — | CHILD | TODO |,8,UNRECONCILED,,
bubbly-dancing-pony.md,TC-MA2-PIPE-001-02,258,| TC-MA2-PIPE-001-02 | Write test fixtures for NWI-sourced prompt | — | CHILD | TODO |,4,UNRECONCILED,,
bubbly-dancing-pony.md,TC-MA2-PIPE-001-03,259,| TC-MA2-PIPE-001-03 | Replace lines 625-703 with NWI reader | 01 | CHILD | TODO |,6,UNRECONCILED,,
bubbly-dancing-pony.md,TC-MA2-PIPE-001-04,260,| TC-MA2-PIPE-001-04 | Remove gap_fixtures dead code | 03 | CHILD | TODO |,5,UNRECONCILED,,
bubbly-dancing-pony.md,TC-MA2-PIPE-001-05,261,"| TC-MA2-PIPE-001-05 | Run tests and inspect next-sprint.md output | 03,04 | CHILD | TODO |",4,UNRECONCILED,,
bubbly-dancing-pony.md,TC-MA2-SIGNAL-001-01,263,| TC-MA2-SIGNAL-001-01 | Investigate signal construction site in autonomous_cycle.py | — | CHILD | TODO |,6,UNRECONCILED,,
bubbly-dancing-pony.md,TC-MA2-SIGNAL-001-02,264,| TC-MA2-SIGNAL-001-02 | Add validate_signal_coherence() function | 01 | CHILD | TODO |,6,UNRECONCILED,,
bubbly-dancing-pony.md,TC-MA2-SIGNAL-001-03,265,| TC-MA2-SIGNAL-001-03 | Wire coherence check into signal write path | 02 | CHILD | TODO |,4,UNRECONCILED,,
bubbly-dancing-pony.md,TC-MA2-SIGNAL-001-04,266,| TC-MA2-SIGNAL-001-04 | Add read-time diagnostic in check_continuation.py | 02 | CHILD | TODO |,4,UNRECONCILED,,
bubbly-dancing-pony.md,TC-MA2-SIGNAL-001-05,267,| TC-MA2-SIGNAL-001-05 | Repair current incoherent disk state | 03 | CHILD | TODO |,3,UNRECONCILED,,
bubbly-dancing-pony.md,TC-MA2-SKIP-001-01,269,| TC-MA2-SKIP-001-01 | Create closeout_skip_ledger.py module | — | CHILD | TODO |,6,UNRECONCILED,,
bubbly-dancing-pony.md,TC-MA2-SKIP-001-02,270,| TC-MA2-SKIP-001-02 | Audit all try/except blocks in autonomous_cycle.py closeout | — | CHILD | TODO |,4,UNRECONCILED,,
bubbly-dancing-pony.md,TC-MA2-SKIP-001-03,271,"| TC-MA2-SKIP-001-03 | Wire skip ledger into priority closeout except blocks | 01,02 | CHILD | TODO |",3,UNRECONCILED,,
bubbly-dancing-pony.md,TC-MA2-SKIP-001-04,272,| TC-MA2-SKIP-001-04 | Surface outstanding skips in session-resume.md | 01 | CHILD | TODO |,4,UNRECONCILED,,
bubbly-dancing-pony.md,TC-MA2-VAL-001-01,274,| TC-MA2-VAL-001-01 | Confirm expected_count=167 matches actual validator sum | — | CHILD | TODO |,5,UNRECONCILED,,
bubbly-dancing-pony.md,TC-MA2-VAL-001-02,275,| TC-MA2-VAL-001-02 | Add count enforcement after ran_count=len(results) | 01 | CHILD | TODO |,3,UNRECONCILED,,
bubbly-dancing-pony.md,TC-MA2-VAL-001-03,276,| TC-MA2-VAL-001-03 | Update MEMORY.md validator count (165→167) | 01 | CHILD | TODO |,4,UNRECONCILED,,
bubbly-dancing-pony.md,TC-MA2-LOCK-001-01,278,| TC-MA2-LOCK-001-01 | Read and document current write sequence lines 427-469 | — | CHILD | TODO |,4,UNRECONCILED,,
bubbly-dancing-pony.md,TC-MA2-LOCK-001-02,279,| TC-MA2-LOCK-001-02 | Add _write_both_locks() helper function | 01 | CHILD | TODO |,4,UNRECONCILED,,
bubbly-dancing-pony.md,TC-MA2-LOCK-001-03,280,| TC-MA2-LOCK-001-03 | Replace sequential writes with _write_both_locks() call | 02 | CHILD | TODO |,4,UNRECONCILED,,
bubbly-dancing-pony.md,TC-MA2-LOCK-001-04,281,| TC-MA2-LOCK-001-04 | Add grouped-write tests | 03 | CHILD | TODO |,3,UNRECONCILED,,
bubbly-dancing-pony.md,TC-MA2-VERIFY-001-01,283,| TC-MA2-VERIFY-001-01 | Run pytest tests/supervisor/ and record results | — | CHILD | TODO |,2,UNRECONCILED,,
bubbly-dancing-pony.md,TC-MA2-VERIFY-001-02,284,| TC-MA2-VERIFY-001-02 | Inspect next-sprint.md task IDs vs next-work-items.json | — | CHILD | TODO |,2,UNRECONCILED,,
bubbly-dancing-pony.md,TC-MA2-VERIFY-001-03,285,| TC-MA2-VERIFY-001-03 | Check signal coherence on disk | — | CHILD | TODO |,2,UNRECONCILED,,
bubbly-dancing-pony.md,TC-MA2-VERIFY-001-04,286,| TC-MA2-VERIFY-001-04 | Run check_continuation.py and record verdict | — | CHILD | TODO |,2,UNRECONCILED,,
bubbly-dancing-pony.md,TC-MA2-VERIFY-001-05,287,| TC-MA2-VERIFY-001-05 | Run governance runner and check count output | — | CHILD | TODO |,2,UNRECONCILED,,
bubbly-dancing-pony.md,TC-MA2-VERIFY-001-06,288,| TC-MA2-VERIFY-001-06 | Read both lock files and compare status | — | CHILD | TODO |,2,UNRECONCILED,,
bubbly-dancing-pony.md,TC-MA2-VERIFY-001-07,289,| TC-MA2-VERIFY-001-07 | Check skip ledger exists and has content | — | CHILD | TODO |,2,UNRECONCILED,,
bubbly-dancing-pony.md,TC-MA2-VERIFY-001-08,290,| TC-MA2-VERIFY-001-08 | Write verify-ma2-results.yaml | all | CHILD | TODO |,2,UNRECONCILED,,
bubbly-dancing-pony.md,TC-MA2-PILOT-001-01,292,| TC-MA2-PILOT-001-01 | Run autonomous_cycle and record timestamps | — | CHILD | TODO |,2,UNRECONCILED,,
bubbly-dancing-pony.md,TC-MA2-PILOT-001-02,293,| TC-MA2-PILOT-001-02 | Assert next-sprint.md item_ids in next-work-items.json | — | CHILD | TODO |,2,UNRECONCILED,,
bubbly-dancing-pony.md,TC-MA2-PILOT-001-03,294,| TC-MA2-PILOT-001-03 | Assert no fixture path in next-sprint.md | — | CHILD | TODO |,2,UNRECONCILED,,
bubbly-dancing-pony.md,TC-MA2-PILOT-002,295,| TC-MA2-PILOT-002 | Pilot: signal incoherence corrected at write | VERIFY | PARENT | BLOCKED |,4,UNRECONCILED,,
bubbly-dancing-pony.md,TC-MA2-PILOT-002-01,296,| TC-MA2-PILOT-002-01 | Write incoherent signal to disk | — | CHILD | TODO |,2,UNRECONCILED,,
bubbly-dancing-pony.md,TC-MA2-PILOT-002-02,297,| TC-MA2-PILOT-002-02 | Run signal write path with incoherent fields | — | CHILD | TODO |,2,UNRECONCILED,,
bubbly-dancing-pony.md,TC-MA2-PILOT-002-03,298,| TC-MA2-PILOT-002-03 | Assert corrected signal on disk | — | CHILD | TODO |,2,UNRECONCILED,,
bubbly-dancing-pony.md,TC-MA2-PILOT-002-04,299,| TC-MA2-PILOT-002-04 | Run check_continuation.py and assert CONTINUE | — | CHILD | TODO |,2,UNRECONCILED,,
bubbly-dancing-pony.md,TC-MA2-PILOT-003,300,| TC-MA2-PILOT-003 | Pilot: closeout failure produces skip record | VERIFY | PARENT | BLOCKED |,4,UNRECONCILED,,
bubbly-dancing-pony.md,TC-MA2-PILOT-003-01,301,| TC-MA2-PILOT-003-01 | Create test mocking copy_cycle_summaries failure | — | CHILD | TODO |,2,UNRECONCILED,,
bubbly-dancing-pony.md,TC-MA2-PILOT-003-02,302,| TC-MA2-PILOT-003-02 | Assert cycle exits 0 after mock failure | — | CHILD | TODO |,2,UNRECONCILED,,
bubbly-dancing-pony.md,TC-MA2-PILOT-003-03,303,| TC-MA2-PILOT-003-03 | Assert skip visible in session-resume.md | — | CHILD | TODO |,2,UNRECONCILED,,
bubbly-dancing-pony.md,TC-MA2-PILOT-004,304,| TC-MA2-PILOT-004 | Pilot: second full run zero material changes | ALL | PARENT | BLOCKED |,4,UNRECONCILED,,
bubbly-dancing-pony.md,TC-MA2-PILOT-004-01,305,| TC-MA2-PILOT-004-01 | Hash key outputs after first run | — | CHILD | TODO |,2,UNRECONCILED,,
bubbly-dancing-pony.md,TC-MA2-PILOT-004-02,306,| TC-MA2-PILOT-004-02 | Re-run same sequence | — | CHILD | TODO |,2,UNRECONCILED,,
bubbly-dancing-pony.md,TC-MA2-PILOT-004-03,307,| TC-MA2-PILOT-004-03 | Compare hashes (strip timestamps) | — | CHILD | TODO |,2,UNRECONCILED,,
bubbly-dancing-pony.md,TC-MA2-FINAL-001-01,309,| TC-MA2-FINAL-001-01 | Collect all counter values | — | CHILD | TODO |,2,UNRECONCILED,,
bubbly-dancing-pony.md,TC-MA2-FINAL-001-02,310,| TC-MA2-FINAL-001-02 | Verify all counters are zero | — | CHILD | TODO |,2,UNRECONCILED,,
bubbly-dancing-pony.md,TC-MA2-FINAL-001-03,311,| TC-MA2-FINAL-001-03 | Write final-report-ma2.md | — | CHILD | TODO |,2,UNRECONCILED,,
bubbly-dancing-pony.md,TC-MA2-FINAL-001-04,312,| TC-MA2-FINAL-001-04 | Write evidence declaration and run supervisor + --terminal | — | CHILD | TODO |,3,UNRECONCILED,,
cheeky-crafting-manatee.md,TC-FF-AUDIT-081,1121,#### TC-FF-AUDIT-081 [PARENT]: Product-Specific Healing (Priority Gaps),3,UNRECONCILED,,
cheeky-crafting-manatee.md,TC-FF-AUDIT-092,1194,#### TC-FF-AUDIT-092 [PARENT]: Final Report and Idempotency Verdict,3,UNRECONCILED,,
cheeky-crafting-manatee.md,TC-FF-AUDIT-060,907,#### TC-FF-AUDIT-060 [PARENT]: Fix SAL Extraction Pipeline for Non-ODF Formats,11,UNRECONCILED,,
cheeky-crafting-manatee.md,TC-FF-AUDIT-041,749,#### TC-FF-AUDIT-041 [PARENT]: Feature Proof Register,4,UNRECONCILED,,
cheeky-crafting-manatee.md,TC-FF-AUDIT-062,1000,#### TC-FF-AUDIT-062 [PARENT]: QName Fact-Reference Backfill,8,UNRECONCILED,,
cheeky-crafting-manatee.md,TC-FF-AUDIT-001,296,#### TC-FF-AUDIT-001 [PARENT]: Repository Status Recon and Forensic Baseline,5,UNRECONCILED,,
cheeky-crafting-manatee.md,TC-FF-AUDIT-002,343,#### TC-FF-AUDIT-002 [PARENT]: Complete Format Inventory (YAML),4,UNRECONCILED,,
cheeky-crafting-manatee.md,TC-FF-AUDIT-003,387,#### TC-FF-AUDIT-003 [PARENT]: Specification Source Inventory,4,UNRECONCILED,,
cheeky-crafting-manatee.md,TC-FF-AUDIT-004,426,#### TC-FF-AUDIT-004 [PARENT]: Specification Measurement Register,4,UNRECONCILED,,
cheeky-crafting-manatee.md,TC-FF-AUDIT-010,480,#### TC-FF-AUDIT-010 [PARENT]: Normalized Fact Register and SAL Authority Audit,6,UNRECONCILED,,
cheeky-crafting-manatee.md,TC-FF-AUDIT-001-A,307,##### TC-FF-AUDIT-001-A: Read Repository State Files,2,UNRECONCILED,,
cheeky-crafting-manatee.md,TC-FF-AUDIT-001-B,318,##### TC-FF-AUDIT-001-B: Read Spec and SAL Infrastructure,2,UNRECONCILED,,
cheeky-crafting-manatee.md,TC-FF-AUDIT-001-C,329,##### TC-FF-AUDIT-001-C: Write forensic-baseline.yaml,1,UNRECONCILED,,
cheeky-crafting-manatee.md,TC-FF-AUDIT-020,574,#### TC-FF-AUDIT-020 [PARENT]: QName Traceability Register,5,UNRECONCILED,,
cheeky-crafting-manatee.md,TC-FF-AUDIT-030,627,#### TC-FF-AUDIT-030 [PARENT]: Product Capability Register,4,UNRECONCILED,,
cheeky-crafting-manatee.md,TC-FF-AUDIT-002-A,354,##### TC-FF-AUDIT-002-A: Enumerate Formats from Registry,2,UNRECONCILED,,
cheeky-crafting-manatee.md,TC-FF-AUDIT-002-B,364,##### TC-FF-AUDIT-002-B: Classify Format States,2,UNRECONCILED,,
cheeky-crafting-manatee.md,TC-FF-AUDIT-002-C,374,##### TC-FF-AUDIT-002-C: Write format-inventory.yaml,1,UNRECONCILED,,
cheeky-crafting-manatee.md,TC-FF-AUDIT-003-A,397,##### TC-FF-AUDIT-003-A: Scan for On-Disk Spec Files,1,UNRECONCILED,,
cheeky-crafting-manatee.md,TC-FF-AUDIT-003-B,405,##### TC-FF-AUDIT-003-B: Resolve External Spec References,2,UNRECONCILED,,
cheeky-crafting-manatee.md,TC-FF-AUDIT-003-C,415,##### TC-FF-AUDIT-003-C: Write specification-source-inventory.yaml,1,UNRECONCILED,,
cheeky-crafting-manatee.md,TC-FF-AUDIT-004-A,436,##### TC-FF-AUDIT-004-A: Count ODF RelaxNG Schema Units,2,UNRECONCILED,,
cheeky-crafting-manatee.md,TC-FF-AUDIT-004-B,444,##### TC-FF-AUDIT-004-B: Count Units for Text/RFC Formats,2,UNRECONCILED,,
cheeky-crafting-manatee.md,TC-FF-AUDIT-004-C,455,##### TC-FF-AUDIT-004-C: Count Units for Binary/Image/XML Formats,2,UNRECONCILED,,
cheeky-crafting-manatee.md,TC-FF-AUDIT-004-D,465,##### TC-FF-AUDIT-004-D: Write specification-measurement-register.yaml,1,UNRECONCILED,,
cheeky-crafting-manatee.md,TC-FF-AUDIT-011,533,#### TC-FF-AUDIT-011 [PARENT]: Raw Spec Unit Register,2,UNRECONCILED,,
cheeky-crafting-manatee.md,TC-FF-AUDIT-010-A,491,##### TC-FF-AUDIT-010-A: Locate and Read SAL Facts Database,2,UNRECONCILED,,
cheeky-crafting-manatee.md,TC-FF-AUDIT-010-B,500,##### TC-FF-AUDIT-010-B: Classify SAL Facts by Provenance,2,UNRECONCILED,,
cheeky-crafting-manatee.md,TC-LA-001,507,- MS-010-B-2: `PENDING` For CSV/TOML/ABW/DIF/GNUMERIC/SYLK/XCF/QOI facts (from TC-LA-001 merge): classify as MANUALLY_SEEDED,1,UNRECONCILED,,
cheeky-crafting-manatee.md,TC-FF-AUDIT-010-C,510,##### TC-FF-AUDIT-010-C: Investigate SAL Extraction Pipeline,2,UNRECONCILED,,
cheeky-crafting-manatee.md,TC-FF-AUDIT-010-D,520,##### TC-FF-AUDIT-010-D: Write normalized-fact-register.yaml and sal-authority-audit.yaml,1,UNRECONCILED,,
cheeky-crafting-manatee.md,TC-FF-AUDIT-011-A,543,##### TC-FF-AUDIT-011-A: Map ODF Spec Units to SAL Facts,2,UNRECONCILED,,
cheeky-crafting-manatee.md,TC-FF-AUDIT-011-B,551,##### TC-FF-AUDIT-011-B: Document Non-ODF Spec Unit Gaps,2,UNRECONCILED,,
cheeky-crafting-manatee.md,TC-FF-AUDIT-011-C,559,##### TC-FF-AUDIT-011-C: Write raw-spec-unit-register.yaml,1,UNRECONCILED,,
cheeky-crafting-manatee.md,TC-FF-AUDIT-020-A,585,##### TC-FF-AUDIT-020-A: Read QName Registry,3,UNRECONCILED,,
cheeky-crafting-manatee.md,TC-FF-AUDIT-020-B,593,##### TC-FF-AUDIT-020-B: Verify ODF QName → SAL Fact Traceability,2,UNRECONCILED,,
cheeky-crafting-manatee.md,TC-FF-AUDIT-020-C,602,##### TC-FF-AUDIT-020-C: Classify Non-ODF QNames,2,UNRECONCILED,,
cheeky-crafting-manatee.md,TC-FF-AUDIT-020-D,611,##### TC-FF-AUDIT-020-D: Write qname-traceability-register.yaml,1,UNRECONCILED,,
cheeky-crafting-manatee.md,TC-FF-AUDIT-031,666,#### TC-FF-AUDIT-031 [PARENT]: Feature Register,3,UNRECONCILED,,
cheeky-crafting-manatee.md,TC-FF-AUDIT-030-A,638,##### TC-FF-AUDIT-030-A: Read Capability Source Data,2,UNRECONCILED,,
cheeky-crafting-manatee.md,TC-FF-AUDIT-030-B,646,##### TC-FF-AUDIT-030-B: Classify Capability Derivation Method,2,UNRECONCILED,,
cheeky-crafting-manatee.md,TC-FF-AUDIT-030-C,655,##### TC-FF-AUDIT-030-C: Write capability-register.yaml,1,UNRECONCILED,,
cheeky-crafting-manatee.md,TC-FF-AUDIT-040,709,#### TC-FF-AUDIT-040 [PARENT]: Code Traceability Register,3,UNRECONCILED,,
cheeky-crafting-manatee.md,TC-FF-AUDIT-031-A,677,##### TC-FF-AUDIT-031-A: Run Feature Compiler Dry-Run,2,UNRECONCILED,,
cheeky-crafting-manatee.md,TC-FF-AUDIT-031-B,686,##### TC-FF-AUDIT-031-B: Map Capabilities to Features,2,UNRECONCILED,,
cheeky-crafting-manatee.md,TC-FF-AUDIT-031-C,694,##### TC-FF-AUDIT-031-C: Write feature-register.yaml,1,UNRECONCILED,,
cheeky-crafting-manatee.md,TC-FF-AUDIT-040-A,720,##### TC-FF-AUDIT-040-A: Analyze Python Source Per Format,2,UNRECONCILED,,
cheeky-crafting-manatee.md,TC-FF-AUDIT-040-B,729,##### TC-FF-AUDIT-040-B: Analyze .NET Source Per Format,2,UNRECONCILED,,
cheeky-crafting-manatee.md,TC-FF-AUDIT-040-C,738,##### TC-FF-AUDIT-040-C: Write code-traceability-register.yaml,1,UNRECONCILED,,
cheeky-crafting-manatee.md,TC-FF-AUDIT-050,791,#### TC-FF-AUDIT-050 [PARENT]: Pipeline Anomaly Register and Conversion Ratios,3,UNRECONCILED,,
cheeky-crafting-manatee.md,TC-FF-AUDIT-041-A,760,##### TC-FF-AUDIT-041-A: Count Tests Per Format,2,UNRECONCILED,,
cheeky-crafting-manatee.md,TC-FF-AUDIT-041-B,768,##### TC-FF-AUDIT-041-B: Assign Proof Levels from Oracle Results,2,UNRECONCILED,,
cheeky-crafting-manatee.md,TC-FF-AUDIT-041-C,777,##### TC-FF-AUDIT-041-C: Write feature-proof-register.yaml,1,UNRECONCILED,,
cheeky-crafting-manatee.md,TC-FF-AUDIT-051,829,#### TC-FF-AUDIT-051 [PARENT]: Root Cause Register,3,UNRECONCILED,,
cheeky-crafting-manatee.md,TC-FF-AUDIT-050-A,802,##### TC-FF-AUDIT-050-A: Compute Conversion Ratios Per Format,2,UNRECONCILED,,
cheeky-crafting-manatee.md,TC-FF-AUDIT-050-B,810,##### TC-FF-AUDIT-050-B: Write Pipeline Metrics Files,2,UNRECONCILED,,
cheeky-crafting-manatee.md,TC-FF-AUDIT-050-C,819,##### TC-FF-AUDIT-050-C: Verify and Mark VERIFIED,1,UNRECONCILED,,
cheeky-crafting-manatee.md,TC-FF-AUDIT-052,854,#### TC-FF-AUDIT-052 [PARENT]: Fix Option Register and Chosen Repair Strategies,5,UNRECONCILED,,
cheeky-crafting-manatee.md,TC-FF-AUDIT-051-A,838,##### TC-FF-AUDIT-051-A: Write root-cause-register.yaml,1,UNRECONCILED,,
cheeky-crafting-manatee.md,TC-FF-AUDIT-053,882,#### TC-FF-AUDIT-053 [PARENT]: Spec-to-Code Traceability Graph,3,UNRECONCILED,,
cheeky-crafting-manatee.md,TC-FF-AUDIT-061,969,#### TC-FF-AUDIT-061 [PARENT]: Fix Capability Feature Compiler,2,UNRECONCILED,,
cheeky-crafting-manatee.md,TC-FF-AUDIT-052-A,863,##### TC-FF-AUDIT-052-A: Write fix-option-register.yaml,2,UNRECONCILED,,
cheeky-crafting-manatee.md,TC-FF-AUDIT-052-B,872,##### TC-FF-AUDIT-052-B: Write chosen-repair-plan.md,1,UNRECONCILED,,
cheeky-crafting-manatee.md,TC-FF-AUDIT-053-A,890,##### TC-FF-AUDIT-053-A: Build Traceability Graph,1,UNRECONCILED,,
cheeky-crafting-manatee.md,TC-FF-AUDIT-070,1026,#### TC-FF-AUDIT-070 [PARENT]: ODF Pilot (FODS — Full Traceability Chain),3,UNRECONCILED,,
cheeky-crafting-manatee.md,TC-FF-AUDIT-071,1047,#### TC-FF-AUDIT-071 [PARENT]: Simple Text Pilot (CSV — RFC 4180 Chain),3,UNRECONCILED,,
cheeky-crafting-manatee.md,TC-FF-AUDIT-072,1068,#### TC-FF-AUDIT-072 [PARENT]: Binary Format Pilot (QOI — Spec Header Chain),3,UNRECONCILED,,
cheeky-crafting-manatee.md,TC-FF-AUDIT-060-A,919,"##### TC-FF-AUDIT-060-A: Create Seeders for Text/Delimiter Formats (CSV, TSV, NDJSON)",2,UNRECONCILED,,
cheeky-crafting-manatee.md,TC-FF-AUDIT-060-B,928,##### TC-FF-AUDIT-060-B: Create Seeders for Config/Markup Formats (TOML),1,UNRECONCILED,,
cheeky-crafting-manatee.md,TC-FF-AUDIT-060-C,935,"##### TC-FF-AUDIT-060-C: Create Seeders for Legacy Spreadsheet Formats (DIF, SYLK)",1,UNRECONCILED,,
cheeky-crafting-manatee.md,TC-FF-AUDIT-060-D,942,"##### TC-FF-AUDIT-060-D: Create Seeders for XML-Based Formats (Gnumeric, ABW)",1,UNRECONCILED,,
cheeky-crafting-manatee.md,TC-FF-AUDIT-060-E,948,"##### TC-FF-AUDIT-060-E: Create Seeders for Image Formats (QOI, PBM/PGM/PPM, XCF)",2,UNRECONCILED,,
cheeky-crafting-manatee.md,TC-FF-AUDIT-060-F,955,##### TC-FF-AUDIT-060-F: Run All Seeders and Update SAL Cache,1,UNRECONCILED,,
cheeky-crafting-manatee.md,TC-FF-AUDIT-080,1093,#### TC-FF-AUDIT-080 [PARENT]: Portfolio Backfill (All 14 Non-ODF Formats),3,UNRECONCILED,,
cheeky-crafting-manatee.md,TC-FF-AUDIT-061-A,979,##### TC-FF-AUDIT-061-A: Read and Compare Both Compiler Files,2,UNRECONCILED,,
cheeky-crafting-manatee.md,TC-FF-AUDIT-061-B,988,##### TC-FF-AUDIT-061-B: Fix Canonical Compiler,1,UNRECONCILED,,
cheeky-crafting-manatee.md,TC-FF-AUDIT-062-A,1009,##### TC-FF-AUDIT-062-A: Add source_fact_ids to All 79 QName Entries,1,UNRECONCILED,,
cheeky-crafting-manatee.md,TC-FF-AUDIT-070-A,1035,##### TC-FF-AUDIT-070-A: Trace 3 FODS Capabilities End-to-End,1,UNRECONCILED,,
cheeky-crafting-manatee.md,TC-FF-AUDIT-071-A,1056,##### TC-FF-AUDIT-071-A: Trace 3 CSV Capabilities After SAL Seeding,1,UNRECONCILED,,
cheeky-crafting-manatee.md,TC-FF-AUDIT-072-A,1077,##### TC-FF-AUDIT-072-A: Trace 3 QOI Capabilities After SAL Seeding,1,UNRECONCILED,,
cheeky-crafting-manatee.md,TC-FF-AUDIT-080-A,1102,##### TC-FF-AUDIT-080-A: Update Code Traceability for All 14 Non-ODF Formats,2,UNRECONCILED,,
cheeky-crafting-manatee.md,TC-FF-AUDIT-080-B,1110,##### TC-FF-AUDIT-080-B: Regenerate Pipeline Metrics,1,UNRECONCILED,,
cheeky-crafting-manatee.md,TC-FF-AUDIT-081-A,1131,##### TC-FF-AUDIT-081-A: Identify Priority STRUCTURAL_SHELL_ONLY Items,2,UNRECONCILED,,
cheeky-crafting-manatee.md,TC-FF-AUDIT-081-B,1139,##### TC-FF-AUDIT-081-B: Execute Product Healing via Governed Skills,1,UNRECONCILED,,
cheeky-crafting-manatee.md,TC-FF-AUDIT-090,1154,#### TC-FF-AUDIT-090 [PARENT]: Post-Repair Reaudit and Portfolio Metrics Update,3,UNRECONCILED,,
cheeky-crafting-manatee.md,TC-FF-AUDIT-090-A,1162,##### TC-FF-AUDIT-090-A: Remeasure All Pipeline Ratios,1,UNRECONCILED,,
cheeky-crafting-manatee.md,TC-FF-AUDIT-091,1175,#### TC-FF-AUDIT-091 [PARENT]: Taskcard Register and Execution Batch Register,2,UNRECONCILED,,
cheeky-crafting-manatee.md,TC-FF-AUDIT-091-A,1183,##### TC-FF-AUDIT-091-A: Write Closure Ledger Files,1,UNRECONCILED,,
cheeky-crafting-manatee.md,TC-FF-AUDIT-092-A,1203,##### TC-FF-AUDIT-092-A: Run Idempotency Check,3,UNRECONCILED,,
cheeky-crafting-manatee.md,TC-FF-AUDIT-092-B,1211,##### TC-FF-AUDIT-092-B: Write Final Report,1,UNRECONCILED,,
cheeky-crafting-manatee.md,TC-001,1266,| TC-001 | forensic-baseline.yaml parses as valid YAML | File must NOT exist before MS-001-C-1 | Delete stale artifact; re-run |,6,UNRECONCILED,,
cheeky-crafting-manatee.md,TC-002,1267,| TC-002 | format-inventory.yaml has exactly 24 entries | ora/pam/xpm/zpaq must NOT be CODE_PARTIAL | Reclassify to SPEC_ONLY; re-validate |,5,UNRECONCILED,,
cheeky-crafting-manatee.md,TC-010,1270,| TC-010 | ODF fact count ≥ 13000 | Non-ODF formats must NOT show PIPELINE_WORKING | Override to MANUALLY_SEEDED |,8,UNRECONCILED,,
cheeky-crafting-manatee.md,TC-011,1230,TC-001 → TC-002 → TC-010 → TC-011 → TC-020 → TC-030 → TC-031 → TC-040 → TC-041,6,UNRECONCILED,,
cheeky-crafting-manatee.md,TC-020,1271,| TC-020 | All 79 qnames have classification field | No non-ODF qname classified COMPLETE_AND_VALID with 0 facts | Reclassify; re-validate |,10,UNRECONCILED,,
cheeky-crafting-manatee.md,TC-030,1230,TC-001 → TC-002 → TC-010 → TC-011 → TC-020 → TC-030 → TC-031 → TC-040 → TC-041,6,UNRECONCILED,,
cheeky-crafting-manatee.md,TC-031,1230,TC-001 → TC-002 → TC-010 → TC-011 → TC-020 → TC-030 → TC-031 → TC-040 → TC-041,4,UNRECONCILED,,
cheeky-crafting-manatee.md,TC-040,1230,TC-001 → TC-002 → TC-010 → TC-011 → TC-020 → TC-030 → TC-031 → TC-040 → TC-041,5,UNRECONCILED,,
cheeky-crafting-manatee.md,TC-041,1230,TC-001 → TC-002 → TC-010 → TC-011 → TC-020 → TC-030 → TC-031 → TC-040 → TC-041,6,UNRECONCILED,,
cheeky-crafting-manatee.md,TC-003,1268,| TC-003 | Every format has ≥1 spec reference | No format may have source_references: [] | Add PAGE_ESTIMATE entry; mark gap |,5,UNRECONCILED,,
cheeky-crafting-manatee.md,TC-004,1269,| TC-004 | Every spec has semantic_units > 0 OR counting_method: PAGE_ESTIMATE | No format may have semantic_units: null | Add PAGE_ESTIMATE + note limitations |,6,UNRECONCILED,,
cheeky-crafting-manatee.md,TC-050,1272,| TC-050 | anomaly-register has ≥5 anomalies | Register must NOT be empty | Investigate suppression; add anomalies |,17,UNRECONCILED,,
cheeky-crafting-manatee.md,TC-051,1232,TC-041 → TC-050 → TC-051 → TC-052 → TC-053,5,UNRECONCILED,,
cheeky-crafting-manatee.md,TC-052,1232,TC-041 → TC-050 → TC-051 → TC-052 → TC-053,8,UNRECONCILED,,
cheeky-crafting-manatee.md,TC-053,1232,TC-041 → TC-050 → TC-051 → TC-052 → TC-053,3,UNRECONCILED,,
cheeky-crafting-manatee.md,TC-060,1273,| TC-060 | All 14 non-ODF formats have >0 facts after seeders | ODF fact counts must NOT decrease | Check for accidental deletion; restore |,15,UNRECONCILED,,
cheeky-crafting-manatee.md,TC-061,1274,| TC-061 | Compiler produces ≥1 work item per open-gap format | Output must NOT be empty | Debug RC-004; fix dedup logic |,7,UNRECONCILED,,
cheeky-crafting-manatee.md,TC-062,1275,| TC-062 | All 79 qname entries have source_fact_ids field | No qname may have source_fact_ids: [] | Match to seeded facts; add entries |,9,UNRECONCILED,,
cheeky-crafting-manatee.md,TC-070,1235,"TC-060 + TC-062 → TC-070, TC-071, TC-072 (can run in parallel)",5,UNRECONCILED,,
cheeky-crafting-manatee.md,TC-071,1235,"TC-060 + TC-062 → TC-070, TC-071, TC-072 (can run in parallel)",5,UNRECONCILED,,
cheeky-crafting-manatee.md,TC-072,1235,"TC-060 + TC-062 → TC-070, TC-071, TC-072 (can run in parallel)",5,UNRECONCILED,,
cheeky-crafting-manatee.md,TC-080,1236,TC-070 + TC-071 + TC-072 → TC-080 → TC-081 → TC-090 → TC-091 → TC-092,11,UNRECONCILED,,
cheeky-crafting-manatee.md,TC-081,1236,TC-070 + TC-071 + TC-072 → TC-080 → TC-081 → TC-090 → TC-091 → TC-092,3,UNRECONCILED,,
cheeky-crafting-manatee.md,TC-090,1236,TC-070 + TC-071 + TC-072 → TC-080 → TC-081 → TC-090 → TC-091 → TC-092,6,UNRECONCILED,,
cheeky-crafting-manatee.md,TC-091,1236,TC-070 + TC-071 + TC-072 → TC-080 → TC-081 → TC-090 → TC-091 → TC-092,7,UNRECONCILED,,
cheeky-crafting-manatee.md,TC-092,1276,| TC-092 | final-report.md has final verdict on last line | Verdict must come from prescribed vocabulary | Replace with correct term |,13,UNRECONCILED,,
cheeky-crafting-manatee.md,TC-FF-AUDIT,1341,"2. **Remediation TC naming:** `TC-FF-AUDIT-{parent}-RW{n}` where n is the reroute count (e.g., TC-FF-AUDIT-010-RW1)",1,UNRECONCILED,,
cheeky-crafting-manatee.md,TC-FF-AUDIT-010-RW1,1341,"2. **Remediation TC naming:** `TC-FF-AUDIT-{parent}-RW{n}` where n is the reroute count (e.g., TC-FF-AUDIT-010-RW1)",1,UNRECONCILED,,
clever-tickling-island.md,TC-INV-001,500,### TC-INV-001: Produce Required Discovery Reports,9,UNRECONCILED,,
clever-tickling-island.md,TC-CLOSE-001,1462,### TC-CLOSE-001: Integration Validation and Closeout,12,UNRECONCILED,,
clever-tickling-island.md,TC-SCHEMA-001,663,### TC-SCHEMA-001: SQLite v3 Migration — Canary Shadow Tables,17,UNRECONCILED,,
clever-tickling-island.md,TC-TEST-003,477,TC-SCHEMA-001 ─────────────────────────────────────────────────────► (prerequisite for TC-TEST-003),2,UNRECONCILED,,
clever-tickling-island.md,TC-REGISTRY-001,839,### TC-REGISTRY-001: Validator Shadow System,22,UNRECONCILED,,
clever-tickling-island.md,TC-VALCLI-001,1048,### TC-VALCLI-001: Validator Promotion CLI,9,UNRECONCILED,,
clever-tickling-island.md,TC-TEST-001,1335,### TC-TEST-001: Validator Shadow Test Suite,8,UNRECONCILED,,
clever-tickling-island.md,TC-GRADER-001,1119,### TC-GRADER-001: Grader Shadow Integration,17,UNRECONCILED,,
clever-tickling-island.md,TC-TEST-002,1407,### TC-TEST-002: Grader and Compilation Diff Test Suite,9,UNRECONCILED,,
clever-tickling-island.md,TC-DIFF-001,1271,### TC-DIFF-001: Compilation Diff Tool,13,UNRECONCILED,,
clever-tickling-island.md,TC-TEST-004,480,TC-DIFF-001 ───────────────────────────────────────────────────────► (prerequisite for TC-TEST-004),2,UNRECONCILED,,
clever-tickling-island.md,TC-INIT-001,621,### TC-INIT-001: Initialize tools/canary Package,12,UNRECONCILED,,
clever-tickling-island.md,TC-INV-001-01,527,#### TC-INV-001-01: Write state-system-inventory.yaml,2,UNRECONCILED,,
clever-tickling-island.md,TC-INV-001-02,557,#### TC-INV-001-02: Write canary-opportunity-map.yaml,4,UNRECONCILED,,
clever-tickling-island.md,TC-INV-001-03,592,#### TC-INV-001-03: Write risk register and architecture decision,3,UNRECONCILED,,
clever-tickling-island.md,TC-INIT-001-01,639,#### TC-INIT-001-01: Create tools/canary/__init__.py,2,UNRECONCILED,,
clever-tickling-island.md,TC-REGISTRY-001-01,876,#### TC-REGISTRY-001-01: Create .supervisor/validator-shadow-registry.yaml,5,UNRECONCILED,,
clever-tickling-island.md,TC-SCHEMA-001-01,700,#### TC-SCHEMA-001-01: Write v3 SQL migration file,3,UNRECONCILED,,
clever-tickling-island.md,TC-SCHEMA-001-02,734,#### TC-SCHEMA-001-02: Increment SCHEMA_VERSION and extend schema.sql,4,UNRECONCILED,,
clever-tickling-island.md,TC-SCHEMA-001-03,770,#### TC-SCHEMA-001-03: Create canary_shadow_ingestor.py,4,UNRECONCILED,,
clever-tickling-island.md,TC-SCHEMA-001-04,809,#### TC-SCHEMA-001-04: Register ingestor in sync.py,4,UNRECONCILED,,
clever-tickling-island.md,TC-REGISTRY-001-02,904,#### TC-REGISTRY-001-02: Add shadow registry loader to governance_validator_runner.py,4,UNRECONCILED,,
clever-tickling-island.md,TC-REGISTRY-001-03,954,#### TC-REGISTRY-001-03: Add shadow routing in validator result loop,5,UNRECONCILED,,
clever-tickling-island.md,TC-REGISTRY-001-04,1006,#### TC-REGISTRY-001-04: Add shadow log writer,3,UNRECONCILED,,
clever-tickling-island.md,TC-VALCLI-001-01,1076,#### TC-VALCLI-001-01: Create tools/canary/validator_promotion.py,3,UNRECONCILED,,
clever-tickling-island.md,TC-TEST-001-01,1362,#### TC-TEST-001-01: Create test_validator_shadow.py,9,UNRECONCILED,,
clever-tickling-island.md,TC-GRADER-001-01,1151,#### TC-GRADER-001-01: Add --shadow-provider CLI flag,3,UNRECONCILED,,
clever-tickling-island.md,TC-GRADER-001-02,1189,#### TC-GRADER-001-02: Add shadow grading call and log writer,3,UNRECONCILED,,
clever-tickling-island.md,TC-GRADER-001-03,1232,#### TC-GRADER-001-03: Create tools/canary/grader_promotion.py,3,UNRECONCILED,,
clever-tickling-island.md,TC-DIFF-001-01,1292,#### TC-DIFF-001-01: Create tools/canary/compilation_diff.py,2,UNRECONCILED,,
clever-tickling-island.md,TC-TEST-001-02,1388,#### TC-TEST-001-02: Create test_schema_migration.py,2,UNRECONCILED,,
clever-tickling-island.md,TC-TEST-002-01,1427,#### TC-TEST-002-01: Create test_grader_shadow.py,7,UNRECONCILED,,
clever-tickling-island.md,TC-TEST-002-02,1444,#### TC-TEST-002-02: Create test_compilation_diff.py,3,UNRECONCILED,,
clever-tickling-island.md,TC-CLOSE-001-01,1486,#### TC-CLOSE-001-01: Schema migration end-to-end validation,2,UNRECONCILED,,
clever-tickling-island.md,TC-CLOSE-001-02,1497,#### TC-CLOSE-001-02: Validator shadow round-trip,2,UNRECONCILED,,
clever-tickling-island.md,TC-CLOSE-001-03,1512,#### TC-CLOSE-001-03: Grader shadow validation,2,UNRECONCILED,,
clever-tickling-island.md,TC-CLOSE-001-04,1523,#### TC-CLOSE-001-04: Compilation diff validation,2,UNRECONCILED,,
clever-tickling-island.md,TC-CLOSE-001-05,1534,#### TC-CLOSE-001-05: Full test suite and regression controls,2,UNRECONCILED,,
clever-tickling-island.md,TC-CLOSE-001-06,1546,#### TC-CLOSE-001-06: Second-run idempotency proof,3,UNRECONCILED,,
clever-tickling-island.md,TC-CLOSE-001-07,1559,#### TC-CLOSE-001-07: Produce canary-benefit-assessment.yaml,2,UNRECONCILED,,
effervescent-sprouting-marshmallow.md,TC-FHQA-000,35,### TC-FHQA-000 — Mandatory Session Bootstrap (MUST RUN FIRST),12,UNRECONCILED,,
effervescent-sprouting-marshmallow.md,TC-FHQA-001,83,### TC-FHQA-001 — Preflight + Run Folder Setup,5,UNRECONCILED,,
effervescent-sprouting-marshmallow.md,TC-FHQA-002,103,### TC-FHQA-002 — System Chain Audit (Full SPEC → EVIDENCE Chain),5,UNRECONCILED,,
effervescent-sprouting-marshmallow.md,TC-FHQA-003,131,### TC-FHQA-003 — QName Audit + Per-Product Compliance Matrix,5,UNRECONCILED,,
effervescent-sprouting-marshmallow.md,TC-FHQA-004,157,### TC-FHQA-004 — Source Quality Review,5,UNRECONCILED,,
effervescent-sprouting-marshmallow.md,TC-FHQA-005,183,### TC-FHQA-005 — SAL Audit,4,UNRECONCILED,,
effervescent-sprouting-marshmallow.md,TC-FHQA-006,205,### TC-FHQA-006 — Capability Layer Audit,4,UNRECONCILED,,
effervescent-sprouting-marshmallow.md,TC-FHQA-007,225,### TC-FHQA-007 — Skill Inventory and Gaps,6,UNRECONCILED,,
effervescent-sprouting-marshmallow.md,TC-FHQA-008,261,### TC-FHQA-008 — Downstream + Supervisor + Lane Separation + Backfill Audits,5,UNRECONCILED,,
effervescent-sprouting-marshmallow.md,TC-FHQA-009,302,### TC-FHQA-009 — Product Maturity + Traceability Matrix,5,UNRECONCILED,,
effervescent-sprouting-marshmallow.md,TC-FHQA-010,328,### TC-FHQA-010 — Taskcards + Repair Plan,5,UNRECONCILED,,
effervescent-sprouting-marshmallow.md,TC-NNN,340,- Do NOT create taskcards that duplicate existing TC-NNN or S-F2F-NN taskcards,1,UNRECONCILED,,
effervescent-sprouting-marshmallow.md,TC-FHQA-011,351,### TC-FHQA-011 — Safe Execution (Minimum Viable Repairs),4,UNRECONCILED,,
effervescent-sprouting-marshmallow.md,TC-FHQA-012,398,### TC-FHQA-012 — Validation + Idempotency,5,UNRECONCILED,,
effervescent-sprouting-marshmallow.md,TC-FHQA-013,478,### TC-FHQA-013 — Final Verdict + Evidence Bundle,6,UNRECONCILED,,
elegant-napping-minsky.md,TC-B01,82,### TC-B01: Architecture Audit Tool,11,UNRECONCILED,,
elegant-napping-minsky.md,TC-B03,193,### TC-B03: Three Focused Validators (replacing the prior six),5,UNRECONCILED,,
elegant-napping-minsky.md,TC-B02,150,### TC-B02: Public API Manifest (Schema + FODS Pilot),5,UNRECONCILED,,
elegant-napping-minsky.md,TC-B04,242,### TC-B04: Lane Registry Expansion + Promotion Tool,5,UNRECONCILED,,
elegant-napping-minsky.md,TC-B05,355,"### TC-B05: Architecture Counters (Live, Derived, Not Static)",4,UNRECONCILED,,
elegant-napping-minsky.md,TC-C01,403,### TC-C01: Run Architecture Audit on All 30 Formats,5,UNRECONCILED,,
elegant-napping-minsky.md,TC-C02,452,### TC-C02: Produce Architecture Gap Register,5,UNRECONCILED,,
fizzy-imagining-hinton.md,TC-W0-001,88,### TC-W0-001 — Verify Overclaim Detector Is Actually Operational,7,UNRECONCILED,,
fizzy-imagining-hinton.md,TC-W2,318,"## WAVE 3 — Monolith Healing (P2, requires any TC-W2-* DONE)",5,UNRECONCILED,,
fizzy-imagining-hinton.md,TC-W2-001,294,### TC-W2-001 — Analytics Separation: fods (NEEDS DISCOVERY),5,UNRECONCILED,,
fizzy-imagining-hinton.md,TC-W2-008,415,### TC-W4-004 — SYLK Writer (requires TC-W2-008 DONE),4,UNRECONCILED,,
fizzy-imagining-hinton.md,TC-W3,531,### TC-W7-001 — Test-Coverage Index (requires any TC-W3-* DONE),5,UNRECONCILED,,
fizzy-imagining-hinton.md,TC-W0-002,113,### TC-W0-002 — Reconcile Failure-Memory Against Plan Description,3,UNRECONCILED,,
fizzy-imagining-hinton.md,TC-W6-001,486,### TC-W6-001 — Identify and Consolidate Sprint Writer Duplication,4,UNRECONCILED,,
fizzy-imagining-hinton.md,TC-W7-002,542,### TC-W7-002 — Security Test Suite,4,UNRECONCILED,,
fizzy-imagining-hinton.md,TC-W5-001,435,### TC-W5-001 — Verify Open Gaps Against Source Truth,3,UNRECONCILED,,
fizzy-imagining-hinton.md,TC-W4,37,- TC-W4-* writers — none of the 4 exist; all need creation,1,UNRECONCILED,,
fizzy-imagining-hinton.md,TC-W0-003,134,### TC-W0-003 — Fix Weak Assert.True(true) in .NET Tests,3,UNRECONCILED,,
fizzy-imagining-hinton.md,TC-W1-003,200,### TC-W1-003 — Add lane-ownership.yaml,2,UNRECONCILED,,
fizzy-imagining-hinton.md,TC-W1-004,242,### TC-W1-004 — Package-Install Verification Script,2,UNRECONCILED,,
fizzy-imagining-hinton.md,TC-W1-001,166,### TC-W1-001 — Sync Missing Command-Registry Entries,2,UNRECONCILED,,
fizzy-imagining-hinton.md,TC-W1-002,182,### TC-W1-002 — Validate Source-Structure-Baseline.json Accuracy,1,UNRECONCILED,,
fizzy-imagining-hinton.md,TC-W2-002,307,### TC-W2-002 through TC-W2-009 (except TC-W2-001),4,UNRECONCILED,,
fizzy-imagining-hinton.md,TC-W2-003,278,"- `src/python/odt/text_document.py` — already pure analytics, imports from `odt_parser`; TC-W2-003 is ALREADY_COMPLETE_VERIFIED",2,UNRECONCILED,,
fizzy-imagining-hinton.md,TC-W2-004,279,"- `src/python/fodp/presentation_document.py` — already pure analytics, 90+ functions; TC-W2-004 is ALREADY_COMPLETE_VERIFIED",2,UNRECONCILED,,
fizzy-imagining-hinton.md,TC-W2-005,280,- `src/python/pbm/bitmap_image.py` — already pure analytics; TC-W2-005 is ALREADY_COMPLETE_VERIFIED,2,UNRECONCILED,,
fizzy-imagining-hinton.md,TC-W2-006,281,- `src/python/pgm/grayscale_image.py` — already pure analytics; TC-W2-006 is ALREADY_COMPLETE_VERIFIED,2,UNRECONCILED,,
fizzy-imagining-hinton.md,TC-W2-007,282,- `src/python/qoi/image_document.py` — already pure analytics; TC-W2-007 is ALREADY_COMPLETE_VERIFIED,2,UNRECONCILED,,
fizzy-imagining-hinton.md,TC-W2-009,307,### TC-W2-002 through TC-W2-009 (except TC-W2-001),5,UNRECONCILED,,
fizzy-imagining-hinton.md,TC-W3-004,336,**Risk assessment for TC-W3-004 (zst/zst_codec.py):**,2,UNRECONCILED,,
fizzy-imagining-hinton.md,TC-W4-001,358,### TC-W4-001 — TSV Writer (requires TC-W2-009 DONE),1,UNRECONCILED,,
fizzy-imagining-hinton.md,TC-W4-002,379,### TC-W4-002 — NDJSON Writer (requires TC-W3-003 DONE),1,UNRECONCILED,,
fizzy-imagining-hinton.md,TC-W3-003,379,### TC-W4-002 — NDJSON Writer (requires TC-W3-003 DONE),1,UNRECONCILED,,
fizzy-imagining-hinton.md,TC-W4-003,396,### TC-W4-003 — TOML Writer (requires TC-W2-009 DONE),1,UNRECONCILED,,
fizzy-imagining-hinton.md,TC-W4-004,415,### TC-W4-004 — SYLK Writer (requires TC-W2-008 DONE),1,UNRECONCILED,,
fizzy-imagining-hinton.md,TC-W5-002,448,### TC-W5-002 — Spot-Check Closed Gaps,2,UNRECONCILED,,
fizzy-imagining-hinton.md,TC-W5-003,463,### TC-W5-003 — Normalize Format Name Casing,1,UNRECONCILED,,
fizzy-imagining-hinton.md,TC-W5-004,474,### TC-W5-004 — Register Unledgered Gaps,1,UNRECONCILED,,
fizzy-imagining-hinton.md,TC-W6-002,502,### TC-W6-002 — Classify Unused Tool Scripts,1,UNRECONCILED,,
fizzy-imagining-hinton.md,TC-W6-003,515,### TC-W6-003 — Document Machinery:Product Ratio,1,UNRECONCILED,,
fizzy-imagining-hinton.md,TC-W7-001,531,### TC-W7-001 — Test-Coverage Index (requires any TC-W3-* DONE),2,UNRECONCILED,,
fizzy-imagining-hinton.md,TC-W7-003,556,### TC-W7-003 — Performance Benchmark Suite (no dependency),1,UNRECONCILED,,
fizzy-imagining-hinton.md,TC-W7-004,573,### TC-W7-004 — Audit Overlapping R-Series Tests (requires TC-W7-001),2,UNRECONCILED,,
fuzzy-conjuring-lobster.md,TC-ARCH-001,486,## Parent → Child → Micro-Steps for each of TC-ARCH-001 to TC-ARCH-018,32,UNRECONCILED,,
fuzzy-conjuring-lobster.md,TC-ARCH-018,486,## Parent → Child → Micro-Steps for each of TC-ARCH-001 to TC-ARCH-018,21,UNRECONCILED,,
fuzzy-conjuring-lobster.md,TC-ARCH-NNN,39,existing_naming_conventions: TC-ARCH-NNN,2,UNRECONCILED,,
fuzzy-conjuring-lobster.md,TC-0021,207,"- Seeding note: ""v1 facts seeded from gate artifacts. Richer extraction planned in TC-0021""",10,UNRECONCILED,,
fuzzy-conjuring-lobster.md,TC-ARCH-003,852,### TC-ARCH-003: Source Hygiene Audit,15,UNRECONCILED,,
fuzzy-conjuring-lobster.md,TC-ARCH-016,2533,### TC-ARCH-016: System Gap Matrix,21,UNRECONCILED,,
fuzzy-conjuring-lobster.md,TC-ARCH-015,2420,### TC-ARCH-015: Gate 11 Readiness Review,21,UNRECONCILED,,
fuzzy-conjuring-lobster.md,TC-ARCH-017,2668,### TC-ARCH-017: Taskcards,17,UNRECONCILED,,
fuzzy-conjuring-lobster.md,TC-ARCH-007,1434,### TC-ARCH-007: Source Quality Review,22,UNRECONCILED,,
fuzzy-conjuring-lobster.md,TC-ARCH-002,695,### TC-ARCH-002: Source Inventory,25,UNRECONCILED,,
fuzzy-conjuring-lobster.md,TC-ARCH-004,985,### TC-ARCH-004: Generation Archaeology,26,UNRECONCILED,,
fuzzy-conjuring-lobster.md,TC-ARCH-005,1152,### TC-ARCH-005: QName Schema Audit,24,UNRECONCILED,,
fuzzy-conjuring-lobster.md,TC-ARCH-006,1295,### TC-ARCH-006: Per-Product QName Compliance,22,UNRECONCILED,,
fuzzy-conjuring-lobster.md,TC-ARCH-008,1583,### TC-ARCH-008: SAL Audit,23,UNRECONCILED,,
fuzzy-conjuring-lobster.md,TC-ARCH-009,1739,### TC-ARCH-009: Capability Layer Audit,18,UNRECONCILED,,
fuzzy-conjuring-lobster.md,TC-ARCH-010,1857,### TC-ARCH-010: Downstream Generation Audit,18,UNRECONCILED,,
fuzzy-conjuring-lobster.md,TC-ARCH-011,1970,### TC-ARCH-011: Skill Inventory and Gaps,17,UNRECONCILED,,
fuzzy-conjuring-lobster.md,TC-ARCH-012,2098,### TC-ARCH-012: Autonomous Supervisor Audit,16,UNRECONCILED,,
fuzzy-conjuring-lobster.md,TC-ARCH-013,2203,### TC-ARCH-013: Lane Separation and Collision Risk,17,UNRECONCILED,,
fuzzy-conjuring-lobster.md,TC-ARCH-014,2309,### TC-ARCH-014: Backfill Facility Design,18,UNRECONCILED,,
fuzzy-conjuring-lobster.md,TC-001,471,- id: REQ-TC-001,4,UNRECONCILED,,
fuzzy-conjuring-lobster.md,TC-ARCH-001-01,525,- TC-ARCH-001-01  # git state,4,UNRECONCILED,,
fuzzy-conjuring-lobster.md,TC-ARCH-001-02,526,- TC-ARCH-001-02  # classify dirty files,3,UNRECONCILED,,
fuzzy-conjuring-lobster.md,TC-ARCH-001-03,527,- TC-ARCH-001-03  # enumerate directories,3,UNRECONCILED,,
fuzzy-conjuring-lobster.md,TC-ARCH-001-04,528,- TC-ARCH-001-04  # write report,4,UNRECONCILED,,
fuzzy-conjuring-lobster.md,TC-ARCH-002-01,710,- TC-ARCH-002-01  # Python format inventory,2,UNRECONCILED,,
fuzzy-conjuring-lobster.md,TC-ARCH-002-02,711,- TC-ARCH-002-02  # .NET format inventory,3,UNRECONCILED,,
fuzzy-conjuring-lobster.md,TC-ARCH-002-03,712,- TC-ARCH-002-03  # test/fixture directory inventory,3,UNRECONCILED,,
fuzzy-conjuring-lobster.md,TC-ARCH-002-04,713,- TC-ARCH-002-04  # write report,4,UNRECONCILED,,
fuzzy-conjuring-lobster.md,TC-ARCH-003-01,867,- TC-ARCH-003-01  # Python artifact scan,2,UNRECONCILED,,
fuzzy-conjuring-lobster.md,TC-ARCH-003-02,868,- TC-ARCH-003-02  # .NET artifact scan,3,UNRECONCILED,,
fuzzy-conjuring-lobster.md,TC-ARCH-003-03,869,- TC-ARCH-003-03  # gitignore check,3,UNRECONCILED,,
fuzzy-conjuring-lobster.md,TC-ARCH-003-04,870,- TC-ARCH-003-04  # write report,4,UNRECONCILED,,
fuzzy-conjuring-lobster.md,TC-ARCH-004-01,1006,- TC-ARCH-004-01  # Python classification,2,UNRECONCILED,,
fuzzy-conjuring-lobster.md,TC-ARCH-004-02,1007,- TC-ARCH-004-02  # .NET classification,3,UNRECONCILED,,
fuzzy-conjuring-lobster.md,TC-ARCH-004-03,1008,- TC-ARCH-004-03  # survival analysis,3,UNRECONCILED,,
fuzzy-conjuring-lobster.md,TC-ARCH-004-04,1009,- TC-ARCH-004-04  # write report,4,UNRECONCILED,,
fuzzy-conjuring-lobster.md,TC-ARCH-005-01,1171,- TC-ARCH-005-01  # audit qname-to-code-map,2,UNRECONCILED,,
fuzzy-conjuring-lobster.md,TC-ARCH-005-02,1172,- TC-ARCH-005-02  # verify canonical paths exist,3,UNRECONCILED,,
fuzzy-conjuring-lobster.md,TC-ARCH-005-03,1173,- TC-ARCH-005-03  # audit canonical-class-inventory staleness,4,UNRECONCILED,,
fuzzy-conjuring-lobster.md,TC-ARCH-005-04,1174,- TC-ARCH-005-04  # write report,4,UNRECONCILED,,
fuzzy-conjuring-lobster.md,TC-ARCH-006-01,1317,- TC-ARCH-006-01  # Python spec_qname grep,2,UNRECONCILED,,
fuzzy-conjuring-lobster.md,TC-ARCH-006-02,1318,- TC-ARCH-006-02  # .NET SpecQName grep,3,UNRECONCILED,,
fuzzy-conjuring-lobster.md,TC-ARCH-006-03,1319,- TC-ARCH-006-03  # per-product score,3,UNRECONCILED,,
fuzzy-conjuring-lobster.md,TC-ARCH-006-04,1320,- TC-ARCH-006-04  # write YAML,5,UNRECONCILED,,
fuzzy-conjuring-lobster.md,TC-ARCH-007-01,1455,- TC-ARCH-007-01  # Python quality scoring,2,UNRECONCILED,,
fuzzy-conjuring-lobster.md,TC-ARCH-007-02,1456,- TC-ARCH-007-02  # .NET quality scoring,3,UNRECONCILED,,
fuzzy-conjuring-lobster.md,TC-ARCH-007-03,1457,- TC-ARCH-007-03  # write quality review,4,UNRECONCILED,,
fuzzy-conjuring-lobster.md,TC-ARCH-007-04,1458,- TC-ARCH-007-04  # write capability matrix,4,UNRECONCILED,,
fuzzy-conjuring-lobster.md,TC-ARCH-008-01,1599,- TC-ARCH-008-01  # FODS SAL audit,3,UNRECONCILED,,
fuzzy-conjuring-lobster.md,TC-ARCH-008-02,1600,- TC-ARCH-008-02  # per-format coverage survey,3,UNRECONCILED,,
fuzzy-conjuring-lobster.md,TC-ARCH-008-03,1601,- TC-ARCH-008-03  # pipeline tool audit,3,UNRECONCILED,,
fuzzy-conjuring-lobster.md,TC-ARCH-008-04,1602,- TC-ARCH-008-04  # write sal-audit.md,4,UNRECONCILED,,
fuzzy-conjuring-lobster.md,TC-ARCH-009-01,1755,- TC-ARCH-009-01  # audit capability files,2,UNRECONCILED,,
fuzzy-conjuring-lobster.md,TC-ARCH-009-02,1756,- TC-ARCH-009-02  # trace pipeline,3,UNRECONCILED,,
fuzzy-conjuring-lobster.md,TC-ARCH-009-03,1757,- TC-ARCH-009-03  # write audit,4,UNRECONCILED,,
fuzzy-conjuring-lobster.md,TC-ARCH-010-01,1869,- TC-ARCH-010-01  # audit generation tools,2,UNRECONCILED,,
fuzzy-conjuring-lobster.md,TC-ARCH-010-02,1870,- TC-ARCH-010-02  # trace malformed code entry,3,UNRECONCILED,,
fuzzy-conjuring-lobster.md,TC-ARCH-010-03,1871,- TC-ARCH-010-03  # write audit,4,UNRECONCILED,,
fuzzy-conjuring-lobster.md,TC-ARCH-011-01,1982,- TC-ARCH-011-01  # read and score skills,2,UNRECONCILED,,
fuzzy-conjuring-lobster.md,TC-ARCH-011-02,1983,- TC-ARCH-011-02  # identify gaps,3,UNRECONCILED,,
fuzzy-conjuring-lobster.md,TC-ARCH-011-03,1984,- TC-ARCH-011-03  # write audit,4,UNRECONCILED,,
fuzzy-conjuring-lobster.md,TC-ARCH-012-01,2110,- TC-ARCH-012-01  # check_continuation audit,2,UNRECONCILED,,
fuzzy-conjuring-lobster.md,TC-ARCH-012-02,2111,- TC-ARCH-012-02  # autonomous_cycle audit,3,UNRECONCILED,,
fuzzy-conjuring-lobster.md,TC-ARCH-012-03,2112,- TC-ARCH-012-03  # write audit,4,UNRECONCILED,,
fuzzy-conjuring-lobster.md,TC-ARCH-013-01,2215,- TC-ARCH-013-01  # read correction plan lane structure,2,UNRECONCILED,,
fuzzy-conjuring-lobster.md,TC-ARCH-013-02,2216,- TC-ARCH-013-02  # test enforcement strength,3,UNRECONCILED,,
fuzzy-conjuring-lobster.md,TC-ARCH-013-03,2217,- TC-ARCH-013-03  # write audit,4,UNRECONCILED,,
fuzzy-conjuring-lobster.md,TC-ARCH-014-01,2321,- TC-ARCH-014-01  # assess existing backfill,2,UNRECONCILED,,
fuzzy-conjuring-lobster.md,TC-ARCH-014-02,2322,- TC-ARCH-014-02  # design backfill sequence,3,UNRECONCILED,,
fuzzy-conjuring-lobster.md,TC-ARCH-014-03,2323,- TC-ARCH-014-03  # write design doc,4,UNRECONCILED,,
fuzzy-conjuring-lobster.md,TC-ARCH-015-01,2432,- TC-ARCH-015-01  # read gate criteria,2,UNRECONCILED,,
fuzzy-conjuring-lobster.md,TC-ARCH-015-02,2433,- TC-ARCH-015-02  # score candidates,3,UNRECONCILED,,
fuzzy-conjuring-lobster.md,TC-ARCH-015-03,2434,- TC-ARCH-015-03  # write review,4,UNRECONCILED,,
fuzzy-conjuring-lobster.md,TC-ARCH-016-01,2566,- TC-ARCH-016-01  # collect gaps from all taskcards,2,UNRECONCILED,,
fuzzy-conjuring-lobster.md,TC-ARCH-016-02,2567,- TC-ARCH-016-02  # classify severity and must-fix,3,UNRECONCILED,,
fuzzy-conjuring-lobster.md,TC-ARCH-016-03,2568,- TC-ARCH-016-03  # write gap matrix YAML,5,UNRECONCILED,,
fuzzy-conjuring-lobster.md,TC-ARCH-017-01,2698,- TC-ARCH-017-01  # convert must-fix gaps to taskcards,2,UNRECONCILED,,
fuzzy-conjuring-lobster.md,TC-ARCH-017-02,2699,- TC-ARCH-017-02  # write taskcards.yaml,5,UNRECONCILED,,
fuzzy-conjuring-lobster.md,TC-SAL-001,2725,"action: ""Assign stable taskcard IDs using group prefix: TC-SAL-001, TC-QNAME-001, TC-HYGIENE-001, etc.""",1,UNRECONCILED,,
fuzzy-conjuring-lobster.md,TC-QNAME-001,2725,"action: ""Assign stable taskcard IDs using group prefix: TC-SAL-001, TC-QNAME-001, TC-HYGIENE-001, etc.""",1,UNRECONCILED,,
fuzzy-conjuring-lobster.md,TC-HYGIENE-001,2725,"action: ""Assign stable taskcard IDs using group prefix: TC-SAL-001, TC-QNAME-001, TC-HYGIENE-001, etc.""",1,UNRECONCILED,,
fuzzy-conjuring-lobster.md,TC-ARCH-018-01,2790,- TC-ARCH-018-01  # answer 36 investigation questions,4,UNRECONCILED,,
fuzzy-conjuring-lobster.md,TC-ARCH-018-02,2791,- TC-ARCH-018-02  # answer 21 self-check questions,5,UNRECONCILED,,
fuzzy-conjuring-lobster.md,TC-ARCH-018-03,2792,- TC-ARCH-018-03  # write verdict + supplemental reports,9,UNRECONCILED,,
fuzzy-conjuring-lobster.md,TC-ARCH-018-04,2793,- TC-ARCH-018-04  # write next-agent-execution-prompt.md,6,UNRECONCILED,,
fuzzy-conjuring-lobster.md,TC-ARCH-018-05,2794,- TC-ARCH-018-05  # package evidence bundle + sprint-overview,6,UNRECONCILED,,
fuzzy-conjuring-lobster.md,TC-002,3059,"sequential: [[TC-ARCH-001, TC-ARCH-002]]   # TC-001 must precede TC-002/003",1,UNRECONCILED,,
fuzzy-conjuring-lobster.md,TC-005,3066,"sequential: [[TC-ARCH-005, TC-ARCH-006]]    # TC-005 → TC-006",2,UNRECONCILED,,
fuzzy-conjuring-lobster.md,TC-006,3066,"sequential: [[TC-ARCH-005, TC-ARCH-006]]    # TC-005 → TC-006",2,UNRECONCILED,,
fuzzy-conjuring-lobster.md,TC-009,3111,"- [TC-ARCH-008, TC-ARCH-009]       # TC-009 reads TC-008 SAL findings",1,UNRECONCILED,,
fuzzy-conjuring-lobster.md,TC-008,3111,"- [TC-ARCH-008, TC-ARCH-009]       # TC-009 reads TC-008 SAL findings",1,UNRECONCILED,,
fuzzy-conjuring-lobster.md,TC-016,3112,"- [TC-ARCH-015, TC-ARCH-016]       # TC-016 reads TC-015 gate findings",2,UNRECONCILED,,
fuzzy-conjuring-lobster.md,TC-015,3112,"- [TC-ARCH-015, TC-ARCH-016]       # TC-016 reads TC-015 gate findings",1,UNRECONCILED,,
fuzzy-conjuring-lobster.md,TC-017,3113,"- [TC-ARCH-016, TC-ARCH-017]       # TC-017 reads TC-016 gap matrix",2,UNRECONCILED,,
fuzzy-conjuring-lobster.md,TC-018,3114,"- [TC-ARCH-017, TC-ARCH-018]       # TC-018 reads TC-017 taskcards",1,UNRECONCILED,,
fuzzy-conjuring-lobster.md,TC-ARCH-001-04-03,3130,taskcard_id: TC-ARCH-001-04-03,1,UNRECONCILED,,
fuzzy-conjuring-lobster.md,TC-ARCH-002-04-03,3137,taskcard_id: TC-ARCH-002-04-03,1,UNRECONCILED,,
glimmering-hopping-kazoo.md,TC-ACP-001,143,### TC-ACP-001 — Platform Research and Capability Derivation,26,UNRECONCILED,,
glimmering-hopping-kazoo.md,TC-ACP-002,413,### TC-ACP-002 — Fix Opt-Out Default at the Source,31,UNRECONCILED,,
glimmering-hopping-kazoo.md,TC-ACP-006-01,1339,#### TC-ACP-006-01 — Investigate Existing Git Hooks and CI,6,UNRECONCILED,,
glimmering-hopping-kazoo.md,TC-ACP-004,1025,### TC-ACP-004 — Pilot Specifications (Before Adapters),21,UNRECONCILED,,
glimmering-hopping-kazoo.md,TC-ACP-015,2478,### TC-ACP-015 — Drift Prevention Validators,12,UNRECONCILED,,
glimmering-hopping-kazoo.md,TC-ACP-003,830,### TC-ACP-003 — Canonical Agent Contract,31,UNRECONCILED,,
glimmering-hopping-kazoo.md,TC-ACP-005,1131,### TC-ACP-005 — Machine-Readable Agent Bundle Format,20,UNRECONCILED,,
glimmering-hopping-kazoo.md,TC-ACP-006,1297,### TC-ACP-006 — Enforce Pre-Mutation Guard,21,UNRECONCILED,,
glimmering-hopping-kazoo.md,TC-ACP-007,1524,### TC-ACP-007 — Complete Claude Adapter Verification,21,UNRECONCILED,,
glimmering-hopping-kazoo.md,TC-ACP-008,1640,### TC-ACP-008 — Complete Codex Adapter,27,UNRECONCILED,,
glimmering-hopping-kazoo.md,TC-ACP-009,1813,### TC-ACP-009 — Create Kilo Adapter,29,UNRECONCILED,,
glimmering-hopping-kazoo.md,TC-ACP-010,2007,### TC-ACP-010 — Model Profiles and Routing Rules,12,UNRECONCILED,,
glimmering-hopping-kazoo.md,TC-ACP-011,2113,### TC-ACP-011 — Complete Agent Inventory,16,UNRECONCILED,,
glimmering-hopping-kazoo.md,TC-ACP-012,2175,### TC-ACP-012 — Agent Parity Matrix,12,UNRECONCILED,,
glimmering-hopping-kazoo.md,TC-ACP-013,2220,### TC-ACP-013 — Run Cross-Agent Pilots,13,UNRECONCILED,,
glimmering-hopping-kazoo.md,TC-ACP-014,2326,### TC-ACP-014 — Tests for Cross-Agent Governance,15,UNRECONCILED,,
glimmering-hopping-kazoo.md,TC-ACP-016,2623,### TC-ACP-016 — Idempotency Proof,10,UNRECONCILED,,
glimmering-hopping-kazoo.md,TC-ACP-001-01,208,#### TC-ACP-001-01 — Kilo Platform Capability Research,16,UNRECONCILED,,
glimmering-hopping-kazoo.md,TC-ACP-001-02,297,#### TC-ACP-001-02 — Required Capability Model Derivation,8,UNRECONCILED,,
glimmering-hopping-kazoo.md,TC-ACP-002-01,487,#### TC-ACP-002-01 — Read and Map Existing Sync Pipeline,8,UNRECONCILED,,
glimmering-hopping-kazoo.md,TC-ACP-002-02,548,#### TC-ACP-002-02 — Add agent_surfaces Schema Block to skill-registry.yaml,7,UNRECONCILED,,
glimmering-hopping-kazoo.md,TC-ACP-002-03,614,#### TC-ACP-002-03 — Fix compute_agent_surfaces in inventory_capabilities.py,7,UNRECONCILED,,
glimmering-hopping-kazoo.md,TC-ACP-002-04,703,#### TC-ACP-002-04 — Add kilo Field to Governance Schemas,9,UNRECONCILED,,
glimmering-hopping-kazoo.md,TC-ACP-002-05,759,#### TC-ACP-002-05 — Regenerate Registry and Correct parity_status,8,UNRECONCILED,,
glimmering-hopping-kazoo.md,TC-ACP-003-01,879,#### TC-ACP-003-01 — Contract Header and RC Schema,5,UNRECONCILED,,
glimmering-hopping-kazoo.md,TC-ACP-003-02,911,#### TC-ACP-003-02 — Write All 22 RC Entries,6,UNRECONCILED,,
glimmering-hopping-kazoo.md,TC-ACP-003-03,978,#### TC-ACP-003-03 — Delivery Mechanisms and Conflict Resolution,5,UNRECONCILED,,
glimmering-hopping-kazoo.md,TC-ACP-004-01,1054,#### TC-ACP-004-01 — Pilots 1–6,4,UNRECONCILED,,
glimmering-hopping-kazoo.md,TC-ACP-004-02,1092,#### TC-ACP-004-02 — Pilots 7–12 and Validation,5,UNRECONCILED,,
glimmering-hopping-kazoo.md,TC-ACP-005-01,1161,#### TC-ACP-005-01 — Bundle Schema,6,UNRECONCILED,,
glimmering-hopping-kazoo.md,TC-ACP-005-02,1190,#### TC-ACP-005-02 — Create build_agent_bundle.py,8,UNRECONCILED,,
glimmering-hopping-kazoo.md,TC-ACP-005-03,1233,#### TC-ACP-005-03 — Generate codex-bundle.yaml,6,UNRECONCILED,,
glimmering-hopping-kazoo.md,TC-ACP-005-04,1259,#### TC-ACP-005-04 — Generate kilo-bundle.yaml and Wire into run_sync.py,7,UNRECONCILED,,
glimmering-hopping-kazoo.md,TC-ACP-006-02,1381,#### TC-ACP-006-02 — Implement Pre-Commit Hook (EP-007),5,UNRECONCILED,,
glimmering-hopping-kazoo.md,TC-ACP-006-03,1432,#### TC-ACP-006-03 — Add Authorization ID Check to sprint_executor_validate.py,6,UNRECONCILED,,
glimmering-hopping-kazoo.md,TC-ACP-006-04,1482,#### TC-ACP-006-04 — Update DEC-014 and EP-002-GAP Status,7,UNRECONCILED,,
glimmering-hopping-kazoo.md,TC-ACP-007-01,1546,#### TC-ACP-007-01 — Map CLAUDE.md to RC Entries,8,UNRECONCILED,,
glimmering-hopping-kazoo.md,TC-ACP-007-02,1577,#### TC-ACP-007-02 — Map Command Files to RC; Set claude_code Surfaces,17,UNRECONCILED,,
glimmering-hopping-kazoo.md,TC-ACP-007-03,1607,#### TC-ACP-007-03 — Write Claude Entries to agent-inventory.yaml,7,UNRECONCILED,,
glimmering-hopping-kazoo.md,TC-ACP-008-01,1669,#### TC-ACP-008-01 — Create codex-instructions.md,5,UNRECONCILED,,
glimmering-hopping-kazoo.md,TC-ACP-008-02,1704,#### TC-ACP-008-02 — Update codex-adapter.md,5,UNRECONCILED,,
glimmering-hopping-kazoo.md,TC-ACP-008-03,1732,#### TC-ACP-008-03 — Opt-In Skills for Codex,11,UNRECONCILED,,
glimmering-hopping-kazoo.md,TC-ACP-008-04,1783,#### TC-ACP-008-04 — Regenerate codex-bundle.yaml; Write Codex Inventory,8,UNRECONCILED,,
glimmering-hopping-kazoo.md,TC-ACP-009-01,1842,#### TC-ACP-009-01 — Create .kilo/KILO.md,7,UNRECONCILED,,
glimmering-hopping-kazoo.md,TC-ACP-009-02,1883,#### TC-ACP-009-02 — Create kilo-adapter.md,5,UNRECONCILED,,
glimmering-hopping-kazoo.md,TC-ACP-009-03,1918,#### TC-ACP-009-03 — Update kilo.jsonc,5,UNRECONCILED,,
glimmering-hopping-kazoo.md,TC-ACP-009-04,1948,#### TC-ACP-009-04 — Opt-In Skills for Kilo,8,UNRECONCILED,,
glimmering-hopping-kazoo.md,TC-ACP-009-05,1980,#### TC-ACP-009-05 — Regenerate kilo-bundle.yaml; Write Kilo Inventory,8,UNRECONCILED,,
glimmering-hopping-kazoo.md,TC-ACP-010-01,2026,#### TC-ACP-010-01 — Research Models Per Platform,7,UNRECONCILED,,
glimmering-hopping-kazoo.md,TC-ACP-010-02,2058,#### TC-ACP-010-02 — Write model-profiles.yaml,6,UNRECONCILED,,
glimmering-hopping-kazoo.md,TC-ACP-010-03,2091,#### TC-ACP-010-03 — Add Routing Rules to Canonical Contract,5,UNRECONCILED,,
glimmering-hopping-kazoo.md,TC-ACP-011-01,2130,#### TC-ACP-011-01 — Finalize agent-inventory.yaml,5,UNRECONCILED,,
glimmering-hopping-kazoo.md,TC-ACP-012-01,2188,#### TC-ACP-012-01 — Compile agent-parity-matrix.yaml,6,UNRECONCILED,,
glimmering-hopping-kazoo.md,TC-ACP-013-01,2235,#### TC-ACP-013-01 — Execute Claude Pilots,5,UNRECONCILED,,
glimmering-hopping-kazoo.md,TC-ACP-013-02,2286,#### TC-ACP-013-02 — Record Codex Pilot Status,4,UNRECONCILED,,
glimmering-hopping-kazoo.md,TC-ACP-013-03,2305,#### TC-ACP-013-03 — Record Kilo Pilot Status,4,UNRECONCILED,,
glimmering-hopping-kazoo.md,TC-CODEX-RUNTIME-001,2297,"deferred to TC-CODEX-RUNTIME-001 (future session).""",1,UNRECONCILED,,
glimmering-hopping-kazoo.md,TC-KILO-RUNTIME-001,2316,"deferred to TC-KILO-RUNTIME-001 (future session).""",1,UNRECONCILED,,
glimmering-hopping-kazoo.md,TC-ACP-014-01,2342,#### TC-ACP-014-01 — test_capability_opt_in.py,7,UNRECONCILED,,
glimmering-hopping-kazoo.md,TC-ACP-014-02,2387,#### TC-ACP-014-02 — test_bundle_completeness.py,7,UNRECONCILED,,
glimmering-hopping-kazoo.md,TC-ACP-014-03,2418,#### TC-ACP-014-03 — test_parity_matrix_coverage.py,7,UNRECONCILED,,
glimmering-hopping-kazoo.md,TC-ACP-014-04,2444,#### TC-ACP-014-04 — test_blocked_assignments.py,7,UNRECONCILED,,
glimmering-hopping-kazoo.md,TC-ACP-015-02,2548,#### TC-ACP-015-02 — Update governance_validator_runner.py,7,UNRECONCILED,,
glimmering-hopping-kazoo.md,TC-ACP-015-01,2497,#### TC-ACP-015-01 — Create governance_validators_agent_parity.py,7,UNRECONCILED,,
glimmering-hopping-kazoo.md,TC-ACP-015-03,2594,#### TC-ACP-015-03 — Update CI Workflow,5,UNRECONCILED,,
glimmering-hopping-kazoo.md,TC-ACP-016-01,2637,#### TC-ACP-016-01 — Capture Baseline Hashes,5,UNRECONCILED,,
glimmering-hopping-kazoo.md,TC-ACP-016-02,2665,#### TC-ACP-016-02 — Rerun and Compare,5,UNRECONCILED,,
glimmering-hopping-kazoo.md,TC-ACP,2989,evidence: All 16 TC-ACP sections were read in full; all actionable items extracted and,1,UNRECONCILED,,
glimmering-hopping-kazoo.md,TC-ID,3089,| TC-ID | Parent Status | Children | Notes |,1,UNRECONCILED,,
glittery-splashing-manatee.md,TC-CERT-L-003,128,### R4 — Complete TC-CERT-L-003 concretely,18,UNRECONCILED,,
glittery-splashing-manatee.md,TC-SUP-002,490,### TC-LHEAL-007 — Document the TC-SUP-002 Gap and Layer Task Visibility,21,UNRECONCILED,,
glittery-splashing-manatee.md,TC-LHEAL-001,152,### TC-LHEAL-001 — Forensics & Baseline Capture,6,UNRECONCILED,,
glittery-splashing-manatee.md,TC-LHEAL-002,173,### TC-LHEAL-002 — V88: Terminal Closeout Gate,8,UNRECONCILED,,
glittery-splashing-manatee.md,TC-LHEAL-003,279,### TC-LHEAL-003 — `layer_promotion.py`: Python Implementation Covering All 7 Registries,8,UNRECONCILED,,
glittery-splashing-manatee.md,TC-LP-001,328,"3. **`plans/layers/task-register.yaml`** — Add bootstrap taskcard with `status: TODO`, `priority: P1`, `dependencies: []`. Use the same schema as existing TC-LP-001 entry.",1,UNRECONCILED,,
glittery-splashing-manatee.md,TC-LHEAL-004,377,### TC-LHEAL-004 — Complete TC-CERT-L-003 Using `layer_promotion.py`,2,UNRECONCILED,,
glittery-splashing-manatee.md,TC-LHEAL-005,434,### TC-LHEAL-005 — Plan Schema: `required_permanent_layers` Field,3,UNRECONCILED,,
glittery-splashing-manatee.md,TC-LHEAL-006,461,### TC-LHEAL-006 — Update `/create-permanent-layer-plan` Skill Reference,2,UNRECONCILED,,
glittery-splashing-manatee.md,TC-LHEAL-007,490,### TC-LHEAL-007 — Document the TC-SUP-002 Gap and Layer Task Visibility,3,UNRECONCILED,,
glittery-splashing-manatee.md,TC-SAL-001,508,"- Affected tasks: TC-CERT-L-003, TC-SAL-001, TC-QN-001, TC-SUP-001, TC-FEAT-001,",1,UNRECONCILED,,
glittery-splashing-manatee.md,TC-QN-001,508,"- Affected tasks: TC-CERT-L-003, TC-SAL-001, TC-QN-001, TC-SUP-001, TC-FEAT-001,",1,UNRECONCILED,,
glittery-splashing-manatee.md,TC-SUP-001,508,"- Affected tasks: TC-CERT-L-003, TC-SAL-001, TC-QN-001, TC-SUP-001, TC-FEAT-001,",1,UNRECONCILED,,
glittery-splashing-manatee.md,TC-FEAT-001,508,"- Affected tasks: TC-CERT-L-003, TC-SAL-001, TC-QN-001, TC-SUP-001, TC-FEAT-001,",1,UNRECONCILED,,
glittery-splashing-manatee.md,TC-LHEAL-008,530,### TC-LHEAL-008 — Future-Layer Pilot + Negative Controls,2,UNRECONCILED,,
glittery-splashing-manatee.md,TC-LHEAL-009,599,### TC-LHEAL-009 — Tests,2,UNRECONCILED,,
glittery-splashing-manatee.md,TC-LHEAL-010,616,### TC-LHEAL-010 — Idempotency Proof & Final Report,2,UNRECONCILED,,
glowing-swinging-grove.md,TC-PBHP-001,82,### TC-PBHP-001 — Baseline: Verify Actual State at HEAD,8,UNRECONCILED,,
glowing-swinging-grove.md,TC-PBHP-002,100,### TC-PBHP-002 — Forward Channel: Inject Playbook Context into next-sprint.md (C1),8,UNRECONCILED,,
glowing-swinging-grove.md,TC-PBHP-003,165,### TC-PBHP-003 — Return Check: Post-Grading Drift Detection (C2),8,UNRECONCILED,,
glowing-swinging-grove.md,TC-PBHP-004,271,### TC-PBHP-004 — Feedback: Wire Drift Findings into Sprint Synthesis (C3),7,UNRECONCILED,,
glowing-swinging-grove.md,TC-PBHP-005,302,"### TC-PBHP-005 — Structural Hardening: CI Gate and V92 Escalation (C4, C5)",5,UNRECONCILED,,
glowing-swinging-grove.md,TC-PBHP-005b,409,| TC-PBHP-005b (V92 blocking) | File rename without registry update blocks sprint | Correct behavior; GOV_BLOCK resolves when registry updated |,2,UNRECONCILED,,
golden-foraging-boot.md,TC-GFB-020,233,| TC-GFB-020 | CLOSED |,16,UNRECONCILED,,
golden-foraging-boot.md,TC-GFB-001,222,| TC-GFB-001 | CLOSED |,24,UNRECONCILED,,
golden-foraging-boot.md,TC-GFB-002,223,| TC-GFB-002 | CLOSED |,17,UNRECONCILED,,
golden-foraging-boot.md,TC-GFB-003,224,| TC-GFB-003 | CLOSED |,19,UNRECONCILED,,
golden-foraging-boot.md,TC-GFB-004,225,| TC-GFB-004 | CLOSED |,19,UNRECONCILED,,
golden-foraging-boot.md,TC-GFB-005,226,| TC-GFB-005 | CLOSED |,21,UNRECONCILED,,
golden-foraging-boot.md,TC-GFB-006,227,| TC-GFB-006 | CLOSED |,15,UNRECONCILED,,
golden-foraging-boot.md,TC-GFB-007,228,| TC-GFB-007 | CLOSED |,14,UNRECONCILED,,
golden-foraging-boot.md,TC-GFB-010,229,| TC-GFB-010 | CLOSED |,8,UNRECONCILED,,
golden-foraging-boot.md,TC-GFB-011,230,| TC-GFB-011 | CLOSED |,17,UNRECONCILED,,
golden-foraging-boot.md,TC-GFB-012,231,| TC-GFB-012 | CLOSED |,14,UNRECONCILED,,
golden-foraging-boot.md,TC-GFB-013,232,| TC-GFB-013 | CLOSED |,9,UNRECONCILED,,
golden-foraging-boot.md,TC-GFB-021,234,| TC-GFB-021 | CLOSED |,18,UNRECONCILED,,
golden-foraging-boot.md,TC-GFB-022,235,| TC-GFB-022 | CLOSED |,20,UNRECONCILED,,
golden-foraging-boot.md,TC-GFB-023,236,| TC-GFB-023 | CLOSED |,16,UNRECONCILED,,
golden-foraging-boot.md,TC-GFB-024,237,| TC-GFB-024 | CLOSED |,20,UNRECONCILED,,
golden-foraging-boot.md,TC-GFB-030,238,| TC-GFB-030 | CLOSED |,17,UNRECONCILED,,
golden-foraging-boot.md,TC-GFB-031,239,| TC-GFB-031 | CLOSED |,9,UNRECONCILED,,
golden-foraging-boot.md,TC-GFB-032,240,| TC-GFB-032 | CLOSED |,13,UNRECONCILED,,
golden-foraging-boot.md,TC-GFB-033,241,| TC-GFB-033 | CLOSED |,11,UNRECONCILED,,
golden-foraging-boot.md,TC-GFB-034,242,| TC-GFB-034 | CLOSED |,13,UNRECONCILED,,
golden-foraging-boot.md,TC-GFB-040,243,| TC-GFB-040 | CLOSED |,8,UNRECONCILED,,
golden-foraging-boot.md,TC-GFB-041,244,| TC-GFB-041 | CLOSED |,12,UNRECONCILED,,
golden-foraging-boot.md,TC-GFB-001-01,331,| TC-GFB-001-01 | Create evidence root and infrastructure artifacts | TODO |,5,UNRECONCILED,,
golden-foraging-boot.md,TC-GFB-001-02,332,| TC-GFB-001-02 | Write tracking and registry artifacts | TODO |,3,UNRECONCILED,,
golden-foraging-boot.md,TC-GFB-001-03,333,| TC-GFB-001-03 | Write evidence-declaration.yaml skeleton | TODO |,2,UNRECONCILED,,
golden-foraging-boot.md,TC-GFB-002-01,443,| TC-GFB-002-01 | Search for prior runs and classify artifacts | TODO |,3,UNRECONCILED,,
golden-foraging-boot.md,TC-GFB-002-02,444,| TC-GFB-002-02 | Inspect and map core machinery layers (L01-L09) | TODO |,4,UNRECONCILED,,
golden-foraging-boot.md,TC-GFB-002-03,445,| TC-GFB-002-03 | Inspect and map supervisor/governance/skill layers (L11-L16) | TODO |,3,UNRECONCILED,,
golden-foraging-boot.md,TC-GFB-002-04,446,| TC-GFB-002-04 | Write reconciliation and layer-map artifacts | TODO |,2,UNRECONCILED,,
golden-foraging-boot.md,TC-GFB-003-01,535,"| TC-GFB-003-01 | Inspect QName schema, registry, and authority | TODO |",4,UNRECONCILED,,
golden-foraging-boot.md,TC-GFB-003-02,536,| TC-GFB-003-02 | Inspect QName-to-source mapping (.NET and Python) | TODO |,3,UNRECONCILED,,
golden-foraging-boot.md,TC-GFB-003-03,537,| TC-GFB-003-03 | Inspect QName enforcement (validators V77/V78) | TODO |,3,UNRECONCILED,,
golden-foraging-boot.md,TC-GFB-003-04,538,| TC-GFB-003-04 | Write QName audit artifacts and verdict | TODO |,2,UNRECONCILED,,
golden-foraging-boot.md,TC-GFB-004-01,622,| TC-GFB-004-01 | Inspect Python FOSS products (20 formats) | TODO |,4,UNRECONCILED,,
golden-foraging-boot.md,TC-GFB-004-02,623,| TC-GFB-004-02 | Inspect .NET commercial products (10 formats) | TODO |,3,UNRECONCILED,,
golden-foraging-boot.md,TC-GFB-004-03,624,| TC-GFB-004-03 | Inspect skeleton/missing products and violations | TODO |,3,UNRECONCILED,,
golden-foraging-boot.md,TC-GFB-004-04,625,| TC-GFB-004-04 | Write product census artifacts | TODO |,2,UNRECONCILED,,
golden-foraging-boot.md,TC-GFB-005-01,702,| TC-GFB-005-01 | Sample and classify skills by maturity | TODO |,3,UNRECONCILED,,
golden-foraging-boot.md,TC-GFB-005-02,703,| TC-GFB-005-02 | Audit SAL fact provenance and connections | TODO |,2,UNRECONCILED,,
golden-foraging-boot.md,TC-GFB-005-03,704,| TC-GFB-005-03 | Audit capability/RCAL gap queue | TODO |,3,UNRECONCILED,,
golden-foraging-boot.md,TC-GFB-005-04,705,| TC-GFB-005-04 | Write SAL/skill/RCAL artifacts | TODO |,2,UNRECONCILED,,
golden-foraging-boot.md,TC-GFB-006-01,785,| TC-GFB-006-01 | Audit downstream layers (feature compiler through consumer) | TODO |,4,UNRECONCILED,,
golden-foraging-boot.md,TC-GFB-006-02,786,| TC-GFB-006-02 | Map current 13 lanes and identify collision risks | TODO |,3,UNRECONCILED,,
golden-foraging-boot.md,TC-GFB-006-03,787,| TC-GFB-006-03 | Write lane and downstream artifacts | TODO |,2,UNRECONCILED,,
golden-foraging-boot.md,TC-GFB-007-01,855,| TC-GFB-007-01 | Inspect continuation system state and stale signal | TODO |,4,UNRECONCILED,,
golden-foraging-boot.md,TC-GFB-007-02,856,| TC-GFB-007-02 | Inspect Gate 11 enforcement (code vs prose) | TODO |,3,UNRECONCILED,,
golden-foraging-boot.md,TC-GFB-007-03,857,| TC-GFB-007-03 | Write autonomous system artifacts | TODO |,2,UNRECONCILED,,
golden-foraging-boot.md,TC-GFB-010-01,924,| TC-GFB-010-01 | Read v2 standard and identify gaps against required sections | TODO |,3,UNRECONCILED,,
golden-foraging-boot.md,TC-GFB-010-02,925,| TC-GFB-010-02 | Write missing sections into v2 standard (or addendum) | TODO |,3,UNRECONCILED,,
golden-foraging-boot.md,TC-GFB-010-03,926,| TC-GFB-010-03 | Write production-code-prohibited-patterns.yaml | TODO |,2,UNRECONCILED,,
golden-foraging-boot.md,TC-GFB-011-01,986,| TC-GFB-011-01 | Compile all gaps from Group 1 audit outputs | TODO |,4,UNRECONCILED,,
golden-foraging-boot.md,TC-GFB-011-02,987,| TC-GFB-011-02 | Build root-cause register | TODO |,3,UNRECONCILED,,
golden-foraging-boot.md,TC-GFB-011-03,988,| TC-GFB-011-03 | Write gap matrix artifacts | TODO |,2,UNRECONCILED,,
golden-foraging-boot.md,TC-GFB-0xx,1017,| MS-GFB-011-02-03 | For each root cause: define machinery_fix (what TC-GFB-0xx implements it) and prevention_test (what test in TC-GFB-024 covers it) | fix+prevention mapped |,2,UNRECONCILED,,
golden-foraging-boot.md,TC-GFB-012-01,1050,| TC-GFB-012-01 | Design authority-to-source chain for each stage | TODO |,4,UNRECONCILED,,
golden-foraging-boot.md,TC-GFB-012-02,1051,| TC-GFB-012-02 | Define 5 architecture profiles | TODO |,3,UNRECONCILED,,
golden-foraging-boot.md,TC-GFB-012-03,1052,| TC-GFB-012-03 | Write architecture artifacts | TODO |,2,UNRECONCILED,,
golden-foraging-boot.md,TC-GFB-013-01,1111,| TC-GFB-013-01 | Design solutions for GAP-BACKFILL-MISSING and GAP-LANE-CONTRACTS-MISSING | TODO |,3,UNRECONCILED,,
golden-foraging-boot.md,TC-GFB-013-02,1112,| TC-GFB-013-02 | Design solutions for GAP-GATE11-NOT-GOVERNED and GAP-FODT-MONOLITH | TODO |,3,UNRECONCILED,,
golden-foraging-boot.md,TC-GFB-013-03,1113,| TC-GFB-013-03 | Write solution artifacts | TODO |,2,UNRECONCILED,,
golden-foraging-boot.md,TC-GFB-020-01,1198,| TC-GFB-020-01 | Read and section-inventory master-plan.md | TODO |,5,UNRECONCILED,,
golden-foraging-boot.md,TC-GFB-020-02,1199,| TC-GFB-020-02 | Add machinery readiness gates (MR-0 through MR-20) | TODO |,3,UNRECONCILED,,
golden-foraging-boot.md,TC-GFB-020-03,1200,| TC-GFB-020-03 | Add gap taskcards for CRITICAL/HIGH gaps from TC-GFB-011 | TODO |,3,UNRECONCILED,,
golden-foraging-boot.md,TC-GFB-020-04,1201,| TC-GFB-020-04 | Update stale Gate 11 and product status sections | TODO |,3,UNRECONCILED,,
golden-foraging-boot.md,TC-GFB-020-05,1202,| TC-GFB-020-05 | Validate and confirm lifecycle_audit.py compatibility | TODO |,2,UNRECONCILED,,
golden-foraging-boot.md,TC-FODT-DECOMP-001,1245,"| MS-GFB-020-03-01 | For GAP-FODT-MONOLITH (FodtDocumentExtendedApis.cs 2944 LOC): find appropriate section in master-plan.md; add taskcard: TC-FODT-DECOMP-001 with status=OPEN, description=Decompose FodtDocumentExtendedApis.cs per §8.1 healing protocol | taskcard added |",2,UNRECONCILED,,
golden-foraging-boot.md,TC-ID,1247,| MS-GFB-020-03-03 | Update the master-plan.md taskcard status table to include new taskcards in `TC-ID \| STATUS` format | table updated |,2,UNRECONCILED,,
golden-foraging-boot.md,TC-GFB-021-01,1299,| TC-GFB-021-01 | Design lane contracts schema | TODO |,3,UNRECONCILED,,
golden-foraging-boot.md,TC-GFB-021-02,1300,| TC-GFB-021-02 | Write .governance/lanes/lane-contracts.yaml | TODO |,3,UNRECONCILED,,
golden-foraging-boot.md,TC-GFB-021-03,1301,| TC-GFB-021-03 | Add V168 validator to governance_validators_ext4.py | TODO |,3,UNRECONCILED,,
golden-foraging-boot.md,TC-GFB-021-04,1302,| TC-GFB-021-04 | Write and run test_lane_contracts.py | TODO |,2,UNRECONCILED,,
golden-foraging-boot.md,TC-GFB-022-01,1383,| TC-GFB-022-01 | Define gate states registry (registry/gate-states.yaml) | TODO |,4,UNRECONCILED,,
golden-foraging-boot.md,TC-GFB-022-02,1384,| TC-GFB-022-02 | Add Check 8 to check_continuation.py | TODO |,3,UNRECONCILED,,
golden-foraging-boot.md,TC-GFB-022-03,1385,| TC-GFB-022-03 | Update autonomous_cycle.py to emit GATE_11_READY verdicts | TODO |,3,UNRECONCILED,,
golden-foraging-boot.md,TC-GFB-022-04,1386,| TC-GFB-022-04 | Write and run tests | TODO |,2,UNRECONCILED,,
golden-foraging-boot.md,TC-GFB-023-01,1471,| TC-GFB-023-01 | Define migration-map and behavior-preservation schemas | TODO |,3,UNRECONCILED,,
golden-foraging-boot.md,TC-GFB-023-02,1472,| TC-GFB-023-02 | Create tools/backfill/dry_run_migration.py | TODO |,3,UNRECONCILED,,
golden-foraging-boot.md,TC-GFB-023-03,1473,| TC-GFB-023-03 | Write backfill design artifacts | TODO |,2,UNRECONCILED,,
golden-foraging-boot.md,TC-GFB-024-01,1539,| TC-GFB-024-01 | Create tests/machinery/ + QName enforcement + SAL authority tests | TODO |,7,UNRECONCILED,,
golden-foraging-boot.md,TC-GFB-024-02,1540,| TC-GFB-024-02 | Create lane isolation + Gate 11 stop tests | TODO |,3,UNRECONCILED,,
golden-foraging-boot.md,TC-GFB-024-03,1541,| TC-GFB-024-03 | Create backfill dry-run + continuation idempotency tests | TODO |,4,UNRECONCILED,,
golden-foraging-boot.md,TC-GFB-024-04,1542,| TC-GFB-024-04 | Run full test suite and capture results | TODO |,2,UNRECONCILED,,
golden-foraging-boot.md,TC-GFB-030-01,1621,| TC-GFB-030-01 | Baseline verification (build + all existing tests pass + oracle D1 confirmed) | CLOSED |,4,UNRECONCILED,,
golden-foraging-boot.md,TC-GFB-030-02,1622,| TC-GFB-030-02 | Consumer proof (clean .NET project installation) | CLOSED |,4,UNRECONCILED,,
golden-foraging-boot.md,TC-GFB-030-03,1623,| TC-GFB-030-03 | Gate 11 evaluation and GATE_11_READY state check | CLOSED |,2,UNRECONCILED,,
golden-foraging-boot.md,TC-GFB-031-01,1686,| TC-GFB-031-01 | Baseline verification + monolith assessment | CLOSED |,3,UNRECONCILED,,
golden-foraging-boot.md,TC-GFB-031-02,1687,| TC-GFB-031-02 | Consumer proof + Gate 11 evaluation | CLOSED |,2,UNRECONCILED,,
golden-foraging-boot.md,TC-GFB-032-01,1734,| TC-GFB-032-01 | Oracle baseline + capability gap selection | CLOSED |,3,UNRECONCILED,,
golden-foraging-boot.md,TC-GFB-032-02,1735,| TC-GFB-032-02 | Implement one capability via governed skill | CLOSED |,3,UNRECONCILED,,
golden-foraging-boot.md,TC-GFB-032-03,1736,| TC-GFB-032-03 | Package install + consumer proof | CLOSED |,2,UNRECONCILED,,
golden-foraging-boot.md,TC-GFB-033-01,1796,| TC-GFB-033-01 | Design and implement conversion path | CLOSED |,3,UNRECONCILED,,
golden-foraging-boot.md,TC-GFB-033-02,1797,| TC-GFB-033-02 | Consumer program + evidence | CLOSED |,2,UNRECONCILED,,
golden-foraging-boot.md,TC-GFB-034-01,1844,| TC-GFB-034-01 | Reset stale state and verify CONTINUE | CLOSED |,3,UNRECONCILED,,
golden-foraging-boot.md,TC-GFB-034-02,1845,| TC-GFB-034-02 | Execute one product sprint via governed path | CLOSED |,3,UNRECONCILED,,
golden-foraging-boot.md,TC-GFB-034-03,1846,| TC-GFB-034-03 | Run autonomous-cycle and verify evidence + state updates | CLOSED |,3,UNRECONCILED,,
golden-foraging-boot.md,TC-GFB-034-04,1847,| TC-GFB-034-04 | Verify Gate 11 stop fires; verify other products continue | CLOSED |,2,UNRECONCILED,,
golden-foraging-boot.md,TC-GFB-040-01,1924,| TC-GFB-040-01 | Design wave structure using audit findings | CLOSED |,3,UNRECONCILED,,
golden-foraging-boot.md,TC-GFB-040-02,1925,| TC-GFB-040-02 | Write product-deepening-wave-plan.yaml | CLOSED |,2,UNRECONCILED,,
golden-foraging-boot.md,TC-GFB-041-01,1970,| TC-GFB-041-01 | Verify all MR-0 through MR-19 gates pass | CLOSED |,3,UNRECONCILED,,
golden-foraging-boot.md,TC-GFB-041-02,1971,| TC-GFB-041-02 | Write execution-handoff.yaml and print SHA-256 | CLOSED |,2,UNRECONCILED,,
humble-hatching-lark.md,TC-CL-001,744,### TC-CL-001: Fix State Derivation Bug + Regression Guards,39,UNRECONCILED,,
humble-hatching-lark.md,TC-CL-002,1232,### TC-CL-002: Regenerate Action Queue + Fix VAL-009,25,UNRECONCILED,,
humble-hatching-lark.md,TC-CL-003,1453,### TC-CL-003: SAL Compiler Integration + authority_class Field,33,UNRECONCILED,,
humble-hatching-lark.md,TC-CL-004,1636,### TC-CL-004: Document Two-Track Authority Boundary,15,UNRECONCILED,,
humble-hatching-lark.md,TC-CL-005,1712,### TC-CL-005: Add Gap Closure Detection,23,UNRECONCILED,,
humble-hatching-lark.md,TC-CL-006,1855,### TC-CL-006: Work-Source Fallback Auditability,21,UNRECONCILED,,
humble-hatching-lark.md,TC-CL-007,1936,### TC-CL-007: Final Validation and Idempotency Proof,27,UNRECONCILED,,
humble-hatching-lark.md,TC-CL,30,existing_naming: TC-CL-### for capability layer,3,UNRECONCILED,,
humble-hatching-lark.md,TC-GAP-TRIAGE-001,115,These are **intentionally deferred** per TC-GAP-TRIAGE-001 (2026-06-24). Explicit,1,UNRECONCILED,,
humble-hatching-lark.md,TC-CL-002-01,1293,#### TC-CL-002-01: Investigate action queue generator tool,13,UNRECONCILED,,
humble-hatching-lark.md,TC-CL-001-01,846,#### TC-CL-001-01: Investigate and map bug location,14,UNRECONCILED,,
humble-hatching-lark.md,TC-CL-003-01,1513,#### TC-CL-003-01: Investigate compiler CLI and expected output,9,UNRECONCILED,,
humble-hatching-lark.md,TC-CL-005-01,1762,#### TC-CL-005-01: Read autonomous_cycle.py and find insertion point,8,UNRECONCILED,,
humble-hatching-lark.md,TC-CL-001-02,930,#### TC-CL-001-02: Implement _scan_example_file_refs helper,8,UNRECONCILED,,
humble-hatching-lark.md,TC-CL-001-03,992,#### TC-CL-001-03: Patch state derivation condition,9,UNRECONCILED,,
humble-hatching-lark.md,TC-CL-001-04,1043,#### TC-CL-001-04: Write regression test suite,5,UNRECONCILED,,
humble-hatching-lark.md,TC-CL-001-05,1110,#### TC-CL-001-05: Add VAL-011 validator,6,UNRECONCILED,,
humble-hatching-lark.md,TC-CL-001-06,1164,#### TC-CL-001-06: Regenerate capability maps and verify correction,10,UNRECONCILED,,
humble-hatching-lark.md,TC-CL-002-02,1344,#### TC-CL-002-02: Regenerate action-queue.json,8,UNRECONCILED,,
humble-hatching-lark.md,TC-CL-002-03,1390,#### TC-CL-002-03: Verify VAL-009 passes,5,UNRECONCILED,,
humble-hatching-lark.md,TC-CL-002-04,1420,#### TC-CL-002-04: Add VAL-012 advisory validator + staleness test,6,UNRECONCILED,,
humble-hatching-lark.md,TC-CL-003-02,1535,"#### TC-CL-003-02: Run compiler standalone, verify output",6,UNRECONCILED,,
humble-hatching-lark.md,TC-CL-003-03,1560,#### TC-CL-003-03: Add authority_class to capability_map_generator.py output,7,UNRECONCILED,,
humble-hatching-lark.md,TC-CL-003-04,1586,#### TC-CL-003-04: Merge obligation_ids from sal-driven map into unified map,6,UNRECONCILED,,
humble-hatching-lark.md,TC-CL-003-05,1611,#### TC-CL-003-05: Add best-effort SAL compiler to autonomous_cycle.py,6,UNRECONCILED,,
humble-hatching-lark.md,TC-CL-004-01,1675,#### TC-CL-004-01: Update capability-authority-model.yaml,3,UNRECONCILED,,
humble-hatching-lark.md,TC-CL-004-02,1688,#### TC-CL-004-02: Update capability-consumer-graph.yaml,3,UNRECONCILED,,
humble-hatching-lark.md,TC-CL-004-03,1700,#### TC-CL-004-03: Update L03 layer plan maturity to 4/5,5,UNRECONCILED,,
humble-hatching-lark.md,TC-CL-005-02,1783,#### TC-CL-005-02: Implement _check_gap_closure function,5,UNRECONCILED,,
humble-hatching-lark.md,TC-CL-005-03,1806,#### TC-CL-005-03: Add scanner loop and file output,7,UNRECONCILED,,
humble-hatching-lark.md,TC-CL-005-04,1832,#### TC-CL-005-04: Verify output produced for 8 open gaps,4,UNRECONCILED,,
humble-hatching-lark.md,TC-CL-006-01,1900,#### TC-CL-006-01: Add fields to CAPABILITY_COMPILER_MERGED branch,5,UNRECONCILED,,
humble-hatching-lark.md,TC-CL-006-02,1909,#### TC-CL-006-02: Add fields to EXPANSION_GOAL_FALLBACK branch,4,UNRECONCILED,,
humble-hatching-lark.md,TC-CL-006-03,1918,#### TC-CL-006-03: Verify fields present in both modes,3,UNRECONCILED,,
humble-hatching-lark.md,TC-CL-006-04,1927,#### TC-CL-006-04: Add runtime assertion,3,UNRECONCILED,,
humble-hatching-lark.md,TC-CL-007-01,1984,#### TC-CL-007-01: Run full validate_capability_map.py,3,UNRECONCILED,,
humble-hatching-lark.md,TC-CL-007-02,1998,#### TC-CL-007-02: Idempotency — capability_map_generator.py double-run,4,UNRECONCILED,,
humble-hatching-lark.md,TC-CL-007-03,2011,#### TC-CL-007-03: Idempotency — capability_compiler.py double-run,3,UNRECONCILED,,
humble-hatching-lark.md,TC-CL-007-04,2023,#### TC-CL-007-04: Update L03 to maturity 5/5,5,UNRECONCILED,,
humble-hatching-lark.md,TC-CL-007-05,2036,#### TC-CL-007-05: Write capability-layer-healing-report.md,3,UNRECONCILED,,
humble-hatching-lark.md,TC-CL-007-06,2051,#### TC-CL-007-06: Write evidence declaration and run autonomous-cycle,4,UNRECONCILED,,
humble-hatching-lark.md,TC-001,2272,- id: VAL-TC-001,1,UNRECONCILED,,
humble-hatching-lark.md,TC-002,2280,- id: VAL-TC-002,2,UNRECONCILED,,
humble-hatching-lark.md,TC-003,2295,- id: VAL-TC-003,1,UNRECONCILED,,
humble-hatching-lark.md,TC-004,2302,- id: VAL-TC-004,2,UNRECONCILED,,
humble-hatching-lark.md,TC-005,2309,- id: VAL-TC-005,1,UNRECONCILED,,
humble-hatching-lark.md,TC-006,2324,- id: VAL-TC-006,1,UNRECONCILED,,
humble-hatching-lark.md,TC-007,2339,- id: VAL-TC-007,1,UNRECONCILED,,
humble-hatching-lark.md,TC-008,2354,- id: VAL-TC-008,1,UNRECONCILED,,
humble-hatching-lark.md,TC-009,2361,- id: VAL-TC-009,2,UNRECONCILED,,
humble-hatching-lark.md,TC-010,2376,- id: VAL-TC-010,1,UNRECONCILED,,
humble-hatching-lark.md,TC-011,2389,- id: VAL-TC-011,2,UNRECONCILED,,
humble-hatching-lark.md,TC-012,2400,- id: VAL-TC-012,1,UNRECONCILED,,
humble-hatching-lark.md,TC-ID,2668,| TC-ID | Title | Phase | Parent Status | Children | Notes |,1,UNRECONCILED,,
imperative-coalescing-bengio.md,TC-P5-001,320,### TC-P5-001 — Build Prompt Registry Validator,23,UNRECONCILED,,
imperative-coalescing-bengio.md,TC-P5-001-01,351,- TC-P5-001-01,8,UNRECONCILED,,
imperative-coalescing-bengio.md,TC-P5-001-02,352,- TC-P5-001-02,6,UNRECONCILED,,
imperative-coalescing-bengio.md,TC-P5-001-03,353,- TC-P5-001-03,5,UNRECONCILED,,
imperative-coalescing-bengio.md,TC-P5-001-04,354,- TC-P5-001-04,6,UNRECONCILED,,
imperative-coalescing-bengio.md,TC-P5-001-05,355,- TC-P5-001-05,5,UNRECONCILED,,
imperative-coalescing-bengio.md,TC-P5-001-06,356,- TC-P5-001-06,1,UNRECONCILED,,
imperative-coalescing-bengio.md,TC-P5-001-07,357,- TC-P5-001-07,1,UNRECONCILED,,
imperative-coalescing-bengio.md,TC-P1-001,514,### TC-P1-001 — Build Espanso Staleness Detection Tool,21,UNRECONCILED,,
imperative-coalescing-bengio.md,TC-P5,509,next_valid: TC-P1-001 (can run in parallel with TC-P5 test suite),3,UNRECONCILED,,
imperative-coalescing-bengio.md,TC-P3-001,803,### TC-P3-001 — Update Provenance Map Dispositions,18,UNRECONCILED,,
imperative-coalescing-bengio.md,TC-P1-001-01,551,- TC-P1-001-01,4,UNRECONCILED,,
imperative-coalescing-bengio.md,TC-P1-001-02,552,- TC-P1-001-02,7,UNRECONCILED,,
imperative-coalescing-bengio.md,TC-P1-001-03,553,- TC-P1-001-03,7,UNRECONCILED,,
imperative-coalescing-bengio.md,TC-P1-001-04,554,- TC-P1-001-04,5,UNRECONCILED,,
imperative-coalescing-bengio.md,TC-P2-001,676,### TC-P2-001 — Extract Policy Rules to CLAUDE.md,13,UNRECONCILED,,
imperative-coalescing-bengio.md,TC-P2-001-01,703,- TC-P2-001-01,5,UNRECONCILED,,
imperative-coalescing-bengio.md,TC-P2-001-02,704,- TC-P2-001-02,8,UNRECONCILED,,
imperative-coalescing-bengio.md,TC-P2-001-03,705,- TC-P2-001-03,5,UNRECONCILED,,
imperative-coalescing-bengio.md,TC-P3-001-01,853,- TC-P3-001-01,6,UNRECONCILED,,
imperative-coalescing-bengio.md,TC-P3-001-02,854,- TC-P3-001-02,8,UNRECONCILED,,
imperative-coalescing-bengio.md,TC-P3-001-03,855,- TC-P3-001-03,4,UNRECONCILED,,
imperative-coalescing-bengio.md,TC-P4-001,924,### TC-P4-001 — Create 3 Canonical Prompt Files,15,UNRECONCILED,,
imperative-coalescing-bengio.md,TC-P4-001-01,972,- TC-P4-001-01  (product-deepening.md),7,UNRECONCILED,,
imperative-coalescing-bengio.md,TC-P4-001-02,973,- TC-P4-001-02  (format-readme-governance.md),7,UNRECONCILED,,
imperative-coalescing-bengio.md,TC-P4-001-03,974,- TC-P4-001-03  (analytics-migration.md),6,UNRECONCILED,,
imperative-coalescing-bengio.md,TC-P6-001,1071,### TC-P6-001 — Add Schema Enforcement Phase 13,11,UNRECONCILED,,
imperative-coalescing-bengio.md,TC-P6-001-01,1095,- TC-P6-001-01,5,UNRECONCILED,,
imperative-coalescing-bengio.md,TC-P6-001-02,1096,- TC-P6-001-02,5,UNRECONCILED,,
imperative-coalescing-bengio.md,TC-P1-001-backfill-run,1165,- id: TC-P1-001-backfill-run,2,UNRECONCILED,,
imperative-coalescing-bengio.md,TC-P1,1276,| Dimension | TC-P5 | TC-P1 | TC-P2 | TC-P3 | TC-P4 | TC-P6 |,1,UNRECONCILED,,
imperative-coalescing-bengio.md,TC-P2,1276,| Dimension | TC-P5 | TC-P1 | TC-P2 | TC-P3 | TC-P4 | TC-P6 |,1,UNRECONCILED,,
imperative-coalescing-bengio.md,TC-P3,1276,| Dimension | TC-P5 | TC-P1 | TC-P2 | TC-P3 | TC-P4 | TC-P6 |,1,UNRECONCILED,,
imperative-coalescing-bengio.md,TC-P4,1276,| Dimension | TC-P5 | TC-P1 | TC-P2 | TC-P3 | TC-P4 | TC-P6 |,1,UNRECONCILED,,
imperative-coalescing-bengio.md,TC-P6,1276,| Dimension | TC-P5 | TC-P1 | TC-P2 | TC-P3 | TC-P4 | TC-P6 |,1,UNRECONCILED,,
imperative-floating-book.md,TC-SGOV-Wn-NNN,49,existing_normalization_conventions: TC-SGOV-Wn-NNN (stable IDs),1,UNRECONCILED,,
imperative-floating-book.md,TC-SGOV-W,50,naming_conventions: TC-SGOV-W<wave>-<seq3> / MS-SGOV-W<wave>-<seq3>-<child>-<step>,1,UNRECONCILED,,
imperative-floating-book.md,TC-SGOV-W2-002,954,### Parent Taskcard TC-SGOV-W2-002,12,UNRECONCILED,,
imperative-floating-book.md,TC-SGOV-W2-003,1034,### Parent Taskcard TC-SGOV-W2-003,8,UNRECONCILED,,
imperative-floating-book.md,TC-SGOV-W2-004,1133,### Parent Taskcard TC-SGOV-W2-004,7,UNRECONCILED,,
imperative-floating-book.md,TC-SGOV-W3-003,1494,### Parent Taskcard TC-SGOV-W3-003,11,UNRECONCILED,,
imperative-floating-book.md,TC-SGOV-W3-001,1329,### Parent Taskcard TC-SGOV-W3-001,9,UNRECONCILED,,
imperative-floating-book.md,TC-SGOV-W2-001,862,### Parent Taskcard TC-SGOV-W2-001,13,UNRECONCILED,,
imperative-floating-book.md,TC-SGOV-W0-001,3146,| TC-SGOV-W0-001 | Record audit baseline | W0 | — | CLOSED |,3,UNRECONCILED,,
imperative-floating-book.md,TC-SGOV-W1-001,456,### Parent Taskcard TC-SGOV-W1-001,9,UNRECONCILED,,
imperative-floating-book.md,TC-SGOV-W1-001-01,515,#### TC-SGOV-W1-001-01 — Read and record current EP entries,6,UNRECONCILED,,
imperative-floating-book.md,TC-SGOV-W1-001-02,548,#### TC-SGOV-W1-001-02 — Update stale EP entries in-place,4,UNRECONCILED,,
imperative-floating-book.md,TC-SGOV-W1-002,591,### Parent Taskcard TC-SGOV-W1-002,4,UNRECONCILED,,
imperative-floating-book.md,TC-SGOV-W1-002-01,614,#### TC-SGOV-W1-002-01 — Read AGENTS.md and locate skill-governance section,4,UNRECONCILED,,
imperative-floating-book.md,TC-SGOV-W1-002-02,634,#### TC-SGOV-W1-002-02 — Add canonical policy reference if missing,3,UNRECONCILED,,
imperative-floating-book.md,TC-SGOV-W1-003,657,### Parent Taskcard TC-SGOV-W1-003,5,UNRECONCILED,,
imperative-floating-book.md,TC-SGOV-W1-003-01,680,#### TC-SGOV-W1-003-01 — Run validate_skill_contracts and capture output,4,UNRECONCILED,,
imperative-floating-book.md,TC-SGOV-W1-003-02,699,#### TC-SGOV-W1-003-02 — Fix broken skill registry entries,3,UNRECONCILED,,
imperative-floating-book.md,TC-SGOV-W1-004,721,### Parent Taskcard TC-SGOV-W1-004,5,UNRECONCILED,,
imperative-floating-book.md,TC-SGOV-W1-004-01,742,#### TC-SGOV-W1-004-01 — Cross-check governed operations vs. routing routes,4,UNRECONCILED,,
imperative-floating-book.md,TC-SGOV-W1-004-02,760,#### TC-SGOV-W1-004-02 — Add MISSING_SKILL_CAPABILITY entries for coverage gaps,3,UNRECONCILED,,
imperative-floating-book.md,TC-SGOV-W1-005,779,### Parent Taskcard TC-SGOV-W1-005,5,UNRECONCILED,,
imperative-floating-book.md,TC-SGOV-W1-005-01,803,#### TC-SGOV-W1-005-01 — Run detect_ad_hoc_execution.py,4,UNRECONCILED,,
imperative-floating-book.md,TC-SGOV-W1-005-02,817,#### TC-SGOV-W1-005-02 — Classify each AD_HOC script,4,UNRECONCILED,,
imperative-floating-book.md,TC-SGOV-W1-005-03,836,#### TC-SGOV-W1-005-03 — Identify top-5 NEEDS_REGISTRATION candidates,3,UNRECONCILED,,
imperative-floating-book.md,TC-SGOV-W4-002,1718,### Parent Taskcard TC-SGOV-W4-002,6,UNRECONCILED,,
imperative-floating-book.md,TC-SGOV-W5-001,1808,### Parent Taskcard TC-SGOV-W5-001,8,UNRECONCILED,,
imperative-floating-book.md,TC-SGOV-W2-001-01,889,#### TC-SGOV-W2-001-01 — Check current hook installation status,4,UNRECONCILED,,
imperative-floating-book.md,TC-SGOV-W2-001-02,904,#### TC-SGOV-W2-001-02 — Run install_hooks.py (idempotent),4,UNRECONCILED,,
imperative-floating-book.md,TC-SGOV-W2-001-03,923,#### TC-SGOV-W2-001-03 — Verify hook blocks ungoverned src/ change (safe test),3,UNRECONCILED,,
imperative-floating-book.md,TC-SGOV-W2-002-01,982,#### TC-SGOV-W2-002-01 — Verify both CI jobs exist and read current state,4,UNRECONCILED,,
imperative-floating-book.md,TC-SGOV-W2-002-02,996,#### TC-SGOV-W2-002-02 — Remove continue-on-error from skill-attribution-check,4,UNRECONCILED,,
imperative-floating-book.md,TC-SGOV-W2-002-03,1011,#### TC-SGOV-W2-002-03 — Run ci_skill_attribution_check.py locally,3,UNRECONCILED,,
imperative-floating-book.md,TC-SGOV-W2-003-01,1064,#### TC-SGOV-W2-003-01 — Read validator to understand schema expectations,4,UNRECONCILED,,
imperative-floating-book.md,TC-SGOV-W2-003-02,1083,#### TC-SGOV-W2-003-02 — Create taskcard-execution-contract.schema.json,4,UNRECONCILED,,
imperative-floating-book.md,TC-SGOV-W2-003-03,1105,#### TC-SGOV-W2-003-03 — Test validator against sample taskcards,3,UNRECONCILED,,
imperative-floating-book.md,TC-SGOV-W2-004-01,1161,#### TC-SGOV-W2-004-01 — Design validator contract,4,UNRECONCILED,,
imperative-floating-book.md,TC-SGOV-W2-004-02,1186,#### TC-SGOV-W2-004-02 — Implement validate_plan_skill_routes.py,4,UNRECONCILED,,
imperative-floating-book.md,TC-SGOV-W2-004-03,1219,#### TC-SGOV-W2-004-03 — Test validator on real and failing plan,3,UNRECONCILED,,
imperative-floating-book.md,TC-SGOV-W2-005,1242,### Parent Taskcard TC-SGOV-W2-005,5,UNRECONCILED,,
imperative-floating-book.md,TC-SGOV-W2-005-01,1271,#### TC-SGOV-W2-005-01 — Find evidence acceptance point in autonomous_cycle.py,4,UNRECONCILED,,
imperative-floating-book.md,TC-SGOV-W2-005-02,1285,#### TC-SGOV-W2-005-02 — Add receipt auto-write function,4,UNRECONCILED,,
imperative-floating-book.md,TC-SGOV-W2-005-03,1304,#### TC-SGOV-W2-005-03 — Verify receipt written after dry-run declaration,3,UNRECONCILED,,
imperative-floating-book.md,TC-SGOV-W3-001-01,1360,#### TC-SGOV-W3-001-01 — Verify V-SGF-001 current behavior,4,UNRECONCILED,,
imperative-floating-book.md,TC-SGOV-W3-001-02,1376,#### TC-SGOV-W3-001-02 — Add V-SGF-002 receipt check validator,4,UNRECONCILED,,
imperative-floating-book.md,TC-SGOV-W3-001-03,1413,#### TC-SGOV-W3-001-03 — Update expected_count and run tests,3,UNRECONCILED,,
imperative-floating-book.md,TC-SGOV-W3-002,1438,### Parent Taskcard TC-SGOV-W3-002,5,UNRECONCILED,,
imperative-floating-book.md,TC-SGOV-W3-002-01,1458,#### TC-SGOV-W3-002-01 — Read close-layer-task.md,4,UNRECONCILED,,
imperative-floating-book.md,TC-SGOV-W3-002-02,1472,#### TC-SGOV-W3-002-02 — Add skill proof validation step,3,UNRECONCILED,,
imperative-floating-book.md,TC-SGOV-W3-003-01,1528,#### TC-SGOV-W3-003-01 — Read grade_declared_work.py grading loop,4,UNRECONCILED,,
imperative-floating-book.md,TC-SGOV-W3-003-02,1546,#### TC-SGOV-W3-003-02 — Add _validate_skill_ids() function,4,UNRECONCILED,,
imperative-floating-book.md,TC-SGOV-W3-003-03,1576,#### TC-SGOV-W3-003-03 — Call validation in grading loop,4,UNRECONCILED,,
imperative-floating-book.md,TC-SGOV-W3-003-04,1598,#### TC-SGOV-W3-003-04 — Test: missing skill_id → REWORK_REQUIRED,3,UNRECONCILED,,
imperative-floating-book.md,TC-SGOV-W4-001,1626,### Parent Taskcard TC-SGOV-W4-001,7,UNRECONCILED,,
imperative-floating-book.md,TC-SGOV-W4-001-01,1654,#### TC-SGOV-W4-001-01 — Check if equivalent command exists,4,UNRECONCILED,,
imperative-floating-book.md,TC-SGOV-W4-001-02,1671,#### TC-SGOV-W4-001-02 — Create validate-missing-skill-workflow.md command,5,UNRECONCILED,,
imperative-floating-book.md,TC-SGOV-W4-001-03,1692,#### TC-SGOV-W4-001-03 — Register skill and route,3,UNRECONCILED,,
imperative-floating-book.md,TC-SGOV-W4-002-01,1745,#### TC-SGOV-W4-002-01 — Read top-5 candidates from W1-005,4,UNRECONCILED,,
imperative-floating-book.md,TC-SGOV-W4-002-02,1755,#### TC-SGOV-W4-002-02 — Create 5 skill registry entries + command files,4,UNRECONCILED,,
imperative-floating-book.md,TC-SGOV-W4-002-03,1773,#### TC-SGOV-W4-002-03 — Verify all registrations pass contract check,3,UNRECONCILED,,
imperative-floating-book.md,TC-SGOV-W5-001-01,1832,#### TC-SGOV-W5-001-01 — Disposable change + stage (no transcript),4,UNRECONCILED,,
imperative-floating-book.md,TC-SGOV-W5-001-02,1850,#### TC-SGOV-W5-001-02 — Commit attempt; verify BLOCKED; revert,3,UNRECONCILED,,
imperative-floating-book.md,TC-SGOV-W5-002,1876,### Parent Taskcard TC-SGOV-W5-002,5,UNRECONCILED,,
imperative-floating-book.md,TC-SGOV-W5-002-01,1896,#### TC-SGOV-W5-002-01 — Read codex-adapter.md,3,UNRECONCILED,,
imperative-floating-book.md,TC-SGOV-W5-002-02,1910,#### TC-SGOV-W5-002-02 — Simulate Codex mutation with unregistered skill,3,UNRECONCILED,,
imperative-floating-book.md,TC-SGOV-W5-003,1927,### Parent Taskcard TC-SGOV-W5-003,4,UNRECONCILED,,
imperative-floating-book.md,TC-SGOV-W5-003-01,1947,#### TC-SGOV-W5-003-01 — Query routing registry for Python API capability,3,UNRECONCILED,,
imperative-floating-book.md,TC-SGOV-W5-003-02,1963,#### TC-SGOV-W5-003-02 — Record no-duplicate verdict,3,UNRECONCILED,,
imperative-floating-book.md,TC-SGOV-W5-004,1979,### Parent Taskcard TC-SGOV-W5-004,4,UNRECONCILED,,
imperative-floating-book.md,TC-SGOV-W5-004-01,1998,#### TC-SGOV-W5-004-01 — Decompose and map capabilities,3,UNRECONCILED,,
imperative-floating-book.md,TC-SGOV-W5-004-02,2013,#### TC-SGOV-W5-004-02 — Record composition verdict,3,UNRECONCILED,,
imperative-floating-book.md,TC-SGOV-W5-005,2028,### Parent Taskcard TC-SGOV-W5-005,5,UNRECONCILED,,
imperative-floating-book.md,TC-SGOV-W5-005-01,2049,#### TC-SGOV-W5-005-01 — Find real MISSING_SKILL_CAPABILITY route,3,UNRECONCILED,,
imperative-floating-book.md,TC-SGOV-W5-005-02,2065,#### TC-SGOV-W5-005-02 — Run /validate-missing-skill-workflow,3,UNRECONCILED,,
imperative-floating-book.md,TC-SGOV-W5-005-03,2078,#### TC-SGOV-W5-005-03 — Create micro-skill; prove idempotency,3,UNRECONCILED,,
imperative-floating-book.md,TC-SGOV-W5-006,2102,### Parent Taskcard TC-SGOV-W5-006,4,UNRECONCILED,,
imperative-floating-book.md,TC-SGOV-W5-006-01,2118,#### TC-SGOV-W5-006-01 — Identify broken skill,3,UNRECONCILED,,
imperative-floating-book.md,TC-SGOV-W5-006-02,2128,#### TC-SGOV-W5-006-02 — Bypass attempt; repair; rerun,3,UNRECONCILED,,
imperative-floating-book.md,TC-SGOV-W5-007,2153,### Parent Taskcard TC-SGOV-W5-007,6,UNRECONCILED,,
imperative-floating-book.md,TC-SGOV-W5-007-01,2179,#### TC-SGOV-W5-007-01 — Select target; resolve skill,3,UNRECONCILED,,
imperative-floating-book.md,TC-SGOV-W5-007-02,2193,#### TC-SGOV-W5-007-02 — Execute via skill; write transcript,3,UNRECONCILED,,
imperative-floating-book.md,TC-SGOV-W5-007-03,2212,#### TC-SGOV-W5-007-03 — Submit declaration; verify autonomous_cycle,3,UNRECONCILED,,
imperative-floating-book.md,TC-SGOV-W5-008,2232,### Parent Taskcards TC-SGOV-W5-008 through TC-SGOV-W5-015 (Compact Format),5,UNRECONCILED,,
imperative-floating-book.md,TC-SGOV-W5-015,2232,### Parent Taskcards TC-SGOV-W5-008 through TC-SGOV-W5-015 (Compact Format),5,UNRECONCILED,,
imperative-floating-book.md,TC-SGOV-W5-008-01,2244,- TC-SGOV-W5-008-01: Select machinery defect from EP gap list; run pre_mutation_guard,1,UNRECONCILED,,
imperative-floating-book.md,TC-SGOV-W5-008-02,2245,- TC-SGOV-W5-008-02: Use /found-issue-ownership; write transcript; submit declaration; verify exit 0,1,UNRECONCILED,,
imperative-floating-book.md,TC-SGOV-W5-009,3170,| TC-SGOV-W5-009 | Pilot 9: Unregistered script CI rejection | W5 | HIGH | READY |,5,UNRECONCILED,,
imperative-floating-book.md,TC-SGOV-W5-009-01,2258,- TC-SGOV-W5-009-01: Create tools/supervisor/pilot_09_test_stub.py (empty stub),1,UNRECONCILED,,
imperative-floating-book.md,TC-SGOV-W5-009-02,2259,- TC-SGOV-W5-009-02: Run ci_skill_attribution_check.py; verify exit 1; remove stub; re-verify exit 0,1,UNRECONCILED,,
imperative-floating-book.md,TC-SGOV-W5-010,3171,| TC-SGOV-W5-010 | Pilot 10: Taskcard update via command | W5 | MEDIUM | READY |,4,UNRECONCILED,,
imperative-floating-book.md,TC-SGOV-W5-010-01,2272,- TC-SGOV-W5-010-01: Attempt direct status field edit on a taskcard YAML; stage; pre-commit fires,1,UNRECONCILED,,
imperative-floating-book.md,TC-SGOV-W5-010-02,2273,- TC-SGOV-W5-010-02: Revert; use /close-layer-task with skill_id; verify accepted,1,UNRECONCILED,,
imperative-floating-book.md,TC-SGOV-W5-011,3172,| TC-SGOV-W5-011 | Pilot 11: Path ownership violation | W5 | HIGH | READY |,5,UNRECONCILED,,
imperative-floating-book.md,TC-SGOV-W5-011-01,2282,- TC-SGOV-W5-011-01: Call pre_mutation_guard.py with add-python-api + target src/python/csv/,1,UNRECONCILED,,
imperative-floating-book.md,TC-SGOV-W5-011-02,2283,- TC-SGOV-W5-011-02: Verify exit 1 with rejection_condition PATH_OUTSIDE_OWNERSHIP; write result,1,UNRECONCILED,,
imperative-floating-book.md,TC-SGOV-W5-012,3173,| TC-SGOV-W5-012 | Pilot 12: Receipt omission REWORK grade | W5 | HIGH | READY |,5,UNRECONCILED,,
imperative-floating-book.md,TC-SGOV-W5-012-01,2293,- TC-SGOV-W5-012-01: Write declaration with PRODUCT_SOURCE + skill_id + NO transcript file; confirm no transcript in .local/transcripts/,1,UNRECONCILED,,
imperative-floating-book.md,TC-SGOV-W5-012-02,2294,- TC-SGOV-W5-012-02: Submit to autonomous_cycle; verify V-SGF-002 WARN + grade REWORK_REQUIRED; exit 3,1,UNRECONCILED,,
imperative-floating-book.md,TC-SGOV-W5-013,3174,| TC-SGOV-W5-013 | Pilot 13: Skill-created-not-used detection | W5 | MEDIUM | READY |,4,UNRECONCILED,,
imperative-floating-book.md,TC-SGOV-W5-013-01,2304,- TC-SGOV-W5-013-01: Stage direct edit of pilot-05 target file; attempt commit → pre-commit BLOCKS,1,UNRECONCILED,,
imperative-floating-book.md,TC-SGOV-W5-013-02,2305,- TC-SGOV-W5-013-02: Revert; invoke pilot-05 skill correctly; write transcript; verify accepted,1,UNRECONCILED,,
imperative-floating-book.md,TC-SGOV-W5-014,3175,| TC-SGOV-W5-014 | Pilot 14: Concurrent agent worker_claims | W5 | MEDIUM | READY |,4,UNRECONCILED,,
imperative-floating-book.md,TC-SGOV-W5-014-01,2314,- TC-SGOV-W5-014-01: Query control-index.db for worker_claims table; verify it exists,1,UNRECONCILED,,
imperative-floating-book.md,TC-SGOV-W5-014-02,2315,- TC-SGOV-W5-014-02: Simulate conflicting claims; verify uniqueness constraint; write result,1,UNRECONCILED,,
imperative-floating-book.md,TC-SGOV-W5-015-01,2325,- TC-SGOV-W5-015-01: Re-run each pilot's verification step (not setup); capture verdict,1,UNRECONCILED,,
imperative-floating-book.md,TC-SGOV-W5-015-02,2326,- TC-SGOV-W5-015-02: Compare each rerun verdict to original; verify identical; write result,1,UNRECONCILED,,
imperative-floating-book.md,TC-SGOV-W6-001,2339,### Parent Taskcard TC-SGOV-W6-001,6,UNRECONCILED,,
imperative-floating-book.md,TC-SGOV-W6-001-01,2360,#### TC-SGOV-W6-001-01 — Get tracking_base_ref; list src/ changes,3,UNRECONCILED,,
imperative-floating-book.md,TC-SGOV-W6-001-02,2374,#### TC-SGOV-W6-001-02 — Cross-check and add backfill entries,3,UNRECONCILED,,
imperative-floating-book.md,TC-SGOV-W6-002,2394,### Parent Taskcard TC-SGOV-W6-002,6,UNRECONCILED,,
imperative-floating-book.md,TC-SGOV-W6-002-01,2412,#### TC-SGOV-W6-002-01 — List last 10 sprint declarations,3,UNRECONCILED,,
imperative-floating-book.md,TC-SGOV-W6-002-02,2425,#### TC-SGOV-W6-002-02 — Bind ungoverned items to registered skills,3,UNRECONCILED,,
imperative-floating-book.md,TC-SGOV-W7-001,2448,### Parent Taskcard TC-SGOV-W7-001,7,UNRECONCILED,,
imperative-floating-book.md,TC-SGOV-W7-001-01,2467,#### TC-SGOV-W7-001-01 — Gather raw counts,3,UNRECONCILED,,
imperative-floating-book.md,TC-SGOV-W7-001-02,2488,#### TC-SGOV-W7-001-02 — Compute and write metrics,3,UNRECONCILED,,
imperative-floating-book.md,TC-SGOV-W7-002,2508,### Parent Taskcard TC-SGOV-W7-002,7,UNRECONCILED,,
imperative-floating-book.md,TC-SGOV-W7-002-01,2528,#### TC-SGOV-W7-002-01 — Draft §32 content,3,UNRECONCILED,,
imperative-floating-book.md,TC-SGOV-W7-002-02,2562,#### TC-SGOV-W7-002-02 — Append to plan file,3,UNRECONCILED,,
imperative-floating-book.md,TC-SGOV-W7-003,2576,### Parent Taskcard TC-SGOV-W7-003,6,UNRECONCILED,,
imperative-floating-book.md,TC-SGOV-W7-003-01,2596,#### TC-SGOV-W7-003-01 — Aggregate and structure report,3,UNRECONCILED,,
imperative-floating-book.md,TC-SGOV-W7-003-02,2620,#### TC-SGOV-W7-003-02 — Write report; SHA-256; print path,3,UNRECONCILED,,
imperative-floating-book.md,TC-SGOV-W7-004,2641,### Parent Taskcard TC-SGOV-W7-004,6,UNRECONCILED,,
imperative-floating-book.md,TC-SGOV-W7-004-01,2661,#### TC-SGOV-W7-004-01 — Run lifecycle_audit.py,4,UNRECONCILED,,
imperative-floating-book.md,TC-SGOV-W7-004-02,2675,#### TC-SGOV-W7-004-02 — Close plan,3,UNRECONCILED,,
imperative-floating-book.md,TC-SGOV-W7-00N,2671,"add new taskcards to plan at next available TC-SGOV-W7-00N ID""",1,UNRECONCILED,,
imperative-floating-book.md,TC-ID,3144,| TC-ID | Title | Wave | Priority | Status |,2,UNRECONCILED,,
iterative-mixing-shannon.md,TC-PGH-013,158,### D2: TC-PGH-013 redundancy,9,UNRECONCILED,,
iterative-mixing-shannon.md,TC-PGH-007,200,"| TC-PGH-007 | B | REQ-GOV-008,009 | Promotion + Release Candidate Schemas | 4 | PROPOSED |",14,UNRECONCILED,,
iterative-mixing-shannon.md,TC-PGH-007-04,1321,#### TC-PGH-007-04 — Write pilot records + run eligibility report,12,UNRECONCILED,,
iterative-mixing-shannon.md,TC-PGH-003,196,| TC-PGH-003 | A | REQ-GOV-003 | Current State Audit + Ledger | 4 | PROPOSED |,12,UNRECONCILED,,
iterative-mixing-shannon.md,TC-PGH-003-02,803,#### TC-PGH-003-02 — Python source audit,13,UNRECONCILED,,
iterative-mixing-shannon.md,TC-PGH-001,194,| TC-PGH-001 | A | REQ-GOV-001 | Governance Binding Record | 3 | PROPOSED |,22,UNRECONCILED,,
iterative-mixing-shannon.md,TC-PGH-002,195,| TC-PGH-002 | A | REQ-GOV-002 | Governance Control Inventory | 4 | PROPOSED |,6,UNRECONCILED,,
iterative-mixing-shannon.md,TC-PGH-004,197,| TC-PGH-004 | B | REQ-GOV-004 | Governed Artifact Schema + Model | 3 | PROPOSED |,10,UNRECONCILED,,
iterative-mixing-shannon.md,TC-PGH-005,198,| TC-PGH-005 | B | REQ-GOV-005 | Change Proposal Schema + Manager | 4 | PROPOSED |,10,UNRECONCILED,,
iterative-mixing-shannon.md,TC-PGH-006,199,"| TC-PGH-006 | B | REQ-GOV-006,007 | Impact Analysis + Decision Schemas | 4 | PROPOSED |",8,UNRECONCILED,,
iterative-mixing-shannon.md,TC-PGH-008,201,| TC-PGH-008 | C | REQ-GOV-010 | Product Architecture Traceability Chain | 4 | PROPOSED |,7,UNRECONCILED,,
iterative-mixing-shannon.md,TC-PGH-009,202,| TC-PGH-009 | C | REQ-GOV-011 | Pipeline Governance Enforcement | 3 | PROPOSED |,6,UNRECONCILED,,
iterative-mixing-shannon.md,TC-PGH-010,203,| TC-PGH-010 | C | REQ-GOV-012 | Code Writing Governance Checklist | 3 | PROPOSED |,5,UNRECONCILED,,
iterative-mixing-shannon.md,TC-PGH-011,204,| TC-PGH-011 | C | REQ-GOV-013 | Documentation + Traceability Graph | 3 | PROPOSED |,5,UNRECONCILED,,
iterative-mixing-shannon.md,TC-PGH-012,205,"| TC-PGH-012 | C | REQ-GOV-014,015 | Reopening Detector + Maintenance Classifier | 3 | PROPOSED |",8,UNRECONCILED,,
iterative-mixing-shannon.md,TC-PGH-014,206,| TC-PGH-014 | D | REQ-GOV-016 | Governance Machinery Integration | 4 | PROPOSED |,8,UNRECONCILED,,
iterative-mixing-shannon.md,TC-PGH-015,207,| TC-PGH-015 | D | REQ-GOV-017 | Artifact Backfill (Products + Pipeline) | 3 | PROPOSED |,9,UNRECONCILED,,
iterative-mixing-shannon.md,TC-PGH-016,208,| TC-PGH-016 | E | REQ-GOV-018–022 | Required Pilots 1–5 | 5 | PROPOSED |,12,UNRECONCILED,,
iterative-mixing-shannon.md,TC-PGH-017,209,| TC-PGH-017 | E | REQ-GOV-023–027 | Required Pilots 6–10 | 5 | PROPOSED |,10,UNRECONCILED,,
iterative-mixing-shannon.md,TC-PGH-018,210,| TC-PGH-018 | F | REQ-GOV-028 | Completion Gate — 22 Counters | 3 | PROPOSED |,8,UNRECONCILED,,
iterative-mixing-shannon.md,TC-PGH-019,211,| TC-PGH-019 | F | REQ-GOV-029 | Final Governance Report | 2 | PROPOSED |,6,UNRECONCILED,,
iterative-mixing-shannon.md,TC-ID,192,| TC-ID | Phase | Req | Title | Children | Status |,3,UNRECONCILED,,
iterative-mixing-shannon.md,TC-PGH-008-04,1460,#### TC-PGH-008-04 — Write governance_validators_product_gov.py (V150–V152),17,UNRECONCILED,,
iterative-mixing-shannon.md,TC-PGH-009-03,1581,#### TC-PGH-009-03 — Append V153–V155 to governance_validators_product_gov.py,7,UNRECONCILED,,
iterative-mixing-shannon.md,TC-PGH-010-03,1662,#### TC-PGH-010-03 — Append V156 to governance_validators_product_gov.py,7,UNRECONCILED,,
iterative-mixing-shannon.md,TC-PGH-011-03,1734,#### TC-PGH-011-03 — Append V157–V158,7,UNRECONCILED,,
iterative-mixing-shannon.md,TC-PGH-012-03,1827,#### TC-PGH-012-03 — Append V159–V160,6,UNRECONCILED,,
iterative-mixing-shannon.md,TC-PGH-014-03,1928,#### TC-PGH-014-03 — Wire module into governance_validator_runner.py,7,UNRECONCILED,,
iterative-mixing-shannon.md,TC-PGH-014-04,1972,#### TC-PGH-014-04 — Add focused test for new validators,6,UNRECONCILED,,
iterative-mixing-shannon.md,TC-PGH-014-05,1993,#### TC-PGH-014-05 — Update format-registry.yaml governance_status,4,UNRECONCILED,,
iterative-mixing-shannon.md,TC-PGH-014-02,1910,#### TC-PGH-014-02 — Update skill-registry.yaml,4,UNRECONCILED,,
iterative-mixing-shannon.md,TC-PGH-001-01,412,#### TC-PGH-001-01 — Verify authority paths + create directory,17,UNRECONCILED,,
iterative-mixing-shannon.md,TC-PGH-001-02,505,#### TC-PGH-001-02 — Write governance-binding.schema.json,9,UNRECONCILED,,
iterative-mixing-shannon.md,TC-PGH-001-03,563,#### TC-PGH-001-03 — Write governance-binding.yaml,10,UNRECONCILED,,
iterative-mixing-shannon.md,TC-PGH-002-01,674,#### TC-PGH-002-01 — Create reports/product-governance/ directory,9,UNRECONCILED,,
iterative-mixing-shannon.md,TC-PGH-002-02,686,#### TC-PGH-002-02 — Write governance-control.schema.json,4,UNRECONCILED,,
iterative-mixing-shannon.md,TC-PGH-002-03,702,#### TC-PGH-002-03 — Write governance-control-inventory.yaml,6,UNRECONCILED,,
iterative-mixing-shannon.md,TC-PGH-002-04,732,#### TC-PGH-002-04 — Verify counters + final validation,3,UNRECONCILED,,
iterative-mixing-shannon.md,TC-PGH-017-04,2418,#### TC-PGH-017-04 — Pilot 9: Long-term Maintenance Fix,5,UNRECONCILED,,
iterative-mixing-shannon.md,TC-PGH-003-01,784,#### TC-PGH-003-01 — Write governance-gap.schema.json,4,UNRECONCILED,,
iterative-mixing-shannon.md,TC-PGH-003-03,832,#### TC-PGH-003-03 — Pipeline + registry audit,6,UNRECONCILED,,
iterative-mixing-shannon.md,TC-PGH-003-04,851,#### TC-PGH-003-04 — Write product-governance-ledger.yaml,8,UNRECONCILED,,
iterative-mixing-shannon.md,TC-PGH-004-01,916,#### TC-PGH-004-01 — Write governed-artifact.schema.json,4,UNRECONCILED,,
iterative-mixing-shannon.md,TC-PGH-004-02,939,#### TC-PGH-004-02 — Identify pilot artifact paths,5,UNRECONCILED,,
iterative-mixing-shannon.md,TC-PGH-004-03,958,#### TC-PGH-004-03 — Write artifact-registry.yaml,6,UNRECONCILED,,
iterative-mixing-shannon.md,TC-PGH-005-01,1010,#### TC-PGH-005-01 — Write change-proposal.schema.json,5,UNRECONCILED,,
iterative-mixing-shannon.md,TC-PGH-005-02,1030,#### TC-PGH-005-02 — Write change_proposal_manager.py,5,UNRECONCILED,,
iterative-mixing-shannon.md,TC-PGH-005-03,1059,#### TC-PGH-005-03 — Write CP-PGH-PILOT-001.yaml (Pilot 1 proposal),4,UNRECONCILED,,
iterative-mixing-shannon.md,TC-PGH-005-04,1087,#### TC-PGH-005-04 — Write CP-PGH-PILOT-002.yaml (Pilot 2 rejected proposal),3,UNRECONCILED,,
iterative-mixing-shannon.md,TC-PGH-006-04,1190,#### TC-PGH-006-04 — Write pilot impact + decision records,6,UNRECONCILED,,
iterative-mixing-shannon.md,TC-PGH-006-01,1136,#### TC-PGH-006-01 — Write change-impact.schema.json,4,UNRECONCILED,,
iterative-mixing-shannon.md,TC-PGH-006-02,1153,#### TC-PGH-006-02 — Write change-decision.schema.json,3,UNRECONCILED,,
iterative-mixing-shannon.md,TC-PGH-006-03,1170,#### TC-PGH-006-03 — Write impact_analyzer.py,4,UNRECONCILED,,
iterative-mixing-shannon.md,TC-PGH-007-01,1256,#### TC-PGH-007-01 — Write promotion-record.schema.json,4,UNRECONCILED,,
iterative-mixing-shannon.md,TC-PGH-007-02,1276,#### TC-PGH-007-02 — Write release-candidate.schema.json,4,UNRECONCILED,,
iterative-mixing-shannon.md,TC-PGH-007-03,1294,#### TC-PGH-007-03 — Write promotion_manager.py + release_eligibility_checker.py,4,UNRECONCILED,,
iterative-mixing-shannon.md,TC-PGH-008-01,1402,#### TC-PGH-008-01 — Read FODS source for traceability data,5,UNRECONCILED,,
iterative-mixing-shannon.md,TC-PGH-008-02,1419,#### TC-PGH-008-02 — Write traceability_chain_builder.py,4,UNRECONCILED,,
iterative-mixing-shannon.md,TC-PGH-008-03,1445,#### TC-PGH-008-03 — Run builder for FODS,5,UNRECONCILED,,
iterative-mixing-shannon.md,TC-PGH-009-01,1526,#### TC-PGH-009-01 — Pipeline change governor + components registry,7,UNRECONCILED,,
iterative-mixing-shannon.md,TC-PGH-009-02,1564,#### TC-PGH-009-02 — Write file-ownership.yaml skeleton,4,UNRECONCILED,,
iterative-mixing-shannon.md,TC-PGH-010-01,1629,#### TC-PGH-010-01 — Write pre_write_checklist.py,4,UNRECONCILED,,
iterative-mixing-shannon.md,TC-PGH-010-02,1648,#### TC-PGH-010-02 — Populate file-ownership.yaml,3,UNRECONCILED,,
iterative-mixing-shannon.md,TC-PGH-011-01,1702,#### TC-PGH-011-01 — Write doc_compliance_checker.py,3,UNRECONCILED,,
iterative-mixing-shannon.md,TC-PGH-011-02,1721,#### TC-PGH-011-02 — Run doc compliance for FODS,3,UNRECONCILED,,
iterative-mixing-shannon.md,TC-PGH-012-01,1776,#### TC-PGH-012-01 — Write reopening_detector.py,3,UNRECONCILED,,
iterative-mixing-shannon.md,TC-PGH-012-02,1803,#### TC-PGH-012-02 — Write maintenance_classifier.py,3,UNRECONCILED,,
iterative-mixing-shannon.md,TC-PGH-014-01,1879,#### TC-PGH-014-01 — Verify all 14 validators present,5,UNRECONCILED,,
iterative-mixing-shannon.md,TC-PGH-015-01,2038,#### TC-PGH-015-01 — Backfill Python format artifacts,4,UNRECONCILED,,
iterative-mixing-shannon.md,TC-PGH-015-02,2064,#### TC-PGH-015-02 — Backfill .NET format artifacts,3,UNRECONCILED,,
iterative-mixing-shannon.md,TC-PGH-015-03,2079,#### TC-PGH-015-03 — Backfill pipeline artifacts,3,UNRECONCILED,,
iterative-mixing-shannon.md,TC-PGH-016-01,2118,#### TC-PGH-016-01 — Pilot 1: Product API Change,5,UNRECONCILED,,
iterative-mixing-shannon.md,TC-PGH-016-02,2162,#### TC-PGH-016-02 — Pilot 2: Rejected Change,5,UNRECONCILED,,
iterative-mixing-shannon.md,TC-PGH-016-03,2189,#### TC-PGH-016-03 — Pilot 3: Pipeline Change with Product Pilot,3,UNRECONCILED,,
iterative-mixing-shannon.md,TC-PGH-016-04,2227,#### TC-PGH-016-04 — Pilot 4: Documentation-Only Change,3,UNRECONCILED,,
iterative-mixing-shannon.md,TC-PGH-016-05,2265,#### TC-PGH-016-05 — Pilot 5: Compatibility-Breaking Change Gating,4,UNRECONCILED,,
iterative-mixing-shannon.md,TC-PGH-017-01,2324,#### TC-PGH-017-01 — Pilot 6: Promoted Artifact Modification,4,UNRECONCILED,,
iterative-mixing-shannon.md,TC-PGH-017-02,2361,#### TC-PGH-017-02 — Pilot 7: Release Candidate Eligibility,3,UNRECONCILED,,
iterative-mixing-shannon.md,TC-PGH-017-03,2386,#### TC-PGH-017-03 — Pilot 8: Generated Output Drift,4,UNRECONCILED,,
iterative-mixing-shannon.md,TC-PGH-017-05,2473,#### TC-PGH-017-05 — Pilot 10: Idempotency,5,UNRECONCILED,,
iterative-mixing-shannon.md,TC-PGH-018-01,2524,#### TC-PGH-018-01 — Write completion_gate_checker.py,4,UNRECONCILED,,
iterative-mixing-shannon.md,TC-PGH-018-02,2577,#### TC-PGH-018-02 — Run checker; verify all 22 = 0,6,UNRECONCILED,,
iterative-mixing-shannon.md,TC-PGH-018-03,2598,#### TC-PGH-018-03 — Second run (idempotency proof),4,UNRECONCILED,,
iterative-mixing-shannon.md,TC-PGH-019-01,2630,#### TC-PGH-019-01 — Compile evidence,5,UNRECONCILED,,
iterative-mixing-shannon.md,TC-PGH-019-02,2646,#### TC-PGH-019-02 — Write governance-report.md,5,UNRECONCILED,,
iterative-mixing-shannon.md,TC-PGH,2907,"4. Reuse stable IDs (TC-PGH-*, MS-PGH-*, CP-PGH-*, etc.) — do NOT regenerate",1,UNRECONCILED,,
iterative-mixing-shannon.md,TC-PFF-R1,3015,"comment: ""# V149 added (TC-PFF-R1, 2026-07-09)""",1,UNRECONCILED,,
kind-crunching-coral.md,TC-C7-005,45,"- TC-C7-005 (autonomous_cycle.py:1147) merges `gap_ledger_ref` post-grading, which is",3,UNRECONCILED,,
kind-crunching-coral.md,TC-GUARD-001,70,- **TC-GUARD-001** (`guard_001_checker.py`): Enforces that declarations reference gaps.,1,UNRECONCILED,,
kind-crunching-coral.md,TC-IMPL-CLOSE-001,146,# Step 3a-pre2: Close implementation_verified gaps via test scan (TC-IMPL-CLOSE-001),1,UNRECONCILED,,
kind-crunching-coral.md,TC-BOOL-001,303,### TC-BOOL-001: Implement `close_implementation_verified_gaps()` | Status: OPEN,1,UNRECONCILED,,
kind-crunching-coral.md,TC-BOOL-002,314,### TC-BOOL-002: Wire into `autonomous_cycle.py` | Status: OPEN,1,UNRECONCILED,,
kind-crunching-coral.md,TC-BOOL-003,319,### TC-BOOL-003: Fix `_SKIP_STATUSES` in compiler and consumer | Status: OPEN,1,UNRECONCILED,,
kind-crunching-coral.md,TC-BOOL-004,325,### TC-BOOL-004: Add V-NEW governance validator | Status: OPEN,1,UNRECONCILED,,
kind-crunching-coral.md,TC-BOOL-005,331,### TC-BOOL-005: Run integration dry-run + apply + sprint closeout | Status: OPEN,1,UNRECONCILED,,
lively-leaping-elephant.md,TC-HEAL,93,"- `heal_sprint: ""TC-HEAL-*""` (which sprint taskcard owns the healing)",2,UNRECONCILED,,
lively-leaping-elephant.md,TC-GOV-LLE-001,187,### TC-GOV-LLE-001: Best-practices checklist document,2,UNRECONCILED,,
lively-leaping-elephant.md,TC-GOV-LLE-002,206,### TC-GOV-LLE-002: Gap inventory YAML,2,UNRECONCILED,,
lively-leaping-elephant.md,TC-HEAL-ANALYTICS-001,561,"| TC-HEAL-ANALYTICS-001 | `fods/fods_analytics.py` (1103 LOC) | Split into `fods_workbook_analytics.py`, `fods_sheet_analytics.py`, `fods_cell_analytics.py`; update `__init__.py` re-exports | LOW — pure functions, no state, tests are assertion-based |",6,UNRECONCILED,,
lively-leaping-elephant.md,TC-GOV-LLE-003,262,### TC-GOV-LLE-003: Root cause analysis document,2,UNRECONCILED,,
lively-leaping-elephant.md,TC-GOV-LLE-004,308,### TC-GOV-LLE-004: New validators with real-file detection tests,2,UNRECONCILED,,
lively-leaping-elephant.md,TC-HEAL-ANALYTICS-XXX,374,"""heal_sprint"": ""TC-HEAL-ANALYTICS-XXX""",1,UNRECONCILED,,
lively-leaping-elephant.md,TC-GOV-LLE-005,389,### TC-GOV-LLE-005: Baseline schema extension — burn-down mechanism,2,UNRECONCILED,,
lively-leaping-elephant.md,TC-INFRA,421,- Manual removal only in this sprint. Automated removal script is a future sprint (TC-INFRA-*).,1,UNRECONCILED,,
lively-leaping-elephant.md,TC-GOV-LLE-006,429,### TC-GOV-LLE-006: Evidence schema extension — before/after quality metrics,3,UNRECONCILED,,
lively-leaping-elephant.md,TC-GOV-LLE-007,481,### TC-GOV-LLE-007: Violation pressure in continuation signal,2,UNRECONCILED,,
lively-leaping-elephant.md,TC-HEAL-CODEC-001,564,"| TC-HEAL-CODEC-001 | `zst/zst_codec.py` (1073 LOC, mixed) | Extract `zst_parser.py` (parse/decompress), `zst_writer.py` (compress/write), keep `zst_codec.py` as thin coordinator with `__all__` pass-through | MEDIUM — behavioral coupling; write roundtrip test first |",4,UNRECONCILED,,
lively-leaping-elephant.md,TC-GOV-LLE-008,546,"### TC-GOV-LLE-008: Product healing taskcards (plan only, no src changes)",2,UNRECONCILED,,
lively-leaping-elephant.md,TC-HEAL-ANALYTICS-002,562,"| TC-HEAL-ANALYTICS-002 | `ods/ods_analytics.py` (1000 LOC, 60 fn) | Split by domain: workbook, sheet, cell groups; same pattern as ANALYTICS-001 | LOW — same pattern |",1,UNRECONCILED,,
lively-leaping-elephant.md,TC-HEAL-ANALYTICS-003,563,"| TC-HEAL-ANALYTICS-003 | `xcf/xcf_image_metrics.py` (898 LOC, 104 fn) | Split by metric class: layer, pixel, color channel | LOW — pure metrics functions |",1,UNRECONCILED,,
lively-leaping-elephant.md,TC-HEAL-MODEL-001,565,"| TC-HEAL-MODEL-001 | `abw/word_document.py` (1051 LOC, 101 fn) | Extract `abw_document_ops.py` for DOM manipulation/query methods; keep `word_document.py` for pure domain model properties | MEDIUM — must map which 101 functions are model vs ops before splitting |",2,UNRECONCILED,,
lively-leaping-elephant.md,TC-GOV-LLE-009,569,### TC-GOV-LLE-009: Governance doc updates and master plan amendment,2,UNRECONCILED,,
lively-leaping-elephant.md,TC-GOV-LLE-010,601,### TC-GOV-LLE-010: Validation matrix and evidence closeout,2,UNRECONCILED,,
memoized-frolicking-donut.md,TC-GOV-001,416,### Parent Taskcard TC-GOV-001 — Wire V119/V120 into Governance Validator Runner,47,UNRECONCILED,,
memoized-frolicking-donut.md,TC-GOV-023,1690,### Parent Taskcard TC-GOV-023 — Final Counter Verification + Report + Verdict,14,UNRECONCILED,,
memoized-frolicking-donut.md,TC-GOV-NNN,34,"existing_naming_conventions: ""TC-GOV-NNN sequential""",1,UNRECONCILED,,
memoized-frolicking-donut.md,TC-GOV-001-05,759,#### Child TC-GOV-001-05 — Add V119 to _STRUCTURAL_GOVBLOCK_VALIDATORS,5,UNRECONCILED,,
memoized-frolicking-donut.md,TC-GOV-001-06,792,#### Child TC-GOV-001-06 — Write test_v119_v120_wired.py (4 tests),5,UNRECONCILED,,
memoized-frolicking-donut.md,TC-LSG-007,80,`sprint_executor_validate.py` Phases 1-13 are already defined. Phase 13 = lane scope guard (TC-LSG-007). The new git-diff cross-check must be **Phase 14**.,1,UNRECONCILED,,
memoized-frolicking-donut.md,TC-GOV-002,872,### Parent Taskcard TC-GOV-002 — Persistent Violation Detection in check_continuation.py,22,UNRECONCILED,,
memoized-frolicking-donut.md,TC-GOV-003,1034,### Parent Taskcard TC-GOV-003 — Implement Rework Classification (critical_rework_count),12,UNRECONCILED,,
memoized-frolicking-donut.md,TC-GOV-004,1103,### Parent Taskcard TC-GOV-004 — Wire blast-radius-register.yaml into autonomous_cycle.py,13,UNRECONCILED,,
memoized-frolicking-donut.md,TC-GOV-005,1184,### Parent Taskcard TC-GOV-005 — Add Phase 14 (Git Diff Cross-Check) to sprint_executor_validate.py,13,UNRECONCILED,,
memoized-frolicking-donut.md,TC-GOV-006,1259,### Parent Taskcard TC-GOV-006 — Eight JSON Schema Files,17,UNRECONCILED,,
memoized-frolicking-donut.md,TC-GOV-007,1301,### Parent Taskcard TC-GOV-007 — Governance Binding Record,14,UNRECONCILED,,
memoized-frolicking-donut.md,TC-GOV-008,1329,### Parent Taskcard TC-GOV-008 — Governed Artifact Registry (Seed) + Lookup Tool,13,UNRECONCILED,,
memoized-frolicking-donut.md,TC-GOV-009,1349,### Parent Taskcard TC-GOV-009 — Retroactive CP/CI/CD Records (8 historical changes),15,UNRECONCILED,,
memoized-frolicking-donut.md,TC-GOV-010,1379,### Parent Taskcard TC-GOV-010 — Promotion Record Ledger + Release Candidate Seeds,12,UNRECONCILED,,
memoized-frolicking-donut.md,TC-GOV-011,1401,### Parent Taskcard TC-GOV-011 — Change Proposal Manager Tool,10,UNRECONCILED,,
memoized-frolicking-donut.md,TC-GOV-012,1422,### Parent Taskcard TC-GOV-012 — Promotion Manager + Release Registry Tools,15,UNRECONCILED,,
memoized-frolicking-donut.md,TC-GOV-013,1444,### Parent Taskcard TC-GOV-013 — Governance Counter Tool (22 counters),13,UNRECONCILED,,
memoized-frolicking-donut.md,TC-GOV-014,1469,### Parent Taskcard TC-GOV-014 — Governance Ledger Builder,9,UNRECONCILED,,
memoized-frolicking-donut.md,TC-GOV-015,1490,### Parent Taskcard TC-GOV-015 — New Validators V150-V155 + Update expected_count 167→173,12,UNRECONCILED,,
memoized-frolicking-donut.md,TC-GOV-016,1526,### Parent Taskcard TC-GOV-016 — Lifecycle Governance Control Inventory,10,UNRECONCILED,,
memoized-frolicking-donut.md,TC-GOV-017,1545,### Parent Taskcard TC-GOV-017 — Pilot 1: Product API Change (Full Lifecycle),11,UNRECONCILED,,
memoized-frolicking-donut.md,TC-GOV-018,1576,### Parent Taskcard TC-GOV-018 — Pilot 2: Rejected Change,8,UNRECONCILED,,
memoized-frolicking-donut.md,TC-GOV-019,1596,### Parent Taskcard TC-GOV-019 — Pilot 3: Pipeline Change,10,UNRECONCILED,,
memoized-frolicking-donut.md,TC-GOV-020,1617,"### Parent Taskcard TC-GOV-020 — Pilots 4-7 (Doc, Compat, Reopening, RC)",10,UNRECONCILED,,
memoized-frolicking-donut.md,TC-GOV-021,1637,### Parent Taskcard TC-GOV-021 — Pilots 8-9 (Output Drift + Maintenance Fix),10,UNRECONCILED,,
memoized-frolicking-donut.md,TC-GOV-022,1656,### Parent Taskcard TC-GOV-022 — Pilot 10: Idempotency,11,UNRECONCILED,,
memoized-frolicking-donut.md,TC-GOV-001-01,509,#### Child TC-GOV-001-01 — INVESTIGATE V119 skip mechanism,15,UNRECONCILED,,
memoized-frolicking-donut.md,TC-GOV-001-02,598,#### Child TC-GOV-001-02 — Add blocks_sprint: True to V119 return dict,16,UNRECONCILED,,
memoized-frolicking-donut.md,TC-GOV-001-03,683,#### Child TC-GOV-001-03 — Remove V119 from skipped_validators; verify promotion_registry build,6,UNRECONCILED,,
memoized-frolicking-donut.md,TC-GOV-001-04,719,#### Child TC-GOV-001-04 — INVESTIGATE V120 and wire correctly,5,UNRECONCILED,,
memoized-frolicking-donut.md,TC-GOV-001-07,833,#### Child TC-GOV-001-07 — Run tests and capture evidence,3,UNRECONCILED,,
memoized-frolicking-donut.md,TC-GOV-002-01,922,#### Child TC-GOV-002-01 — INVESTIGATE existing_rework_items,5,UNRECONCILED,,
memoized-frolicking-donut.md,TC-GOV-002-02,942,#### Child TC-GOV-002-02 — Add persistent_blocking_validators to policies.yaml,4,UNRECONCILED,,
memoized-frolicking-donut.md,TC-GOV-002-03,971,#### Child TC-GOV-002-03 — Implement Check 8b,4,UNRECONCILED,,
memoized-frolicking-donut.md,TC-GOV-002-04,998,#### Child TC-GOV-002-04 — Mark non-overridable,4,UNRECONCILED,,
memoized-frolicking-donut.md,TC-GOV-002-05,1012,#### Child TC-GOV-002-05 — Write and run tests,3,UNRECONCILED,,
memoized-frolicking-donut.md,TC-GOV-003-01,1058,- TC-GOV-003-01: INVESTIGATE classify_rework_items output format,3,UNRECONCILED,,
memoized-frolicking-donut.md,TC-GOV-003-02,1059,- TC-GOV-003-02: Add critical_rework_count to autonomous_cycle.py signal write,2,UNRECONCILED,,
memoized-frolicking-donut.md,TC-GOV-003-03,1060,- TC-GOV-003-03: Add Check 2b to check_continuation.py,2,UNRECONCILED,,
memoized-frolicking-donut.md,TC-GOV-003-04,1061,- TC-GOV-003-04: Write and run tests,2,UNRECONCILED,,
memoized-frolicking-donut.md,TC-GOV-004-01,1129,- TC-GOV-004-01: INVESTIGATE blast-radius-register.yaml schema and current entries,2,UNRECONCILED,,
memoized-frolicking-donut.md,TC-GOV-004-02,1130,- TC-GOV-004-02: Add blast_radius_enforcement: warn to policies.yaml,2,UNRECONCILED,,
memoized-frolicking-donut.md,TC-GOV-004-03,1131,- TC-GOV-004-03: Implement _check_blast_radius() function in autonomous_cycle.py,2,UNRECONCILED,,
memoized-frolicking-donut.md,TC-GOV-004-04,1132,- TC-GOV-004-04: Add Step 0b call after Step 0a-qname,2,UNRECONCILED,,
memoized-frolicking-donut.md,TC-GOV-004-05,1133,- TC-GOV-004-05: Write and run tests,2,UNRECONCILED,,
memoized-frolicking-donut.md,TC-GOV-005-01,1209,- TC-GOV-005-01: INVESTIGATE Phase 13 endpoint and insertion point for Phase 14,2,UNRECONCILED,,
memoized-frolicking-donut.md,TC-GOV-005-02,1210,- TC-GOV-005-02: Implement _phase14_git_crosscheck() function,2,UNRECONCILED,,
memoized-frolicking-donut.md,TC-GOV-005-03,1211,- TC-GOV-005-03: Add Phase 14 call in main validation flow,2,UNRECONCILED,,
memoized-frolicking-donut.md,TC-GOV-005-04,1212,- TC-GOV-005-04: Write and run tests,2,UNRECONCILED,,
memoized-frolicking-donut.md,TC-GOV-006-01,1275,- TC-GOV-006-01: governance-binding.schema.json,1,UNRECONCILED,,
memoized-frolicking-donut.md,TC-GOV-006-02,1276,- TC-GOV-006-02: governed-artifact.schema.json (with 11-state status enum),1,UNRECONCILED,,
memoized-frolicking-donut.md,TC-GOV-006-03,1277,- TC-GOV-006-03: change-proposal.schema.json (with 7-state status enum),1,UNRECONCILED,,
memoized-frolicking-donut.md,TC-GOV-006-04,1278,- TC-GOV-006-04: change-impact.schema.json,1,UNRECONCILED,,
memoized-frolicking-donut.md,TC-GOV-006-05,1279,- TC-GOV-006-05: change-decision.schema.json (with 5 final_decision values),1,UNRECONCILED,,
memoized-frolicking-donut.md,TC-GOV-006-06,1280,- TC-GOV-006-06: promotion-record.schema.json (promotion_level must match promotion_manager.py enum),1,UNRECONCILED,,
memoized-frolicking-donut.md,TC-GOV-006-07,1281,- TC-GOV-006-07: release-candidate.schema.json (final_decision includes NOT_RELEASEABLE),1,UNRECONCILED,,
memoized-frolicking-donut.md,TC-GOV-006-08,1282,- TC-GOV-006-08: governance-gap.schema.json,1,UNRECONCILED,,
memoized-frolicking-donut.md,TC-GOV-006-09,1283,- TC-GOV-006-09: validate_governance_schemas.py script + run all 8 schemas,1,UNRECONCILED,,
memoized-frolicking-donut.md,TC-GOV-007-01,1311,- TC-GOV-007-01: Read all authority file paths — confirm each exists on disk,2,UNRECONCILED,,
memoized-frolicking-donut.md,TC-GOV-007-02,1312,"- TC-GOV-007-02: Write registry/governance-binding.yaml (all fields, all 8 authority arrays)",1,UNRECONCILED,,
memoized-frolicking-donut.md,TC-GOV-007-03,1313,- TC-GOV-007-03: Write tools/supervisor/validate_governance_binding.py,1,UNRECONCILED,,
memoized-frolicking-donut.md,TC-GOV-007-04,1314,- TC-GOV-007-04: Run validate_governance_binding.py → exit 0,1,UNRECONCILED,,
memoized-frolicking-donut.md,TC-GOV-007-05,1315,- TC-GOV-007-05: Write reports/product-governance/README.md,1,UNRECONCILED,,
memoized-frolicking-donut.md,TC-GOV-008-01,1339,- TC-GOV-008-01: INVESTIGATE actual fods __init__.py exports and models.py to correctly set GA-FODS-001 through GA-FODS-005 fields,1,UNRECONCILED,,
memoized-frolicking-donut.md,TC-GOV-008-02,1340,- TC-GOV-008-02: Write registry/governed-artifact-registry.yaml (15 seed entries),1,UNRECONCILED,,
memoized-frolicking-donut.md,TC-GOV-008-03,1341,- TC-GOV-008-03: Validate all 15 entries against governed-artifact.schema.json,1,UNRECONCILED,,
memoized-frolicking-donut.md,TC-GOV-008-04,1342,- TC-GOV-008-04: Write tools/supervisor/governed_artifact_lookup.py (query/status/is-promoted subcommands),1,UNRECONCILED,,
memoized-frolicking-donut.md,TC-GOV-008-05,1343,"- TC-GOV-008-05: Test: python tools/supervisor/governed_artifact_lookup.py query --path src/python/fods/__init__.py → {""artifact_id"": ""GA-FODS-001"", ""status"": ""PROMOTED""}",1,UNRECONCILED,,
memoized-frolicking-donut.md,TC-GOV-009-01,1359,- TC-GOV-009-01: INVESTIGATE each historical change — verify affected_files by reading git log,2,UNRECONCILED,,
memoized-frolicking-donut.md,TC-GOV-009-02,1361,- TC-GOV-009-02: Create registry/change-proposals/ directory + README.md,1,UNRECONCILED,,
memoized-frolicking-donut.md,TC-GOV-009-03,1362,- TC-GOV-009-03: Write 8 CP-*.yaml files (all status: ACCEPTED — retroactive),1,UNRECONCILED,,
memoized-frolicking-donut.md,TC-GOV-009-04,1363,- TC-GOV-009-04: Create registry/change-impacts/ + write 8 CI-*.yaml files,1,UNRECONCILED,,
memoized-frolicking-donut.md,TC-GOV-009-05,1364,- TC-GOV-009-05: Create registry/change-decisions/ + write 8 CD-*.yaml files,1,UNRECONCILED,,
memoized-frolicking-donut.md,TC-GOV-009-06,1365,- TC-GOV-009-06: Validate all 24 YAML files against their schemas,1,UNRECONCILED,,
memoized-frolicking-donut.md,TC-GOV-009-07,1366,- TC-GOV-009-07: Run change_proposal_manager.py list --status ACCEPTED → prints 8 records,1,UNRECONCILED,,
memoized-frolicking-donut.md,TC-GOV-010-01,1389,- TC-GOV-010-01: Read registry/promotion-ledger.yaml in full — record all 6 entries,1,UNRECONCILED,,
memoized-frolicking-donut.md,TC-GOV-010-02,1390,- TC-GOV-010-02: Write registry/promotion-record-ledger.yaml (one PR-* per entry),1,UNRECONCILED,,
memoized-frolicking-donut.md,TC-GOV-010-03,1392,- TC-GOV-010-03: Validate all PR-* records against promotion-record.schema.json,1,UNRECONCILED,,
memoized-frolicking-donut.md,TC-GOV-010-04,1393,- TC-GOV-010-04: Create registry/release-candidates/ directory,1,UNRECONCILED,,
memoized-frolicking-donut.md,TC-GOV-010-05,1394,"- TC-GOV-010-05: Write RC-FODS-PREVIEW-001.yaml (PREVIEW, NOT_RELEASEABLE — no PROMOTED_STABLE yet)",1,UNRECONCILED,,
memoized-frolicking-donut.md,TC-GOV-010-06,1395,- TC-GOV-010-06: Write RC-FODS-BREAKING-001.yaml (demonstrates NOT_RELEASEABLE for Pilot 5),1,UNRECONCILED,,
memoized-frolicking-donut.md,TC-GOV-010-07,1396,- TC-GOV-010-07: Validate both RC-*.yaml against release-candidate.schema.json,1,UNRECONCILED,,
memoized-frolicking-donut.md,TC-GOV-011-01,1411,"- TC-GOV-011-01: Write CLI skeleton with argparse (subcommands: new-proposal, validate, list, check-ungoverned-changes)",1,UNRECONCILED,,
memoized-frolicking-donut.md,TC-GOV-011-02,1412,"- TC-GOV-011-02: Implement list subcommand (reads registry/change-proposals/*.yaml, filters by --status)",1,UNRECONCILED,,
memoized-frolicking-donut.md,TC-GOV-011-03,1413,- TC-GOV-011-03: Implement validate subcommand (validates single CP-*.yaml against schema),1,UNRECONCILED,,
memoized-frolicking-donut.md,TC-GOV-011-04,1414,"- TC-GOV-011-04: Implement check-ungoverned-changes (reads git log --since=30.days, cross-references against CP affected_files[])",1,UNRECONCILED,,
memoized-frolicking-donut.md,TC-GOV-011-05,1416,- TC-GOV-011-05: Test: python tools/supervisor/change_proposal_manager.py list --status ACCEPTED → 8 records,1,UNRECONCILED,,
memoized-frolicking-donut.md,TC-GOV-011-06,1417,- TC-GOV-011-06: Test: check-ungoverned-changes --lookback-days 7 → reports only files changed in last 7 days not in any CP,1,UNRECONCILED,,
memoized-frolicking-donut.md,TC-GOV-012-01,1432,"- TC-GOV-012-01: Write governance_promotion_manager.py (subcommands: validate-all, check-reopening, compute-hash, reopen)",1,UNRECONCILED,,
memoized-frolicking-donut.md,TC-GOV-012-02,1435,"- TC-GOV-012-02: Write governance_release_registry.py (subcommands: validate, check-eligibility, validate-all)",1,UNRECONCILED,,
memoized-frolicking-donut.md,TC-GOV-012-03,1437,- TC-GOV-012-03: Tests: test_governance_promotion_manager.py (5 tests minimum),1,UNRECONCILED,,
memoized-frolicking-donut.md,TC-GOV-012-04,1438,- TC-GOV-012-04: Tests: test_governance_release_registry.py (3 tests minimum),1,UNRECONCILED,,
memoized-frolicking-donut.md,TC-GOV-012-05,1439,- TC-GOV-012-05: Run both test files; confirm pass,1,UNRECONCILED,,
memoized-frolicking-donut.md,TC-GOV-013-01,1454,- TC-GOV-013-01: Design counter computation class with 22 methods (one per counter),1,UNRECONCILED,,
memoized-frolicking-donut.md,TC-GOV-013-02,1455,"- TC-GOV-013-02: Implement counters 1-6 (governance controls, material changes, impact analysis)",1,UNRECONCILED,,
memoized-frolicking-donut.md,TC-GOV-013-03,1456,"- TC-GOV-013-03: Implement counters 7-12 (traceability, released symbols, decisions, proof, baselines)",1,UNRECONCILED,,
memoized-frolicking-donut.md,TC-GOV-013-04,1457,"- TC-GOV-013-04: Implement counters 13-18 (released artifacts, RC quality, ungoverned components)",1,UNRECONCILED,,
memoized-frolicking-donut.md,TC-GOV-013-05,1458,"- TC-GOV-013-05: Implement counters 19-22 (gaps without tasks, failed pilots, second-run changes)",1,UNRECONCILED,,
memoized-frolicking-donut.md,TC-GOV-013-06,1459,- TC-GOV-013-06: Write output to reports/product-governance/governance-counter-report.yaml,1,UNRECONCILED,,
memoized-frolicking-donut.md,TC-GOV-013-07,1460,- TC-GOV-013-07: Tests: test_governance_counters.py (8 tests minimum — one per major counter group),1,UNRECONCILED,,
memoized-frolicking-donut.md,TC-GOV-013-08,1461,- TC-GOV-013-08: Run tool end-to-end; verify 22 counters all non-negative integers,1,UNRECONCILED,,
memoized-frolicking-donut.md,TC-GOV-014-01,1479,"- TC-GOV-014-01: Implement 7 gap discovery functions (ungoverned product, ungoverned pipeline, missing CPs, promotion hash null, missing CI, missing CD, documentation drift)",1,UNRECONCILED,,
memoized-frolicking-donut.md,TC-GOV-014-02,1480,- TC-GOV-014-02: Implement gap ID assignment (GAP-GOV-NNN sequential),1,UNRECONCILED,,
memoized-frolicking-donut.md,TC-GOV-014-03,1481,- TC-GOV-014-03: Assign task_ids to every gap (reference existing TC-GOV-* where applicable; create stub future-sprint task IDs for remaining gaps),1,UNRECONCILED,,
memoized-frolicking-donut.md,TC-GOV,1481,- TC-GOV-014-03: Assign task_ids to every gap (reference existing TC-GOV-* where applicable; create stub future-sprint task IDs for remaining gaps),3,UNRECONCILED,,
memoized-frolicking-donut.md,TC-GOV-014-04,1483,- TC-GOV-014-04: Write reports/product-governance/product-governance-ledger.yaml,1,UNRECONCILED,,
memoized-frolicking-donut.md,TC-GOV-014-05,1484,- TC-GOV-014-05: Validate all gap records against governance-gap.schema.json,1,UNRECONCILED,,
memoized-frolicking-donut.md,TC-GOV-014-06,1485,"- TC-GOV-014-06: Run governance_counters.py after ledger is built → counters 19,20 should be 0",1,UNRECONCILED,,
memoized-frolicking-donut.md,TC-GOV-015-01,1503,- TC-GOV-015-01: Write governance_validators_governance.py with V150-V155,1,UNRECONCILED,,
memoized-frolicking-donut.md,TC-GOV-015-02,1510,- TC-GOV-015-02: Import and register V150-V155 in governance_validator_runner.py,1,UNRECONCILED,,
memoized-frolicking-donut.md,TC-GOV-015-03,1511,- TC-GOV-015-03: Update expected_count in governance_validator_runner.py from 167 to 173,3,UNRECONCILED,,
memoized-frolicking-donut.md,TC-GOV-015-04,1512,- TC-GOV-015-04: Update assertion in tests/supervisor/test_governance_validator_runner.py from 167 to 173,2,UNRECONCILED,,
memoized-frolicking-donut.md,TC-GOV-015-05,1513,- TC-GOV-015-05: Write tests/supervisor/test_governance_validators_governance.py (6 tests — one per validator),1,UNRECONCILED,,
memoized-frolicking-donut.md,TC-GOV-015-06,1514,- TC-GOV-015-06: Run python tools/supervisor/governance_validator_runner.py → reports 173 validators,1,UNRECONCILED,,
memoized-frolicking-donut.md,TC-GOV-015-07,1515,- TC-GOV-015-07: .venv/Scripts/pytest tests/supervisor/ -x → no regression,1,UNRECONCILED,,
memoized-frolicking-donut.md,TC-GOV-016-01,1536,- TC-GOV-016-01: INVESTIGATE actual enforcement points for each of 15 stages (read governance_validator_runner.py; read policies.yaml; confirm what actually enforces each stage),1,UNRECONCILED,,
memoized-frolicking-donut.md,TC-GOV-016-02,1537,- TC-GOV-016-02: Write governance-control-inventory.yaml with honest status (GOVERNED / PARTIAL / UNGOVERNED),1,UNRECONCILED,,
memoized-frolicking-donut.md,TC-GOV-016-03,1539,- TC-GOV-016-03: Create 2 GAP-GOV records for UNGOVERNED stages in product-governance-ledger.yaml,1,UNRECONCILED,,
memoized-frolicking-donut.md,TC-GOV-016-04,1540,- TC-GOV-016-04: Verify: GOVERNANCE_CONTROLS_NOT_INVENTORIED counter = 0 after this taskcard,1,UNRECONCILED,,
memoized-frolicking-donut.md,TC-GOV-017-01,1557,- TC-GOV-017-01: Read src/python/fods/fods/__init__.py — confirm load() and FodsDocument.sheets exist,1,UNRECONCILED,,
memoized-frolicking-donut.md,TC-GOV-017-02,1558,- TC-GOV-017-02: Write CP-FODS-PILOT-001.yaml (SUBMITTED → ACCEPTED after decision),1,UNRECONCILED,,
memoized-frolicking-donut.md,TC-GOV-017-03,1559,"- TC-GOV-017-03: Write CI-FODS-PILOT-001.yaml (ADDITIVE, MINOR)",1,UNRECONCILED,,
memoized-frolicking-donut.md,TC-GOV-017-04,1560,"- TC-GOV-017-04: Write CD-FODS-PILOT-001.yaml (all PASS, final_decision: ACCEPT)",1,UNRECONCILED,,
memoized-frolicking-donut.md,TC-GOV-017-05,1561,- TC-GOV-017-05: Implement get_sheet_count() in src/python/fods/fods/__init__.py (5-line addition),2,UNRECONCILED,,
memoized-frolicking-donut.md,TC-GOV-017-06,1562,- TC-GOV-017-06: Write tests/fods/test_pilot_api.py::test_get_sheet_count,1,UNRECONCILED,,
memoized-frolicking-donut.md,TC-GOV-017-07,1563,- TC-GOV-017-07: .venv/Scripts/pytest tests/fods/test_pilot_api.py → PASSED,1,UNRECONCILED,,
memoized-frolicking-donut.md,TC-GOV-017-08,1564,- TC-GOV-017-08: Update GA-FODS-001 change_history to include CP-FODS-PILOT-001,1,UNRECONCILED,,
memoized-frolicking-donut.md,TC-GOV-017-09,1565,- TC-GOV-017-09: Verify V150 passes when CP-FODS-PILOT-001 covers the modification,1,UNRECONCILED,,
memoized-frolicking-donut.md,TC-GOV-018-01,1586,- TC-GOV-018-01: Write CP-PILOT-REJECT-001.yaml (get_all_cell_values_flat() on FodsDocument root — violates V113),1,UNRECONCILED,,
memoized-frolicking-donut.md,TC-GOV-018-02,1587,- TC-GOV-018-02: Write CI-PILOT-REJECT-001.yaml (notes V113 violation),1,UNRECONCILED,,
memoized-frolicking-donut.md,TC-GOV-018-03,1588,"- TC-GOV-018-03: Write CD-PILOT-REJECT-001.yaml (architecture_verdict: FAIL, qname_verdict: FAIL, final_decision: REJECT)",1,UNRECONCILED,,
memoized-frolicking-donut.md,TC-GOV-018-04,1589,- TC-GOV-018-04: Verify no implementation exists for get_all_cell_values_flat() (grep src/ to confirm absence),1,UNRECONCILED,,
memoized-frolicking-donut.md,TC-GOV-018-05,1590,- TC-GOV-018-05: Verify RC-FODS-PREVIEW-001 does NOT include CP-PILOT-REJECT-001 in included_change_ids,1,UNRECONCILED,,
memoized-frolicking-donut.md,TC-GOV-018-06,1591,- TC-GOV-018-06: change_proposal_manager.py list --status REJECTED → shows 1 record,1,UNRECONCILED,,
memoized-frolicking-donut.md,TC-GOV-019-01,1606,- TC-GOV-019-01: Read .claude/commands/add-python-api.md to understand current content,1,UNRECONCILED,,
memoized-frolicking-donut.md,TC-GOV-019-02,1607,- TC-GOV-019-02: Add spec_qname ClassVar reminder to .claude/commands/add-python-api.md (minimal addition),1,UNRECONCILED,,
memoized-frolicking-donut.md,TC-GOV-019-03,1608,- TC-GOV-019-03: Write CP-PIPELINE-PILOT-001.yaml (product_or_pipeline: pipeline),1,UNRECONCILED,,
memoized-frolicking-donut.md,TC-GOV-019-04,1609,- TC-GOV-019-04: Write CI-PIPELINE-PILOT-001.yaml (affected_pipeline_components: add-python-api skill),1,UNRECONCILED,,
memoized-frolicking-donut.md,TC-GOV-019-05,1610,"- TC-GOV-019-05: Write CD-PIPELINE-PILOT-001.yaml (pipeline_impact_verdict: PASS, evidence references the modified command file)",1,UNRECONCILED,,
memoized-frolicking-donut.md,TC-GOV-019-06,1611,- TC-GOV-019-06: Document pilot output: record that the change would affect all add-python-api generated code,1,UNRECONCILED,,
memoized-frolicking-donut.md,TC-GOV-019-07,1612,- TC-GOV-019-07: Write result to reports/product-governance/pilots/pilot3-pipeline-result.yaml,1,UNRECONCILED,,
memoized-frolicking-donut.md,TC-GOV-020-01,1627,- TC-GOV-020-01: Pilot 4 — Doc change: Update parse_fods() docstring; write CP-DOC-PILOT-001/CI/CD (PATCH),1,UNRECONCILED,,
memoized-frolicking-donut.md,TC-GOV-020-02,1628,- TC-GOV-020-02: Pilot 5 — Compat change: Write CP-COMPAT-PILOT-001 for fods.load()→fods.parse() rename (BREAKING/MAJOR); CD=ACCEPT_WITH_REWORK_BEFORE_RELEASE; RC-FODS-BREAKING-001 = NOT_RELEASEABLE,2,UNRECONCILED,,
memoized-frolicking-donut.md,TC-GOV-020-03,1629,- TC-GOV-020-03: Pilot 6 — Reopening: Modify one line in src/python/csv/__init__.py (comment only); run governance_promotion_manager.py check-reopening; update CSV promotion record to REOPENED; write reopening notice,2,UNRECONCILED,,
memoized-frolicking-donut.md,TC-GOV-020-04,1630,- TC-GOV-020-04: Pilot 7 — Release candidate: Write RC-FODS-PATCH-001.yaml including only CP-FODS-PILOT-001 + CP-DOC-PILOT-001; run governance_release_registry.py check-eligibility → PATCH ELIGIBLE; verify CP-PILOT-REJECT-001 and CP-COMPAT-PILOT-001 are excluded,1,UNRECONCILED,,
memoized-frolicking-donut.md,TC-GOV-021-01,1647,- TC-GOV-021-01: Pilot 8 — Record current hash of FODS promoted files; add whitespace comment to __init__.py; run compute-hash → hash differs; run check-eligibility → NOT_RELEASEABLE promoted_hash_mismatch; REVERT the whitespace change; write pilot8-drift-result.yaml,2,UNRECONCILED,,
memoized-frolicking-donut.md,TC-GOV-021-02,1648,- TC-GOV-021-02: Pilot 9 — Read fods_cell_iterator.py; write test proving correct empty-cell handling; write full CP-MAINT-PILOT-001/CI/CD chain; test passes; update PR-FODS-PY-001 change_ids,1,UNRECONCILED,,
memoized-frolicking-donut.md,TC-GOV-022-01,1666,- TC-GOV-022-01: Run governance_counters.py → save as counters-run1.yaml,1,UNRECONCILED,,
memoized-frolicking-donut.md,TC-GOV-022-02,1667,- TC-GOV-022-02: Run governance_ledger_builder.py (second run — no files changed),1,UNRECONCILED,,
memoized-frolicking-donut.md,TC-GOV-022-03,1668,- TC-GOV-022-03: Run governance_promotion_manager.py validate-all (second run),1,UNRECONCILED,,
memoized-frolicking-donut.md,TC-GOV-022-04,1669,- TC-GOV-022-04: Run governance_release_registry.py validate-all (second run),1,UNRECONCILED,,
memoized-frolicking-donut.md,TC-GOV-022-05,1670,- TC-GOV-022-05: Run governance_counters.py → save as counters-run2.yaml,1,UNRECONCILED,,
memoized-frolicking-donut.md,TC-GOV-022-06,1671,- TC-GOV-022-06: Run diff script:,1,UNRECONCILED,,
memoized-frolicking-donut.md,TC-GOV-022-07,1681,- TC-GOV-022-07: Write reports/product-governance/pilots/pilot10-idempotency-result.yaml,1,UNRECONCILED,,
memoized-frolicking-donut.md,TC-GOV-023-01,1700,- TC-GOV-023-01: Run governance_counters.py → inspect all 22 counters,1,UNRECONCILED,,
memoized-frolicking-donut.md,TC-GOV-023-02,1701,- TC-GOV-023-02: For any counter > 0: identify which gap_record or tool computation is wrong; fix it,1,UNRECONCILED,,
memoized-frolicking-donut.md,TC-GOV-023-03,1704,- TC-GOV-023-03: Write reports/product-governance/final-report.md containing:,1,UNRECONCILED,,
memoized-frolicking-donut.md,TC-GOV-023-04,1713,- TC-GOV-023-04: grep 'FORMAT_FACTORY_PRODUCT_GOVERNANCE_HEALED' reports/product-governance/final-report.md → found,1,UNRECONCILED,,
memoized-frolicking-donut.md,TC-GOV-023-05,1714,- TC-GOV-023-05: Write reports/product-governance/governance-index.yaml (machine-readable index of all governance records),2,UNRECONCILED,,
modular-noodling-galaxy.md,TC-W0-001,261,#### TC-W0-001 | ORACLE_RECON | Status: READY,18,UNRECONCILED,,
modular-noodling-galaxy.md,TC-W7-002,1690,#### TC-W7-002 | CLOSEOUT | Status: READY,15,UNRECONCILED,,
modular-noodling-galaxy.md,TC-W1A-001,391,#### TC-W1A-001 | ORACLE_RECON | Status: READY,19,UNRECONCILED,,
modular-noodling-galaxy.md,TC-W0-001-C1,288,##### TC-W0-001-C1 | Status: TODO,5,UNRECONCILED,,
modular-noodling-galaxy.md,TC-W1A-002,469,#### TC-W1A-002 | ORACLE_SCHEMA | Status: READY,19,UNRECONCILED,,
modular-noodling-galaxy.md,TC-W1A-003,216,### Decision D2 — Stale Detection Scope (TC-W1A-003),22,UNRECONCILED,,
modular-noodling-galaxy.md,TC-W1B-001,199,### Decision D1 — Test Oracle Binding Approach (TC-W1B-001),22,UNRECONCILED,,
modular-noodling-galaxy.md,TC-W5-003,1340,#### TC-W5-003 | TEST_MIGRATION | Status: READY,13,UNRECONCILED,,
modular-noodling-galaxy.md,TC-W4-001,1063,#### TC-W4-001 | PACKAGE_CONSUMER | Status: READY,16,UNRECONCILED,,
modular-noodling-galaxy.md,TC-W6A-001,1407,#### TC-W6A-001 | ORACLE_RECON | Status: READY,11,UNRECONCILED,,
modular-noodling-galaxy.md,TC-W6B-001,1468,#### TC-W6B-001 | PACKAGE_CONSUMER | Status: READY,11,UNRECONCILED,,
modular-noodling-galaxy.md,TC-W6C-001,1517,#### TC-W6C-001 | IDEMPOTENCY | Status: READY,15,UNRECONCILED,,
modular-noodling-galaxy.md,TC-W7-001,1606,#### TC-W7-001 | REGRESSION | Status: READY,10,UNRECONCILED,,
modular-noodling-galaxy.md,TC-W2-001,228,### Decision D3 — Future-Format Onboarding Enforcement (TC-W2-001),20,UNRECONCILED,,
modular-noodling-galaxy.md,TC-W2-002,914,#### TC-W2-002 | PRODUCT_GATE | Status: READY,13,UNRECONCILED,,
modular-noodling-galaxy.md,TC-W3-001,238,### Decision D4 — D2 Depth Expansion (TC-W3-001),17,UNRECONCILED,,
modular-noodling-galaxy.md,TC-W5-001,1191,#### TC-W5-001 | INVALID_CASE | Status: READY,16,UNRECONCILED,,
modular-noodling-galaxy.md,TC-W5-002,1266,#### TC-W5-002 | ORACLE_RECON | Status: READY,10,UNRECONCILED,,
modular-noodling-galaxy.md,TC-W0-001-C2,314,##### TC-W0-001-C2 | Status: TODO,4,UNRECONCILED,,
modular-noodling-galaxy.md,TC-W0-001-C3,340,##### TC-W0-001-C3 | Status: TODO,3,UNRECONCILED,,
modular-noodling-galaxy.md,TC-W1A-001-C1,413,##### TC-W1A-001-C1 | Status: TODO,3,UNRECONCILED,,
modular-noodling-galaxy.md,TC-W1A-001-C2,428,##### TC-W1A-001-C2 | Status: TODO,3,UNRECONCILED,,
modular-noodling-galaxy.md,TC-W1A-001-C3,450,##### TC-W1A-001-C3 | Status: TODO,2,UNRECONCILED,,
modular-noodling-galaxy.md,TC-W1A-002-C1,491,##### TC-W1A-002-C1 | Status: TODO,3,UNRECONCILED,,
modular-noodling-galaxy.md,TC-W1A-002-C2,520,##### TC-W1A-002-C2 | Status: TODO,3,UNRECONCILED,,
modular-noodling-galaxy.md,TC-W1A-002-C3,539,##### TC-W1A-002-C3 | Status: TODO,2,UNRECONCILED,,
modular-noodling-galaxy.md,TC-W1A-003-C1,580,##### TC-W1A-003-C1 | Status: TODO,4,UNRECONCILED,,
modular-noodling-galaxy.md,TC-W1A-003-C2,599,##### TC-W1A-003-C2 | Status: TODO,3,UNRECONCILED,,
modular-noodling-galaxy.md,TC-W1A-003-C3,621,##### TC-W1A-003-C3 | Status: TODO,3,UNRECONCILED,,
modular-noodling-galaxy.md,TC-W1A-003-C4,640,##### TC-W1A-003-C4 | Status: TODO,4,UNRECONCILED,,
modular-noodling-galaxy.md,TC-W1B-001-C1,695,##### TC-W1B-001-C1 | Status: TODO,3,UNRECONCILED,,
modular-noodling-galaxy.md,TC-W1B-001-C2,737,##### TC-W1B-001-C2 | Status: TODO,4,UNRECONCILED,,
modular-noodling-galaxy.md,TC-W1B-001-C3,779,##### TC-W1B-001-C3 | Status: TODO,3,UNRECONCILED,,
modular-noodling-galaxy.md,TC-W1B-001-C4,804,##### TC-W1B-001-C4 | Status: TODO,2,UNRECONCILED,,
modular-noodling-galaxy.md,TC-W2-001-C1,847,##### TC-W2-001-C1 | Status: TODO,3,UNRECONCILED,,
modular-noodling-galaxy.md,TC-W2-001-C2,862,##### TC-W2-001-C2 | Status: TODO,5,UNRECONCILED,,
modular-noodling-galaxy.md,TC-W2-001-C3,890,##### TC-W2-001-C3 | Status: TODO,2,UNRECONCILED,,
modular-noodling-galaxy.md,TC-W2-002-C1,933,##### TC-W2-002-C1 | Status: TODO,5,UNRECONCILED,,
modular-noodling-galaxy.md,TC-W2-002-C2,952,##### TC-W2-002-C2 | Status: TODO,2,UNRECONCILED,,
modular-noodling-galaxy.md,TC-W3-001-C1,1000,##### TC-W3-001-C1 | Status: TODO,3,UNRECONCILED,,
modular-noodling-galaxy.md,TC-W3-001-C2,1016,##### TC-W3-001-C2 | Status: TODO,3,UNRECONCILED,,
modular-noodling-galaxy.md,TC-W3-001-C3,1044,##### TC-W3-001-C3 | Status: TODO,2,UNRECONCILED,,
modular-noodling-galaxy.md,TC-W4-001-C1,1085,##### TC-W4-001-C1 | Status: TODO,4,UNRECONCILED,,
modular-noodling-galaxy.md,TC-W4-001-C2,1102,##### TC-W4-001-C2 | Status: TODO,3,UNRECONCILED,,
modular-noodling-galaxy.md,TC-W4-001-C3,1153,##### TC-W4-001-C3 | Status: TODO,2,UNRECONCILED,,
modular-noodling-galaxy.md,TC-W5-001-C1,1212,##### TC-W5-001-C1 | Status: TODO,3,UNRECONCILED,,
modular-noodling-galaxy.md,TC-W5-001-C2,1224,##### TC-W5-001-C2 | Status: TODO,3,UNRECONCILED,,
modular-noodling-galaxy.md,TC-W5-001-C3,1239,##### TC-W5-001-C3 | Status: TODO,2,UNRECONCILED,,
modular-noodling-galaxy.md,TC-W5-002-C1,1289,##### TC-W5-002-C1 | Status: TODO,3,UNRECONCILED,,
modular-noodling-galaxy.md,TC-W5-002-C2,1321,##### TC-W5-002-C2 | Status: TODO,2,UNRECONCILED,,
modular-noodling-galaxy.md,TC-W5-003-C1,1359,##### TC-W5-003-C1 | Status: TODO,4,UNRECONCILED,,
modular-noodling-galaxy.md,TC-W5-003-C2,1381,##### TC-W5-003-C2 | Status: TODO,3,UNRECONCILED,,
modular-noodling-galaxy.md,TC-W6A-001-C1,1426,##### TC-W6A-001-C1 | Status: TODO,3,UNRECONCILED,,
modular-noodling-galaxy.md,TC-W6A-001-C2,1440,##### TC-W6A-001-C2 | Status: TODO,2,UNRECONCILED,,
modular-noodling-galaxy.md,TC-W6B-001-C1,1484,##### TC-W6B-001-C1 | Status: TODO,2,UNRECONCILED,,
modular-noodling-galaxy.md,TC-W6B-001-C2,1495,##### TC-W6B-001-C2 | Status: TODO,2,UNRECONCILED,,
modular-noodling-galaxy.md,TC-W6C-001-C1,1540,##### TC-W6C-001-C1 | Status: TODO,2,UNRECONCILED,,
modular-noodling-galaxy.md,TC-W6C-001-C2,1556,##### TC-W6C-001-C2 | Status: TODO,3,UNRECONCILED,,
modular-noodling-galaxy.md,TC-W6C-001-C3,1573,##### TC-W6C-001-C3 | Status: TODO,2,UNRECONCILED,,
modular-noodling-galaxy.md,TC-W7-001-C1,1627,##### TC-W7-001-C1 | Status: TODO,3,UNRECONCILED,,
modular-noodling-galaxy.md,TC-W7-001-C2,1676,##### TC-W7-001-C2 | Status: TODO,2,UNRECONCILED,,
modular-noodling-galaxy.md,TC-W7-002-C1,1712,##### TC-W7-002-C1 | Status: TODO,3,UNRECONCILED,,
modular-noodling-galaxy.md,TC-W7-002-C2,1736,##### TC-W7-002-C2 | Status: TODO,2,UNRECONCILED,,
modular-noodling-galaxy.md,TC-ID,1886,| TC-ID | Validation Type | Command/Method | Expected Result | Evidence Path |,2,UNRECONCILED,,
mutable-exploring-hellman.md,TC-CQGA2-001,464,## PHASE A: AUDIT TASKCARDS (TC-CQGA2-001 through TC-CQGA2-010),13,UNRECONCILED,,
mutable-exploring-hellman.md,TC-CQGA2-032,1849,## PHASE E: FINAL REPORT TASKCARD (TC-CQGA2-032),17,UNRECONCILED,,
mutable-exploring-hellman.md,TC-CQGA2-NNN,29,"naming_convention: TC-CQGA2-NNN (parent), TC-CQGA2-NNN-NN (child), MS-CQGA2-NNN-NN-NN (micro)",2,UNRECONCILED,,
mutable-exploring-hellman.md,TC-CQGA2-NNN-NN,29,"naming_convention: TC-CQGA2-NNN (parent), TC-CQGA2-NNN-NN (child), MS-CQGA2-NNN-NN-NN (micro)",1,UNRECONCILED,,
mutable-exploring-hellman.md,TC-MOR-C5,80,"- V145 added: `validate_maintenance_obligation_overdue` (TC-MOR-C5, 2026-07-08)",1,UNRECONCILED,,
mutable-exploring-hellman.md,TC-PFF-R1,81,"- V149 added: `validate_source_stubs` via `no_stub_scan.py` (TC-PFF-R1, 2026-07-09)",1,UNRECONCILED,,
mutable-exploring-hellman.md,TC-PQLM-026,86,- PQLM-001 Phase 4 residual closed (TC-PQLM-026 to TC-PQLM-029),2,UNRECONCILED,,
mutable-exploring-hellman.md,TC-PQLM-029,86,- PQLM-001 Phase 4 residual closed (TC-PQLM-026 to TC-PQLM-029),2,UNRECONCILED,,
mutable-exploring-hellman.md,TC-CQGA-033-02,199,- `@validator` decorator contract (TC-CQGA-033-02 — the pattern is correct),1,UNRECONCILED,,
mutable-exploring-hellman.md,TC-CQGA-033-04,200,- Skill command files with blocking validator IDs (TC-CQGA-033-04 — correct direction),2,UNRECONCILED,,
mutable-exploring-hellman.md,TC-CQGA2-011,870,## PHASE B: GAP LEDGER TASKCARD (TC-CQGA2-011),20,UNRECONCILED,,
mutable-exploring-hellman.md,TC-CQGA2-018,1627,## PHASE D: PILOT TASKCARDS (TC-CQGA2-018 through TC-CQGA2-031),11,UNRECONCILED,,
mutable-exploring-hellman.md,TC-CQGA2-029,1811,### TC-CQGA2-029 (PILOT-12): Idempotency,6,UNRECONCILED,,
mutable-exploring-hellman.md,TC-CQGA2-002,492,### TC-CQGA2-002: Inventory V1-V167 Delta,6,UNRECONCILED,,
mutable-exploring-hellman.md,TC-CQGA2-003,517,### TC-CQGA2-003: Verify Code-Creation and Modification Path Accuracy,4,UNRECONCILED,,
mutable-exploring-hellman.md,TC-CQGA2-004,565,"### TC-CQGA2-004: Audit Organization, Naming, Hierarchy (Delta Only)",3,UNRECONCILED,,
mutable-exploring-hellman.md,TC-CQGA2-005,603,### TC-CQGA2-005: Audit Writing Practices — V149 and V105/V106 Window,3,UNRECONCILED,,
mutable-exploring-hellman.md,TC-CQGA2-006,648,### TC-CQGA2-006: Audit Comments/Docs — V87 Demotion Impact,3,UNRECONCILED,,
mutable-exploring-hellman.md,TC-CQGA2-007,680,"### TC-CQGA2-007: Audit Traceability — SAL State, CQG-008/013",3,UNRECONCILED,,
mutable-exploring-hellman.md,TC-CQGA2-008,718,### TC-CQGA2-008: Audit Review/Acceptance — Grader and Closeout Integrity,3,UNRECONCILED,,
mutable-exploring-hellman.md,TC-CQGA2-009,756,### TC-CQGA2-009: Audit Promotion/Reopening — promotion-ledger.yaml,3,UNRECONCILED,,
mutable-exploring-hellman.md,TC-CQGA2-010,464,## PHASE A: AUDIT TASKCARDS (TC-CQGA2-001 through TC-CQGA2-010),10,UNRECONCILED,,
mutable-exploring-hellman.md,TC-CQGA2-012,916,## PHASE C: REPAIR TASKCARDS (TC-CQGA2-012 through TC-CQGA2-017),20,UNRECONCILED,,
mutable-exploring-hellman.md,TC-CQGA2-013,1144,### TC-CQGA2-013 (PARENT): Repair 2 — Declaration Integrity Check,16,UNRECONCILED,,
mutable-exploring-hellman.md,TC-CQGA2-016,1493,### TC-CQGA2-016 (PARENT): Repair 5A — SAL Population Gate,9,UNRECONCILED,,
mutable-exploring-hellman.md,TC-CQGA2-014,1376,### TC-CQGA2-014 (PARENT): Repair 3 — Validator Functional Tests,10,UNRECONCILED,,
mutable-exploring-hellman.md,TC-CQGA2-015,1439,### TC-CQGA2-015 (PARENT): Repair 4 — Pre-commit Installation Verification,9,UNRECONCILED,,
mutable-exploring-hellman.md,TC-CQGA2-017,916,## PHASE C: REPAIR TASKCARDS (TC-CQGA2-012 through TC-CQGA2-017),12,UNRECONCILED,,
mutable-exploring-hellman.md,TC-018,445,All Phase D pilots (TC-018 through TC-031) in sequence,2,UNRECONCILED,,
mutable-exploring-hellman.md,TC-031,445,All Phase D pilots (TC-018 through TC-031) in sequence,1,UNRECONCILED,,
mutable-exploring-hellman.md,TC-011,453,- TC-CQGA2-012 + TC-CQGA2-016 + TC-CQGA2-017: parallel after TC-011,12,UNRECONCILED,,
mutable-exploring-hellman.md,TC-012,454,- TC-CQGA2-013 + TC-CQGA2-014 + TC-CQGA2-015: parallel after TC-012 closes,2,UNRECONCILED,,
mutable-exploring-hellman.md,TC-CQGA2-001-01,476,- TC-CQGA2-001-01: Read CQGA-001 audit report in full; record current head git SHA,2,UNRECONCILED,,
mutable-exploring-hellman.md,TC-CQGA2-001-02,477,- TC-CQGA2-001-02: Run `git log dc1d94d8..HEAD --oneline` and classify each commit into:,2,UNRECONCILED,,
mutable-exploring-hellman.md,TC-CQGA2-001-03,479,- TC-CQGA2-001-03: Write `.local/evidences/CQGA-002/planning/mission.yaml` with classified commit list,3,UNRECONCILED,,
mutable-exploring-hellman.md,TC-001,493,**Type:** PARENT | **Status:** READY (after TC-001 CLOSED) | **REQ:** REQ-CQGA2-009,2,UNRECONCILED,,
mutable-exploring-hellman.md,TC-CQGA2-002-01,499,- TC-CQGA2-002-01: Confirm expected_count=167 in `governance_validator_runner.py`; list V145 and V149 registration entries,1,UNRECONCILED,,
mutable-exploring-hellman.md,TC-CQGA2-002-02,1551,#### TC-CQGA2-017-01: Resolve V87 discrepancy (from TC-CQGA2-002-02 findings),6,UNRECONCILED,,
mutable-exploring-hellman.md,TC-CQGA2-002-03,501,- TC-CQGA2-002-03: Read V145 definition; classify as AUTHORITATIVE_AND_ENFORCED or ADVISORY_ONLY; note blocks_sprint value,1,UNRECONCILED,,
mutable-exploring-hellman.md,TC-CQGA2-002-04,502,- TC-CQGA2-002-04: Read V149 registration in runner (already found at line 757); confirm blocks_sprint value,1,UNRECONCILED,,
mutable-exploring-hellman.md,TC-CQGA2-002-05,503,- TC-CQGA2-002-05: Write `.local/evidences/CQGA-002/planning/validator-delta-table.yaml`,3,UNRECONCILED,,
mutable-exploring-hellman.md,TC-002,518,**Type:** PARENT | **Status:** READY (after TC-002) | **REQ:** REQ-CQGA2-009,1,UNRECONCILED,,
mutable-exploring-hellman.md,TC-CQGA2-003-01,521,- TC-CQGA2-003-01: Read `.claude/commands/add-python-api.md` → verify V100/V102/V104/V109 listed in Governance Validators section,2,UNRECONCILED,,
mutable-exploring-hellman.md,TC-CQGA2-003-02,522,- TC-CQGA2-003-02: Read `.claude/commands/add-dotnet-api.md` → verify V90/V91/V92/V95/V105/V106/V108/V109 listed,2,UNRECONCILED,,
mutable-exploring-hellman.md,TC-CQGA2-003-03,523,- TC-CQGA2-003-03: Check if V145 or V149 should be added to these skill files (per TC-CQGA-033-04 pattern),2,UNRECONCILED,,
mutable-exploring-hellman.md,TC-CQGA2-003-04,524,- TC-CQGA2-003-04: Search `.claude/commands/` for any skill files added since CQGA-001 that touch src/python/ or src/net/,2,UNRECONCILED,,
mutable-exploring-hellman.md,TC-CQGA2-003-05,525,- TC-CQGA2-003-05: Confirm CCP-BYPASS (direct Edit/Bash) still has no preventive gate; V149 is detective only,2,UNRECONCILED,,
mutable-exploring-hellman.md,TC-003,566,**Type:** PARENT | **Status:** READY (after TC-003) | **REQ:** REQ-CQGA2-009,1,UNRECONCILED,,
mutable-exploring-hellman.md,TC-CQGA2-004-01,569,- TC-CQGA2-004-01: Read `docs/code-quality/product-file-layout-contract.yaml` — check if any new per-file layout entries added since CQGA-001,2,UNRECONCILED,,
mutable-exploring-hellman.md,TC-CQGA2-004-02,570,- TC-CQGA2-004-02: Verify FODS gitignore fix (commit 5eae2cd7) — does it affect tracked source files?,2,UNRECONCILED,,
mutable-exploring-hellman.md,TC-CQGA2-004-03,571,- TC-CQGA2-004-03: Confirm V109 still enforces approved_layout for FODS; confirm V100 pattern list unchanged,2,UNRECONCILED,,
mutable-exploring-hellman.md,TC-CQGA2-004-04,572,- TC-CQGA2-004-04: CQG-012 status: still OPEN_DESIGN_GAP (19/20 formats no per-file layout)?,2,UNRECONCILED,,
mutable-exploring-hellman.md,TC-004,604,**Type:** PARENT | **Status:** READY (after TC-004) | **REQ:** REQ-CQGA2-009,2,UNRECONCILED,,
mutable-exploring-hellman.md,TC-CQGA2-005-01,607,- TC-CQGA2-005-01: Read `no_stub_scan.py` fully; confirm FORBIDDEN_TERMS list and allowlist patterns,2,UNRECONCILED,,
mutable-exploring-hellman.md,TC-CQGA2-005-02,608,"- TC-CQGA2-005-02: Run V149 live: `python -c ""from tools.review.no_stub_scan import scan_path; import json; print(json.dumps(scan_path('src/python/csv'), indent=2)[:2000])""` on a format",2,UNRECONCILED,,
mutable-exploring-hellman.md,TC-CQGA2-005-03,609,- TC-CQGA2-005-03: Confirm V149 blocks_sprint value by reading runner line 757-765,2,UNRECONCILED,,
mutable-exploring-hellman.md,TC-CQGA2-005-04,610,- TC-CQGA2-005-04: Read GOV-WINDOW-FIX-001 commit (`6bc5ad75`) — what exactly was masked before?,2,UNRECONCILED,,
mutable-exploring-hellman.md,TC-CQGA2-005-05,611,- TC-CQGA2-005-05: Live-test V105: synthesize a declaration with a new .NET file containing a getter without XML read path; call validate_getter_without_parser_source; confirm FAIL,2,UNRECONCILED,,
mutable-exploring-hellman.md,TC-005,649,**Type:** PARENT | **Status:** READY (after TC-005) | **REQ:** REQ-CQGA2-009,1,UNRECONCILED,,
mutable-exploring-hellman.md,TC-CQGA2-006-01,653,- TC-CQGA2-006-01: Based on TC-CQGA2-002-02 findings — document what V87 actually covers post-demotion,2,UNRECONCILED,,
mutable-exploring-hellman.md,TC-CQGA2-006-02,654,"- TC-CQGA2-006-02: Assess whether V87 demotion creates a governance documentation gap (if V87 covered comments/README accuracy, WARN-only is weaker)",2,UNRECONCILED,,
mutable-exploring-hellman.md,TC-CQGA2-006-03,655,- TC-CQGA2-006-03: Check V88/V89 still FAIL-level for relevant .NET documentation validators,2,UNRECONCILED,,
mutable-exploring-hellman.md,TC-CQGA2-010-07,658,- MS-006-01-01: Read `root-cause-proof-bundle.yaml` (from TC-CQGA2-010-07) — find `v87_discrepancy_resolution` field,6,UNRECONCILED,,
mutable-exploring-hellman.md,TC-006,681,**Type:** PARENT | **Status:** READY (after TC-006) | **REQ:** REQ-CQGA2-009,1,UNRECONCILED,,
mutable-exploring-hellman.md,TC-CQGA2-007-01,684,- TC-CQGA2-007-01: Check `.local/supervisor/sal-facts-latest.json` existence and content size,2,UNRECONCILED,,
mutable-exploring-hellman.md,TC-CQGA2-007-02,685,- TC-CQGA2-007-02: If SAL exists: call V13 with a bad spec_fact_ref → confirm FAIL (not vacuous pass),2,UNRECONCILED,,
mutable-exploring-hellman.md,TC-CQGA2-007-03,686,- TC-CQGA2-007-03: Inspect PQLM-001 Phase 4 commits (TC-PQLM-026 to TC-PQLM-029) — did they affect traceability?,2,UNRECONCILED,,
mutable-exploring-hellman.md,TC-CQGA2-007-04,687,- TC-CQGA2-007-04: Confirm CQG-008 and CQG-013 status unchanged (or document improvement),2,UNRECONCILED,,
mutable-exploring-hellman.md,TC-PQLM-02,703,"- MS-007-03-01: `git log --oneline` | grep -i ""pqlm\|TC-PQLM-02[6-9]"" → find the 4 commits",1,UNRECONCILED,,
mutable-exploring-hellman.md,TC-007,719,**Type:** PARENT | **Status:** READY (after TC-007) | **REQ:** REQ-CQGA2-009,1,UNRECONCILED,,
mutable-exploring-hellman.md,TC-CQGA2-008-01,722,- TC-CQGA2-008-01: Verify `proof_adequacy_contract.py` still classifies WEAK_PROOF → adequate=False (read lines defining classify logic),2,UNRECONCILED,,
mutable-exploring-hellman.md,TC-CQGA2-008-02,723,- TC-CQGA2-008-02: Check CI fix commits (3b1d7443) — did any change grader behavior?,2,UNRECONCILED,,
mutable-exploring-hellman.md,TC-CQGA2-008-03,724,"- TC-CQGA2-008-03: Verify fallback_grade_cap=""ACCEPTED_WITH_LIMITATIONS"" still enforced in `grade_intermediate_verify.py`",2,UNRECONCILED,,
mutable-exploring-hellman.md,TC-CQGA2-008-04,725,- TC-CQGA2-008-04: Confirm `validate_skill_contracts.py` extended check (TC-CQGA-033-03) still functional,2,UNRECONCILED,,
mutable-exploring-hellman.md,TC-CQGA-033-03,725,- TC-CQGA2-008-04: Confirm `validate_skill_contracts.py` extended check (TC-CQGA-033-03) still functional,2,UNRECONCILED,,
mutable-exploring-hellman.md,TC-008,757,**Type:** PARENT | **Status:** READY (after TC-008) | **REQ:** REQ-CQGA2-009,1,UNRECONCILED,,
mutable-exploring-hellman.md,TC-CQGA2-009-01,760,- TC-CQGA2-009-01: Read `registry/promotion-ledger.yaml` — has any entry been promoted to PROMOTED_STABLE?,2,UNRECONCILED,,
mutable-exploring-hellman.md,TC-CQGA2-009-02,761,- TC-CQGA2-009-02: Verify `autonomous_cycle.py` reopening trigger still at lines ~1039/1063; read those lines,3,UNRECONCILED,,
mutable-exploring-hellman.md,TC-CQGA2-009-03,762,- TC-CQGA2-009-03: Confirm CQG-006 (name-only hash) still PARTIALLY_FIXED (no signature hash added),2,UNRECONCILED,,
mutable-exploring-hellman.md,TC-CQGA2-009-04,763,- TC-CQGA2-009-04: Verify V119 `validate_promoted_code_changed_without_reopening` registered in runner,2,UNRECONCILED,,
mutable-exploring-hellman.md,TC-009,795,**Type:** PARENT | **Status:** READY (after TC-009) | **REQ:** REQ-CQGA2-009,2,UNRECONCILED,,
mutable-exploring-hellman.md,TC-CQGA2-010-01,799,- TC-CQGA2-010-01: Prove RCA-A: run `check_continuation.py` Check 8 logic manually; show only 2 of 4 GOV_BLOCK are checked,2,UNRECONCILED,,
mutable-exploring-hellman.md,TC-CQGA2-010-02,800,- TC-CQGA2-010-02: Prove RCA-B: show that governance_validators_ext3.py line 896 reads `changed_files` from declaration (not git),2,UNRECONCILED,,
mutable-exploring-hellman.md,TC-CQGA2-010-03,801,- TC-CQGA2-010-03: Prove RCA-C: show `expected_count=167` test in test file; show it does not call any validator with bad input,2,UNRECONCILED,,
mutable-exploring-hellman.md,TC-CQGA2-010-04,802,- TC-CQGA2-010-04: Prove RCA-D: show V87 commit has no gap ledger entry,2,UNRECONCILED,,
mutable-exploring-hellman.md,TC-CQGA2-010-05,803,- TC-CQGA2-010-05: Prove RCA-E: check `.git/hooks/pre-commit` existence,3,UNRECONCILED,,
mutable-exploring-hellman.md,TC-CQGA2-010-06,804,- TC-CQGA2-010-06: Prove RCA-F: show V13/V47 pass-through when SAL absent (read their code),2,UNRECONCILED,,
mutable-exploring-hellman.md,TC-CQGA2-011-01,881,**TC-CQGA2-011-01: Re-assess 7 open gaps**,1,UNRECONCILED,,
mutable-exploring-hellman.md,TC-CQGA2-011-02,887,**TC-CQGA2-011-02: Add 6 new gaps**,1,UNRECONCILED,,
mutable-exploring-hellman.md,TC-CQGA2-011-03,906,**TC-CQGA2-011-03: Validate updated ledger**,2,UNRECONCILED,,
mutable-exploring-hellman.md,TC-CQGA2-012-01,949,#### TC-CQGA2-012-01: Read check_continuation.py GOV_BLOCK section,2,UNRECONCILED,,
mutable-exploring-hellman.md,TC-CQGA2-012-02,970,#### TC-CQGA2-012-02: Create governance_block_registry.py,5,UNRECONCILED,,
mutable-exploring-hellman.md,TC-GOVBLK-001,989,# Original 2 — wired since TC-GOVBLK-001,1,UNRECONCILED,,
mutable-exploring-hellman.md,TC-CQGA2-012-03,1023,#### TC-CQGA2-012-03: Wire registry into check_continuation.py,3,UNRECONCILED,,
mutable-exploring-hellman.md,TC-CQGA2-012-04,1056,#### TC-CQGA2-012-04: Update CLAUDE.md GOV_BLOCK section,2,UNRECONCILED,,
mutable-exploring-hellman.md,TC-CQGA2-012-05,1072,#### TC-CQGA2-012-05: Create test_governance_block_registry.py,6,UNRECONCILED,,
mutable-exploring-hellman.md,TC-CQGA2-028,1795,### TC-CQGA2-028 (PILOT-11): Bypass attempt via undeclared file — Repair 2 test,5,UNRECONCILED,,
mutable-exploring-hellman.md,TC-CQGA2-013-01,1163,#### TC-CQGA2-013-01: Read autonomous_cycle.py declaration-parse section,3,UNRECONCILED,,
mutable-exploring-hellman.md,TC-CQGA2-013-02,1176,#### TC-CQGA2-013-02: Create declaration_integrity_check.py,4,UNRECONCILED,,
mutable-exploring-hellman.md,TC-CQGA2-013-03,1262,#### TC-CQGA2-013-03: Wire into autonomous_cycle.py as Step 0a,3,UNRECONCILED,,
mutable-exploring-hellman.md,TC-CQGA2-013-04,1302,#### TC-CQGA2-013-04: Create test_declaration_integrity.py,5,UNRECONCILED,,
mutable-exploring-hellman.md,TC-CQGA2-014-01,1394,#### TC-CQGA2-014-01: Inspect governance test directory,3,UNRECONCILED,,
mutable-exploring-hellman.md,TC-CQGA2-014-02,1399,"#### TC-CQGA2-014-02: Build make_minimal_declaration helper and 5 P0 tests (V100, V102, V104, V109, V149)",3,UNRECONCILED,,
mutable-exploring-hellman.md,TC-CQGA2-014-03,1418,"#### TC-CQGA2-014-03: Add 5 remaining P0 tests (V105, V106, 3 GOV_BLOCK)",3,UNRECONCILED,,
mutable-exploring-hellman.md,TC-CQGA2-015-01,1452,#### TC-CQGA2-015-01: Add _check_precommit_installed to autonomous_cycle.py,3,UNRECONCILED,,
mutable-exploring-hellman.md,TC-013,1453,**Prereq:** TC-CQGA2-013-03 CLOSED (TC-013 has already edited autonomous_cycle.py; sequential),2,UNRECONCILED,,
mutable-exploring-hellman.md,TC-CQGA2-015-02,1474,#### TC-CQGA2-015-02: Update AGENTS.md §A-precommit,3,UNRECONCILED,,
mutable-exploring-hellman.md,TC-CQGA2-016-01,1499,#### TC-CQGA2-016-01: Inspect sprint_executor_validate.py phase structure,2,UNRECONCILED,,
mutable-exploring-hellman.md,TC-CQGA2-016-02,1505,#### TC-CQGA2-016-02: Add Phase 14 function,2,UNRECONCILED,,
mutable-exploring-hellman.md,TC-CQGA2-017-01,1551,#### TC-CQGA2-017-01: Resolve V87 discrepancy (from TC-CQGA2-002-02 findings),3,UNRECONCILED,,
mutable-exploring-hellman.md,TC-CQGA2-017-02,1555,#### TC-CQGA2-017-02: Create enforcement-level-change-policy.md,2,UNRECONCILED,,
mutable-exploring-hellman.md,TC-CQGA2-017-03,1595,#### TC-CQGA2-017-03: Add CQG-017 gap entry for V87 demotion,3,UNRECONCILED,,
mutable-exploring-hellman.md,TC-011-02,1617,Wait — TC-CQGA2-011 already accounts for CQG-017 in the 6 new gaps. So total stays 19 after TC-011-02 which adds CQG-014 through CQG-019.,1,UNRECONCILED,,
mutable-exploring-hellman.md,TC-CQGA2-031,1627,## PHASE D: PILOT TASKCARDS (TC-CQGA2-018 through TC-CQGA2-031),8,UNRECONCILED,,
mutable-exploring-hellman.md,TC-CQGA2-018-01,1644,- TC-CQGA2-018-01: Read `.claude/commands/add-python-api.md` — verify blocking validator IDs present (V100/V102/V104/V109),1,UNRECONCILED,,
mutable-exploring-hellman.md,TC-CQGA2-018-02,1645,"- TC-CQGA2-018-02: Call `validate_suspicious_filenames` with a synthetic declaration containing `src/python/csv/csv_misc.py` → assert FAIL, blocks_sprint=True",1,UNRECONCILED,,
mutable-exploring-hellman.md,TC-CQGA2-018-03,1646,- TC-CQGA2-018-03: Record PILOT_PASS evidence to `.local/evidences/CQGA-002/pilots/pilot-01-result.yaml`,1,UNRECONCILED,,
mutable-exploring-hellman.md,TC-CQGA2-019,1660,### TC-CQGA2-019 (PILOT-2): Existing code modification,4,UNRECONCILED,,
mutable-exploring-hellman.md,TC-CQGA2-019-01,1664,- TC-CQGA2-019-01: Read `/product-source-task` skill file — verify it requires complete-file context and V46 transcript,1,UNRECONCILED,,
mutable-exploring-hellman.md,TC-CQGA2-019-02,1665,- TC-CQGA2-019-02: Verify CCP-BYPASS (direct edit) still has no preventive gate,1,UNRECONCILED,,
mutable-exploring-hellman.md,TC-CQGA2-019-03,1666,"- TC-CQGA2-019-03: Record PILOT_PASS (context review is convention, detection via declaration_integrity_check added by Repair 2)",1,UNRECONCILED,,
mutable-exploring-hellman.md,TC-CQGA2-020,1677,### TC-CQGA2-020 (PILOT-3): Wrong file placement,4,UNRECONCILED,,
mutable-exploring-hellman.md,TC-CQGA2-021,1686,### TC-CQGA2-021 (PILOT-4): Wrong hierarchy ownership,3,UNRECONCILED,,
mutable-exploring-hellman.md,TC-CQGA2-022,1701,### TC-CQGA2-022 (PILOT-5): Weak code writing,5,UNRECONCILED,,
mutable-exploring-hellman.md,TC-CQGA2-023,1709,### TC-CQGA2-023 (PILOT-6): Documentation quality,4,UNRECONCILED,,
mutable-exploring-hellman.md,TC-CQGA2-024,1724,### TC-CQGA2-024 (PILOT-7): Ungoverned marker,4,UNRECONCILED,,
mutable-exploring-hellman.md,TC-CQGA2-025,1742,### TC-CQGA2-025 (PILOT-8): Traceability break,4,UNRECONCILED,,
mutable-exploring-hellman.md,TC-CQGA2-026,1761,### TC-CQGA2-026 (PILOT-9): Promotion baseline,3,UNRECONCILED,,
mutable-exploring-hellman.md,TC-CQGA2-027,1779,### TC-CQGA2-027 (PILOT-10): Reopening trigger,3,UNRECONCILED,,
mutable-exploring-hellman.md,TC-CQGA2-030,1821,### TC-CQGA2-030 (PILOT-13 NEW): Enforcement level demotion → ELP-001 fires,2,UNRECONCILED,,
mutable-exploring-hellman.md,TC-CQGA2-032-01,1860,**TC-CQGA2-032-01: Assemble evidence inventory**,1,UNRECONCILED,,
mutable-exploring-hellman.md,TC-032-03,1867,- MS-032-01-07: PRECONDITION CHECK: if any pilot-NN-result.yaml missing → BLOCKED; do not proceed to TC-032-03,1,UNRECONCILED,,
mutable-exploring-hellman.md,TC-CQGA2-032-02,1869,**TC-CQGA2-032-02: Compute required counters**,2,UNRECONCILED,,
mutable-exploring-hellman.md,TC-012-05,1871,"- MS-032-02-02: `GOV_BLOCK_LIST_INCONSISTENT_WITH_CLAUDE_MD` — run TC-012-05 test suite; if all pass=0, else count failures",1,UNRECONCILED,,
mutable-exploring-hellman.md,TC-CQGA2-032-03,1881,**TC-CQGA2-032-03: Write audit report**,2,UNRECONCILED,,
mutable-exploring-hellman.md,TC-032-01,1884,- MS-032-03-01: PRECONDITION — confirm TC-032-01 complete (all evidence present) and TC-032-02 complete (counters computed),1,UNRECONCILED,,
mutable-exploring-hellman.md,TC-032-02,1884,- MS-032-03-01: PRECONDITION — confirm TC-032-01 complete (all evidence present) and TC-032-02 complete (counters computed),1,UNRECONCILED,,
mutable-exploring-hellman.md,TC-CQGA2-032-04,1906,**TC-CQGA2-032-04: Run completion gate checks**,1,UNRECONCILED,,
mutable-exploring-hellman.md,TC-CQGA2-032-05,1923,**Reroute rule:** Any failed counter → create rework child taskcard TC-CQGA2-032-05 naming the exact counter and fix required.,1,UNRECONCILED,,
mutable-exploring-hellman.md,TC-032-04,1982,| TC-CQGA2-032 | Completion counters | All 9 counters from TC-032-04 micro-steps | All 9 pass their assertions | Yes |,1,UNRECONCILED,,
mutable-exploring-hellman.md,TC-016,2075,"- After TC-CQGA2-011 closes → start TC-CQGA2-012 (and optionally TC-016, TC-017 in parallel)",1,UNRECONCILED,,
mutable-exploring-hellman.md,TC-017,2075,"- After TC-CQGA2-011 closes → start TC-CQGA2-012 (and optionally TC-016, TC-017 in parallel)",1,UNRECONCILED,,
mutable-exploring-hellman.md,TC-013-03,2240,- `tools/supervisor/autonomous_cycle.py` (Repair 2 TC-013-03; Repair 4 TC-015-01),1,UNRECONCILED,,
mutable-exploring-hellman.md,TC-015-01,2240,- `tools/supervisor/autonomous_cycle.py` (Repair 2 TC-013-03; Repair 4 TC-015-01),1,UNRECONCILED,,
mutable-exploring-hellman.md,TC-012-04,2242,- `CLAUDE.md` (Repair 1 / TC-012-04; AGENTS §A2c / TC-015-02),1,UNRECONCILED,,
mutable-exploring-hellman.md,TC-015-02,2242,- `CLAUDE.md` (Repair 1 / TC-012-04; AGENTS §A2c / TC-015-02),2,UNRECONCILED,,
mutable-exploring-hellman.md,TC-017-03,2244,- `reports/code-quality/code-quality-governance-ledger.yaml` (TC-011; TC-017-03),1,UNRECONCILED,,
optimized-meandering-giraffe.md,TC-FIOP-004,230,### TC-FIOP-004 — Verify and Close FI-010 to FI-013: .NET LOC Investigation [OPEN],16,UNRECONCILED,,
optimized-meandering-giraffe.md,TC-FIOP-003,181,### TC-FIOP-003 — Heal or Close FI-008: Python LOC Violations [OPEN],15,UNRECONCILED,,
optimized-meandering-giraffe.md,TC-FIOP-000,59,### TC-FIOP-000 — Pre-Flight Reality Verification [OPEN],14,UNRECONCILED,,
optimized-meandering-giraffe.md,TC-ID,759,| TC-ID | STATUS |,2,UNRECONCILED,,
optimized-meandering-giraffe.md,TC-FIOP-001,99,### TC-FIOP-001 — Investigate Unstaged Modified Files [OPEN],6,UNRECONCILED,,
optimized-meandering-giraffe.md,TC-FIOP-011,571,### TC-FIOP-011 — Sprint Closeout [OPEN],6,UNRECONCILED,,
optimized-meandering-giraffe.md,TC-FIOP-009,448,### TC-FIOP-009 — Write Issue Accounting Report [OPEN],8,UNRECONCILED,,
optimized-meandering-giraffe.md,TC-FIOP-002,124,### TC-FIOP-002 — Create Missing Registers [OPEN],4,UNRECONCILED,,
optimized-meandering-giraffe.md,TC-FIOP-010,526,"### TC-FIOP-010 — Write Reports: Pilot Evidence, Regression, Enforcement, Idempotency [OPEN]",5,UNRECONCILED,,
optimized-meandering-giraffe.md,TC-FIOP-005,274,### TC-FIOP-005 — Add Section-21 Validators [OPEN],8,UNRECONCILED,,
optimized-meandering-giraffe.md,TC-FIOP-006,345,### TC-FIOP-006 — Execute Pilot 3: Test With Invalid Expectation [OPEN],7,UNRECONCILED,,
optimized-meandering-giraffe.md,TC-FIOP-007,376,"### TC-FIOP-007 — Execute Pilot 7: Invalid ""Pre-existing"" Dismissal Rejection [OPEN]",5,UNRECONCILED,,
optimized-meandering-giraffe.md,TC-FIOP-008,425,### TC-FIOP-008 — Execute Pilot 5: Flaky Failure [OPEN],5,UNRECONCILED,,
peppy-crafting-lark.md,TC-PCL-003,379,### TC-PCL-003: Redesign dom_maturity_promoter.py — add behavioral proof runner,17,UNRECONCILED,,
peppy-crafting-lark.md,TC-PCL-006,706,### TC-PCL-006: FODS D2 validation and ledger promotion,16,UNRECONCILED,,
peppy-crafting-lark.md,TC-PCL-004,482,### TC-PCL-004: Fix evidence declaration lane attribution,15,UNRECONCILED,,
peppy-crafting-lark.md,TC-PCL-002,284,### TC-PCL-002: Wire lane_selector into sprint generation,18,UNRECONCILED,,
peppy-crafting-lark.md,TC-PCL-001,204,### TC-PCL-001: Create the DOM Gap Generator,21,UNRECONCILED,,
peppy-crafting-lark.md,TC-PCL-005,569,### TC-PCL-005: Strengthen D2 contract + implement mutation API for FODS and FODT,25,UNRECONCILED,,
peppy-crafting-lark.md,TC-PCL-010,880,### TC-PCL-010: DOM baseline inventory — remaining FULL formats,16,UNRECONCILED,,
peppy-crafting-lark.md,TC-PCL-001-01,224,#### TC-PCL-001-01: Ledger reader and eligibility filter,4,UNRECONCILED,,
peppy-crafting-lark.md,TC-PCL-001-02,240,#### TC-PCL-001-02: Gap entry schema and ID generation,2,UNRECONCILED,,
peppy-crafting-lark.md,TC-PCL-001-03,255,#### TC-PCL-001-03: Idempotent append to gap-ledger.json,2,UNRECONCILED,,
peppy-crafting-lark.md,TC-PCL-001-04,269,#### TC-PCL-001-04: CLI and test suite,2,UNRECONCILED,,
peppy-crafting-lark.md,TC-PCL-008,777,### TC-PCL-008: End-to-end lane feedback loop verification,11,UNRECONCILED,,
peppy-crafting-lark.md,TC-PCL-009,834,### TC-PCL-009: Lane starvation end-to-end proof,11,UNRECONCILED,,
peppy-crafting-lark.md,TC-PCL-002-01,301,#### TC-PCL-002-01: Locate sprint prompt generation entry point,3,UNRECONCILED,,
peppy-crafting-lark.md,TC-PCL-002-02,312,#### TC-PCL-002-02: Add lane decision computation,2,UNRECONCILED,,
peppy-crafting-lark.md,TC-PCL-002-03,333,#### TC-PCL-002-03: Add DOM gap priority ordering,2,UNRECONCILED,,
peppy-crafting-lark.md,TC-PCL-002-04,349,#### TC-PCL-002-04: Add lane section to sprint prompt header,2,UNRECONCILED,,
peppy-crafting-lark.md,TC-PCL-002-05,367,#### TC-PCL-002-05: Test suite,2,UNRECONCILED,,
peppy-crafting-lark.md,TC-PCL-007,742,### TC-PCL-007: FODT D2 validation and ledger promotion,13,UNRECONCILED,,
peppy-crafting-lark.md,TC-PCL-003-01,395,#### TC-PCL-003-01: Create dom-proofs directory and proof definition format,2,UNRECONCILED,,
peppy-crafting-lark.md,TC-PCL-003-02,418,#### TC-PCL-003-02: Add proof runner to dom_maturity_promoter.py,3,UNRECONCILED,,
peppy-crafting-lark.md,TC-PCL-003-03,468,#### TC-PCL-003-03: Test suite for behavioral proof runner,2,UNRECONCILED,,
peppy-crafting-lark.md,TC-PCL-004-01,492,#### TC-PCL-004-01: Read and understand update_lane_counters() current code,2,UNRECONCILED,,
peppy-crafting-lark.md,TC-PCL-004-02,503,#### TC-PCL-004-02: Add gap_id fallback,3,UNRECONCILED,,
peppy-crafting-lark.md,TC-PCL-004-03,527,#### TC-PCL-004-03: Add schema documentation for deepening_lane field,2,UNRECONCILED,,
peppy-crafting-lark.md,TC-PCL-004-04,540,#### TC-PCL-004-04: Add WARN validator in sprint_executor_validate.py,2,UNRECONCILED,,
peppy-crafting-lark.md,TC-PCL-004-05,556,#### TC-PCL-004-05: Test suite,2,UNRECONCILED,,
peppy-crafting-lark.md,TC-PCL-005-01,583,#### TC-PCL-005-01: Investigate FODS writer serialization path,3,UNRECONCILED,,
peppy-crafting-lark.md,TC-PCL-005-02,595,#### TC-PCL-005-02: Add FodsDocument.to_file() method,5,UNRECONCILED,,
peppy-crafting-lark.md,TC-PCL-005-03,611,#### TC-PCL-005-03: Investigate FODT writer and add mutation API,5,UNRECONCILED,,
peppy-crafting-lark.md,TC-PCL-005-04,630,#### TC-PCL-005-04: Update D2 contract in policies.yaml,3,UNRECONCILED,,
peppy-crafting-lark.md,TC-PCL-005-05,645,#### TC-PCL-005-05: Create FODS mutation roundtrip test,2,UNRECONCILED,,
peppy-crafting-lark.md,TC-PCL-005-06,671,#### TC-PCL-005-06: Create FODT mutation roundtrip test,2,UNRECONCILED,,
peppy-crafting-lark.md,TC-PCL-006-01,715,#### TC-PCL-006-01: Run FODS D2 proof via promoter,2,UNRECONCILED,,
peppy-crafting-lark.md,TC-PCL-006-02,725,#### TC-PCL-006-02: Record D2 proof in dom-proofs file,2,UNRECONCILED,,
peppy-crafting-lark.md,TC-PCL-006-03,733,#### TC-PCL-006-03: Regression check,2,UNRECONCILED,,
peppy-crafting-lark.md,TC-PCL-007-01,750,#### TC-PCL-007-01: Run FODT D2 proof via promoter,2,UNRECONCILED,,
peppy-crafting-lark.md,TC-PCL-007-02,760,#### TC-PCL-007-02: Record D2 proof in dom-proofs file,2,UNRECONCILED,,
peppy-crafting-lark.md,TC-PCL-007-03,768,#### TC-PCL-007-03: Regression check,2,UNRECONCILED,,
peppy-crafting-lark.md,TC-PCL-008-01,785,#### TC-PCL-008-01: Verify DOM gaps exist and are selectable,2,UNRECONCILED,,
peppy-crafting-lark.md,TC-PCL-008-02,794,#### TC-PCL-008-02: Verify sprint prompt includes lane section,3,UNRECONCILED,,
peppy-crafting-lark.md,TC-PCL-008-03,805,#### TC-PCL-008-03: Verify lane counter update from simulated declaration,2,UNRECONCILED,,
peppy-crafting-lark.md,TC-PCL-008-04,817,#### TC-PCL-008-04: Verify promoter returns D2 for FODS and FODT,2,UNRECONCILED,,
peppy-crafting-lark.md,TC-PCL-008-05,826,#### TC-PCL-008-05: Full loop narrative proof,2,UNRECONCILED,,
peppy-crafting-lark.md,TC-PCL-009-01,841,#### TC-PCL-009-01: Test starvation fires for Lane A,2,UNRECONCILED,,
peppy-crafting-lark.md,TC-PCL-009-02,852,#### TC-PCL-009-02: Test starvation fires for Lane B,2,UNRECONCILED,,
peppy-crafting-lark.md,TC-PCL-009-03,862,#### TC-PCL-009-03: Verify determinism,2,UNRECONCILED,,
peppy-crafting-lark.md,TC-PCL-009-04,871,#### TC-PCL-009-04: Record starvation threshold value,2,UNRECONCILED,,
peppy-crafting-lark.md,TC-PCL-010-01,888,#### TC-PCL-010-01: Inventory ODS and ODT DOM depth,2,UNRECONCILED,,
peppy-crafting-lark.md,TC-PCL-010-02,900,#### TC-PCL-010-02: Inventory FODP and FODG DOM depth,2,UNRECONCILED,,
peppy-crafting-lark.md,TC-PCL-010-03,910,#### TC-PCL-010-03: Inventory ABW and GNUMERIC DOM depth,2,UNRECONCILED,,
peppy-crafting-lark.md,TC-PCL-010-04,920,#### TC-PCL-010-04: Run DOM gap generator for remaining formats,2,UNRECONCILED,,
peppy-crafting-lark.md,TC-PCL-011,930,### TC-PCL-011: Regression controls and idempotency suite,11,UNRECONCILED,,
peppy-crafting-lark.md,TC-PCL-011-01,937,#### TC-PCL-011-01: Idempotency regression tests,2,UNRECONCILED,,
peppy-crafting-lark.md,TC-PCL-011-02,949,#### TC-PCL-011-02: Lane counter fallback regression tests,2,UNRECONCILED,,
peppy-crafting-lark.md,TC-PCL-011-03,959,#### TC-PCL-011-03: Existing test regression check,2,UNRECONCILED,,
peppy-crafting-lark.md,TC-PCL-011-04,969,#### TC-PCL-011-04: Governance validator regression check,2,UNRECONCILED,,
peppy-crafting-lark.md,TC-PCL-012,978,### TC-PCL-012: Final product-deepening baseline documentation,10,UNRECONCILED,,
peppy-crafting-lark.md,TC-PCL-012-01,986,#### TC-PCL-012-01: Per-format DOM baseline reports,2,UNRECONCILED,,
peppy-crafting-lark.md,TC-PCL-012-02,996,#### TC-PCL-012-02: Product-deepening maturity report,2,UNRECONCILED,,
peppy-crafting-lark.md,TC-PCL-012-03,1005,#### TC-PCL-012-03: Dual-lane final report,2,UNRECONCILED,,
peppy-crafting-lark.md,TC-PCL-012-04,1013,#### TC-PCL-012-04: Final audit,2,UNRECONCILED,,
peppy-crafting-lark.md,TC-PCL-XXX,1099,tc_id: TC-PCL-XXX,1,UNRECONCILED,,
peppy-crafting-lark.md,TC-ID,1193,| TC-ID | Title | Status |,1,UNRECONCILED,,
playful-discovering-thunder.md,TC-RR-001,48,### Correction 2 — TC-RR-001 producer investigation was wrong,20,UNRECONCILED,,
playful-discovering-thunder.md,TC-RR-002,720,#### TC-RR-001-04 — Record decision and update TC-RR-002,34,UNRECONCILED,,
playful-discovering-thunder.md,TC-RR-003,883,### TC-RR-003 — CODE: V91 Resurrection WARN → FAIL,19,UNRECONCILED,,
playful-discovering-thunder.md,TC-ROOT-002,103,- Registry marks `state/` as `retention: DELETED` since TC-ROOT-002.,2,UNRECONCILED,,
playful-discovering-thunder.md,TC-RR-001b,206,beyond state/. Mitigation: audit all DELETED entries before applying (TC-RR-001b).,1,UNRECONCILED,,
playful-discovering-thunder.md,TC-RR-004,1041,### TC-RR-004 — CODE: V91 Source-Test Parity Check,11,UNRECONCILED,,
playful-discovering-thunder.md,TC-RR-005,1166,### TC-RR-005 — CODE: V91 README Content Floor Check,10,UNRECONCILED,,
playful-discovering-thunder.md,TC-RR-006,1277,### TC-RR-006 — CODE: check_new_root_dirs.py Pre-Commit Script,10,UNRECONCILED,,
playful-discovering-thunder.md,TC-RR-007,1337,### TC-RR-007 — CONFIG: Wire Pre-Commit Hook,6,UNRECONCILED,,
playful-discovering-thunder.md,TC-RR-008,1404,### TC-RR-008 — CODE: V91 Registry Producer Integrity Check,8,UNRECONCILED,,
playful-discovering-thunder.md,TC-RR-009,1504,### TC-RR-009 — README: Repair 6 Priority READMEs,8,UNRECONCILED,,
playful-discovering-thunder.md,TC-RR-010,1622,### TC-RR-010 — TEST: Root Folder Governance Test Suite,13,UNRECONCILED,,
playful-discovering-thunder.md,TC-RR-011,1726,### TC-RR-011 — REPORT: Formal Recon Report,10,UNRECONCILED,,
playful-discovering-thunder.md,TC-RR-012,1802,### TC-RR-012 — CLOSEOUT: Terminal Closeout and Idempotency,11,UNRECONCILED,,
playful-discovering-thunder.md,TC-RR-001-01,592,#### TC-RR-001-01 — Read state/ file contents,4,UNRECONCILED,,
playful-discovering-thunder.md,TC-RR-001-02,634,#### TC-RR-001-02 — Search codebase for state/ write patterns,3,UNRECONCILED,,
playful-discovering-thunder.md,TC-RR-001-03,680,#### TC-RR-001-03 — Audit all DELETED registry entries,5,UNRECONCILED,,
playful-discovering-thunder.md,TC-RR-001-04,720,#### TC-RR-001-04 — Record decision and update TC-RR-002,4,UNRECONCILED,,
playful-discovering-thunder.md,TC-RR-002-01,802,#### TC-RR-002-01 — Verify no downstream reads depend on state/,5,UNRECONCILED,,
playful-discovering-thunder.md,TC-RR-002-02,825,#### TC-RR-002-02 — Execute resolution,4,UNRECONCILED,,
playful-discovering-thunder.md,TC-RR-002-03,857,#### TC-RR-002-03 — Update registry and verify,4,UNRECONCILED,,
playful-discovering-thunder.md,TC-RR-003-01,929,#### TC-RR-003-01 — Edit V91 resurrection severity,5,UNRECONCILED,,
playful-discovering-thunder.md,TC-RR-003-02,966,#### TC-RR-003-02 — Update test file,5,UNRECONCILED,,
playful-discovering-thunder.md,TC-RR-003-03,1005,#### TC-RR-003-03 — Run and verify test suite,7,UNRECONCILED,,
playful-discovering-thunder.md,TC-RR-004-01,1070,#### TC-RR-004-01 — Add _check_source_test_parity(),6,UNRECONCILED,,
playful-discovering-thunder.md,TC-RR-004-02,1093,#### TC-RR-004-02 — Replace Check 4 with new function,4,UNRECONCILED,,
playful-discovering-thunder.md,TC-RR-004-03,1117,#### TC-RR-004-03 — Add unit tests for new check,4,UNRECONCILED,,
playful-discovering-thunder.md,TC-RR-004-04,1142,#### TC-RR-004-04 — Run tests and verify,5,UNRECONCILED,,
playful-discovering-thunder.md,TC-RR-005-01,1192,#### TC-RR-005-01 — Add _check_readme_content_floor(),4,UNRECONCILED,,
playful-discovering-thunder.md,TC-RR-005-02,1207,#### TC-RR-005-02 — Call floor check inside Check 2,4,UNRECONCILED,,
playful-discovering-thunder.md,TC-RR-005-03,1236,#### TC-RR-005-03 — Add unit tests,4,UNRECONCILED,,
playful-discovering-thunder.md,TC-RR-005-04,1256,#### TC-RR-005-04 — Run and verify,6,UNRECONCILED,,
playful-discovering-thunder.md,TC-RR-006-01,1299,#### TC-RR-006-01 — Write check_new_root_dirs.py,4,UNRECONCILED,,
playful-discovering-thunder.md,TC-RR-006-02,1318,#### TC-RR-006-02 — Manual smoke test,4,UNRECONCILED,,
playful-discovering-thunder.md,TC-RR-007-01,1359,#### TC-RR-007-01 — Edit .pre-commit-config.yaml,4,UNRECONCILED,,
playful-discovering-thunder.md,TC-RR-007-02,1385,#### TC-RR-007-02 — Verify hook syntax,5,UNRECONCILED,,
playful-discovering-thunder.md,TC-RR-008-01,1431,#### TC-RR-008-01 — Add integrity check function,4,UNRECONCILED,,
playful-discovering-thunder.md,TC-RR-008-02,1445,#### TC-RR-008-02 — Call in V91 for each RETAIN entry,4,UNRECONCILED,,
playful-discovering-thunder.md,TC-RR-008-03,1468,#### TC-RR-008-03 — Add unit test,4,UNRECONCILED,,
playful-discovering-thunder.md,TC-RR-008-04,1485,#### TC-RR-008-04 — Run and record findings,3,UNRECONCILED,,
playful-discovering-thunder.md,TC-RR-009-01,1535,#### TC-RR-009-01 — src/README.md,6,UNRECONCILED,,
playful-discovering-thunder.md,TC-RR-009-02,1577,#### TC-RR-009-02 through TC-RR-009-06,4,UNRECONCILED,,
playful-discovering-thunder.md,TC-RR-009-03,1525,- TC-RR-009-03: tools/_readme.md,3,UNRECONCILED,,
playful-discovering-thunder.md,TC-RR-009-04,1526,- TC-RR-009-04: registry/README.md,3,UNRECONCILED,,
playful-discovering-thunder.md,TC-RR-009-05,1527,- TC-RR-009-05: plans/README.md,3,UNRECONCILED,,
playful-discovering-thunder.md,TC-RR-009-06,1577,#### TC-RR-009-02 through TC-RR-009-06,4,UNRECONCILED,,
playful-discovering-thunder.md,TC-RR-010-01,1648,#### TC-RR-010-01 — Write test file skeleton,4,UNRECONCILED,,
playful-discovering-thunder.md,TC-RR-010-02,1662,#### TC-RR-010-02 — Pre-commit script tests,3,UNRECONCILED,,
playful-discovering-thunder.md,TC-RR-010-03,1682,#### TC-RR-010-03 — V91 integration scenarios,3,UNRECONCILED,,
playful-discovering-thunder.md,TC-RR-010-04,1703,#### TC-RR-010-04 — Run full suite,5,UNRECONCILED,,
playful-discovering-thunder.md,TC-RR-011-01,1760,#### TC-RR-011-01 — Create directory,4,UNRECONCILED,,
playful-discovering-thunder.md,TC-RR-011-02,1776,#### TC-RR-011-02 — Write recon report,3,UNRECONCILED,,
playful-discovering-thunder.md,TC-RR-011-03,1746,- TC-RR-011-03: Verify report completeness,1,UNRECONCILED,,
playful-discovering-thunder.md,TC-RR-012-01,1834,#### TC-RR-012-01 — Idempotency proof,6,UNRECONCILED,,
playful-discovering-thunder.md,TC-RR-012-02,1865,#### TC-RR-012-02 — Final test suite run,5,UNRECONCILED,,
playful-discovering-thunder.md,TC-RR-012-03,1879,#### TC-RR-012-03 — Write terminal-closeout.yaml,5,UNRECONCILED,,
playful-discovering-thunder.md,TC-RR-012-04,1911,#### TC-RR-012-04 — Verify closure gate,3,UNRECONCILED,,
polymorphic-foraging-feather.md,TC-INV-005,263,## System Guarantees (G-001..G-020 — authoritative list for TC-INV-005),12,UNRECONCILED,,
polymorphic-foraging-feather.md,TC-INV-NNN,21,existing_taskcard_format: prose TC-INV-NNN (pre-enhancement),3,UNRECONCILED,,
polymorphic-foraging-feather.md,TC-INV-000,494,## TC-INV-000: Setup and Baseline,17,UNRECONCILED,,
polymorphic-foraging-feather.md,TC-INV-011,2675,## TC-INV-011: Second Pass and Quality Gates,11,UNRECONCILED,,
polymorphic-foraging-feather.md,TC-INV-001,720,## TC-INV-001: LOC Classification,12,UNRECONCILED,,
polymorphic-foraging-feather.md,TC-INV-002,999,## TC-INV-002: Machinery Architecture Reconstruction,9,UNRECONCILED,,
polymorphic-foraging-feather.md,TC-INV-003,1185,## TC-INV-003: Component Register,9,UNRECONCILED,,
polymorphic-foraging-feather.md,TC-INV-004,1349,## TC-INV-004: Problem Catalog,8,UNRECONCILED,,
polymorphic-foraging-feather.md,TC-INV-006,1672,## TC-INV-006: Risk Register,9,UNRECONCILED,,
polymorphic-foraging-feather.md,TC-INV-007,1826,## TC-INV-007: Architecture Options,9,UNRECONCILED,,
polymorphic-foraging-feather.md,TC-INV-008,2001,## TC-INV-008: Hardened Execution Plan,11,UNRECONCILED,,
polymorphic-foraging-feather.md,TC-INV-009,2229,## TC-INV-009: Adversarial Review,8,UNRECONCILED,,
polymorphic-foraging-feather.md,TC-INV-010,2492,## TC-INV-010: Executive Decision Brief,10,UNRECONCILED,,
polymorphic-foraging-feather.md,TC-PFF-R1,148,"- Updated manually per-sprint (comments cite TC-PFF-R1, 2026-07-09)",1,UNRECONCILED,,
polymorphic-foraging-feather.md,TC-ID,182,Requires: | TC-ID | STATUS | (two-column markdown table),2,UNRECONCILED,,
polymorphic-foraging-feather.md,TC-INV-000-01,521,"Child taskcards: TC-INV-000-01, TC-INV-000-02, TC-INV-000-03",2,UNRECONCILED,,
polymorphic-foraging-feather.md,TC-INV-000-02,521,"Child taskcards: TC-INV-000-01, TC-INV-000-02, TC-INV-000-03",4,UNRECONCILED,,
polymorphic-foraging-feather.md,TC-INV-000-03,521,"Child taskcards: TC-INV-000-01, TC-INV-000-02, TC-INV-000-03",4,UNRECONCILED,,
polymorphic-foraging-feather.md,TC-INV-001-01,741,"Child taskcards: TC-INV-001-01, TC-INV-001-02, TC-INV-001-03, TC-INV-001-04",5,UNRECONCILED,,
polymorphic-foraging-feather.md,TC-INV-001-02,741,"Child taskcards: TC-INV-001-01, TC-INV-001-02, TC-INV-001-03, TC-INV-001-04",5,UNRECONCILED,,
polymorphic-foraging-feather.md,TC-INV-001-03,741,"Child taskcards: TC-INV-001-01, TC-INV-001-02, TC-INV-001-03, TC-INV-001-04",4,UNRECONCILED,,
polymorphic-foraging-feather.md,TC-INV-001-04,741,"Child taskcards: TC-INV-001-01, TC-INV-001-02, TC-INV-001-03, TC-INV-001-04",4,UNRECONCILED,,
polymorphic-foraging-feather.md,TC-INV-002-01,1018,"Child taskcards: TC-INV-002-01, TC-INV-002-02, TC-INV-002-03",4,UNRECONCILED,,
polymorphic-foraging-feather.md,TC-INV-002-02,1018,"Child taskcards: TC-INV-002-01, TC-INV-002-02, TC-INV-002-03",4,UNRECONCILED,,
polymorphic-foraging-feather.md,TC-INV-002-03,1018,"Child taskcards: TC-INV-002-01, TC-INV-002-02, TC-INV-002-03",4,UNRECONCILED,,
polymorphic-foraging-feather.md,TC-INV-003-01,1201,"Child taskcards: TC-INV-003-01, TC-INV-003-02, TC-INV-003-03",6,UNRECONCILED,,
polymorphic-foraging-feather.md,TC-INV-003-02,1201,"Child taskcards: TC-INV-003-01, TC-INV-003-02, TC-INV-003-03",4,UNRECONCILED,,
polymorphic-foraging-feather.md,TC-INV-003-03,1201,"Child taskcards: TC-INV-003-01, TC-INV-003-02, TC-INV-003-03",3,UNRECONCILED,,
polymorphic-foraging-feather.md,TC-INV-004-01,1377,"Child taskcards: TC-INV-004-01, TC-INV-004-02",4,UNRECONCILED,,
polymorphic-foraging-feather.md,TC-INV-004-02,1377,"Child taskcards: TC-INV-004-01, TC-INV-004-02",3,UNRECONCILED,,
polymorphic-foraging-feather.md,TC-EXP-S7-004,1439,strategy: TC-EXP-S7-004 from hardened plan),3,UNRECONCILED,,
polymorphic-foraging-feather.md,TC-EXP-S1-002,1441,returns aggregate only; strategy: TC-EXP-S1-002),5,UNRECONCILED,,
polymorphic-foraging-feather.md,TC-INV-005-01,1490,Child Taskcard ID: TC-INV-005-01,3,UNRECONCILED,,
polymorphic-foraging-feather.md,TC-INV-005-02,1576,Next: TC-INV-005-02,3,UNRECONCILED,,
polymorphic-foraging-feather.md,TC-EXP-S1-001,1607,but state inputs NOT captured; no state-consistency-log exists yet (TC-EXP-S1-001 would add it),9,UNRECONCILED,,
polymorphic-foraging-feather.md,TC-INV-006-01,1715,Child Taskcard ID: TC-INV-006-01,3,UNRECONCILED,,
polymorphic-foraging-feather.md,TC-INV-006-02,1787,Child Taskcard ID: TC-INV-006-02,2,UNRECONCILED,,
polymorphic-foraging-feather.md,TC-INV-007-01,1868,Child Taskcard ID: TC-INV-007-01,3,UNRECONCILED,,
polymorphic-foraging-feather.md,TC-INV-007-02,1923,Next: TC-INV-007-02,3,UNRECONCILED,,
polymorphic-foraging-feather.md,TC-INV-008-01,2019,Child taskcards: TC-INV-008-01 through TC-INV-008-05,3,UNRECONCILED,,
polymorphic-foraging-feather.md,TC-INV-008-05,2019,Child taskcards: TC-INV-008-01 through TC-INV-008-05,2,UNRECONCILED,,
polymorphic-foraging-feather.md,TC-EXP-S0-001,2031,TC-EXP-S0-001: Document current passing test counts,5,UNRECONCILED,,
polymorphic-foraging-feather.md,TC-EXP-S0-002,2036,TC-EXP-S0-002: Capture current state file snapshot,3,UNRECONCILED,,
polymorphic-foraging-feather.md,TC-INV-008-02,2062,Child Taskcard ID: TC-INV-008-02,1,UNRECONCILED,,
polymorphic-foraging-feather.md,TC-EXP-S2-001,2069,TC-EXP-S2-001: Remove 3 architecturally blocked backends (169 LOC),5,UNRECONCILED,,
polymorphic-foraging-feather.md,TC-EXP-S2-002,2080,TC-EXP-S2-002: Grade Cache TTL Hardening (REDESIGN-004),6,UNRECONCILED,,
polymorphic-foraging-feather.md,TC-INV-008-03,2095,Child Taskcard ID: TC-INV-008-03,1,UNRECONCILED,,
polymorphic-foraging-feather.md,TC-EXP-S3-001,2102,TC-EXP-S3-001: Validator Dynamic Registration (REDESIGN-001),4,UNRECONCILED,,
polymorphic-foraging-feather.md,TC-EXP-S3-002,2113,TC-EXP-S3-002: Atomic Lock Collection (REDESIGN-003),3,UNRECONCILED,,
polymorphic-foraging-feather.md,TC-INV-008-04,2134,Child Taskcard ID: TC-INV-008-04,4,UNRECONCILED,,
polymorphic-foraging-feather.md,TC-EXP-S4-001,2141,TC-EXP-S4-001: State Integrity Pre-Check (REDESIGN-002),9,UNRECONCILED,,
polymorphic-foraging-feather.md,TC-EXP-S5-001,2158,TC-EXP-S5-001: Oracle Evidence Gate for Product Declarations (REDESIGN-005),5,UNRECONCILED,,
polymorphic-foraging-feather.md,TC-EXP-S6-001,2170,TC-EXP-S6-001: Audit and Retire 6 Autonomous Variants (conditional on audit findings),5,UNRECONCILED,,
polymorphic-foraging-feather.md,TC-EXP-S7-001,2180,TC-EXP-S7-001: Add validator registration policy to .supervisor/policies.yaml,2,UNRECONCILED,,
polymorphic-foraging-feather.md,TC-EXP-S7-002,2181,TC-EXP-S7-002: Add backend lifecycle ADR to docs/decisions/,1,UNRECONCILED,,
polymorphic-foraging-feather.md,TC-EXP-S7-003,2182,TC-EXP-S7-003: Add .supervisor/state-authority-map.yaml documenting state file ownership,1,UNRECONCILED,,
polymorphic-foraging-feather.md,TC-INV-009-01,2273,Child Taskcard ID: TC-INV-009-01,3,UNRECONCILED,,
polymorphic-foraging-feather.md,TC-INV-009-02,2354,Next: TC-INV-009-02,3,UNRECONCILED,,
polymorphic-foraging-feather.md,TC-INV-010-01,2532,Child Taskcard ID: TC-INV-010-01,3,UNRECONCILED,,
polymorphic-foraging-feather.md,TC-INV-010-02,2592,Next: TC-INV-010-02,3,UNRECONCILED,,
polymorphic-foraging-feather.md,TC-INV-011-02,2694,- All 12 quality gate counters at target (specified in TC-INV-011-02),2,UNRECONCILED,,
polymorphic-foraging-feather.md,TC-INV-011-01,2701,Child Taskcard ID: TC-INV-011-01,1,UNRECONCILED,,
polymorphic-foraging-feather.md,TC-EXP,2722,MS-INV-011-01-10: Reread 09-hardened-execution-plan.md; verify >= 12 TC-EXP-* taskcards;,7,UNRECONCILED,,
precious-wandering-lighthouse.md,TC-001,273,### TC-001: Read and verify actual dashboard.py line 109 logic,13,UNRECONCILED,,
precious-wandering-lighthouse.md,TC-002,303,### TC-002: Introduce certification run concept (run_manager.py),20,UNRECONCILED,,
precious-wandering-lighthouse.md,TC-003,390,### TC-003: Add MISSING_EVIDENCE verdict semantics to dashboard,9,UNRECONCILED,,
precious-wandering-lighthouse.md,TC-004,431,### TC-004: Build known-bad test fixtures and behavioral tests,7,UNRECONCILED,,
precious-wandering-lighthouse.md,TC-005,533,### TC-005: Build automated gap reconciler,4,UNRECONCILED,,
precious-wandering-lighthouse.md,TC-006,589,### TC-006: Register L28 skills and define maturity 4/5 criteria,9,UNRECONCILED,,
precious-wandering-lighthouse.md,TC-CERT-L-003,597,L28 is at maturity 3/5. TC-CERT-L-003 is referenced but has no content.,2,UNRECONCILED,,
precious-wandering-lighthouse.md,TC-007,636,### TC-007: Add 5 governance validators for certification lifecycle,11,UNRECONCILED,,
precious-wandering-lighthouse.md,TC-008,703,### TC-008: Fix supervisor continuation signal and wire certification work,4,UNRECONCILED,,
precious-wandering-lighthouse.md,TC-009,748,### TC-009: Regenerate pilot certification reports using new run model,6,UNRECONCILED,,
precious-wandering-lighthouse.md,TC-010,787,### TC-010: Final validation and terminal closure,4,UNRECONCILED,,
precious-wandering-lighthouse.md,TC-ID,824,| TC-ID | Priority | Depends On | Title | Status |,1,UNRECONCILED,,
serialized-petting-crab.md,TC-VPR-001,245,### TC-VPR-001 | Ground-Truth Audit,6,UNRECONCILED,,
serialized-petting-crab.md,TC-VPR-002,329,### TC-VPR-002 | Build dom_maturity_gap_generator.py,6,UNRECONCILED,,
serialized-petting-crab.md,TC-VPR-003,481,### TC-VPR-003 | Wire Generator into Autonomous Cycle,4,UNRECONCILED,,
serialized-petting-crab.md,TC-VPR-004,521,### TC-VPR-004 | Classifier Hardening,2,UNRECONCILED,,
serialized-petting-crab.md,TC-VPR-005,576,### TC-VPR-005 | End-to-End Pipeline Verification,4,UNRECONCILED,,
serialized-petting-crab.md,TC-VPR-006,650,### TC-VPR-006 | Policy Consumer Activation (minor),4,UNRECONCILED,,
serialized-petting-crab.md,TC-VPR-007,682,### TC-VPR-007 | Full Regression Suite,2,UNRECONCILED,,
serialized-petting-crab.md,TC-VPR-008,715,### TC-VPR-008 | Lifecycle Audit and Plan Closure,2,UNRECONCILED,,
serialized-petting-crab.md,TC-VPR-CLOSURE,726,--sprint-id TC-VPR-CLOSURE,1,UNRECONCILED,,
shimmering-rolling-meerkat.md,TC-SMR-004,370,| TC-SMR-004 | Implement Fix-RC-004: Single source of truth for validator expected_count | OPEN |,4,UNRECONCILED,,
shimmering-rolling-meerkat.md,TC-GAP-CHAIN-ABW-SAL-MRH-001,58,"The `TC-GAP-CHAIN-ABW-SAL-MRH-001` items all have `title: ""Implement unknown for ABW""`.",1,UNRECONCILED,,
shimmering-rolling-meerkat.md,TC-SAL-001,68,"TC-SAL-001 is TODO. Without SAL facts, the capability chain is broken upstream, and",5,UNRECONCILED,,
shimmering-rolling-meerkat.md,TC-LA,308,"task states, maturity levels) requires a more extensive update process (TC-LA series).",1,UNRECONCILED,,
shimmering-rolling-meerkat.md,TC-SMR-001,367,| TC-SMR-001 | Commit accumulated supervisor state + evaluate .runner_system_id | OPEN |,6,UNRECONCILED,,
shimmering-rolling-meerkat.md,TC-SMR-002,368,"| TC-SMR-002 | Execute REWORK-PQ-019-020-CLI-STUBS (CLI entry points + type stubs, 20 packages) | OPEN |",4,UNRECONCILED,,
shimmering-rolling-meerkat.md,TC-SMR-003,369,"| TC-SMR-003 | Implement Fix-RC-001: Capability-compiler quality gate for ""unknown"" features | OPEN |",4,UNRECONCILED,,
shimmering-rolling-meerkat.md,TC-SMR-005,371,"| TC-SMR-005 | Persist remaining fixes as governed taskcards (RC-002, RC-003, RC-005, RC-006) | OPEN |",4,UNRECONCILED,,
shimmering-rolling-meerkat.md,TC-SMR-006,372,| TC-SMR-006 | Sprint closeout: evidence declaration + autonomous-cycle + review package | OPEN |,3,UNRECONCILED,,
shimmering-rolling-meerkat.md,TC-SMR-SUP-001,569,- task_id: TC-SMR-SUP-001,1,UNRECONCILED,,
shimmering-rolling-meerkat.md,TC-SMR-SUP-002,582,- task_id: TC-SMR-SUP-002,1,UNRECONCILED,,
shimmering-rolling-meerkat.md,TC-SMR-SUP-003,595,- task_id: TC-SMR-SUP-003,1,UNRECONCILED,,
shimmering-rolling-meerkat.md,TC-SMR-SUP-004,608,- task_id: TC-SMR-SUP-004,2,UNRECONCILED,,
shiny-percolating-sky.md,TC-OIS-004,872,### TC-OIS-004: Add executor_config to Oracle Packages,14,UNRECONCILED,,
shiny-percolating-sky.md,TC-OIS-001,701,### TC-OIS-001: Scope Verification,9,UNRECONCILED,,
shiny-percolating-sky.md,TC-OIS-002,728,"### TC-OIS-002: Upgrade Oracle Packages for dif, fodt, sylk",25,UNRECONCILED,,
shiny-percolating-sky.md,TC-OIS-008,1176,### TC-OIS-008: Distribution-Aware V143 Validator,9,UNRECONCILED,,
shiny-percolating-sky.md,TC-ORA-NNN,723,| No conflicting task IDs | Manual comparison | Prior plan's TC-ORA-NNN vs this plan's TC-OIS-NNN are orthogonal | Amend scope to resolve |,1,UNRECONCILED,,
shiny-percolating-sky.md,TC-OIS-NNN,723,| No conflicting task IDs | Manual comparison | Prior plan's TC-ORA-NNN vs this plan's TC-OIS-NNN are orthogonal | Amend scope to resolve |,1,UNRECONCILED,,
shiny-percolating-sky.md,TC-OIS-003,799,### TC-OIS-003: Fix D1 Depth — Synthetic Property Exclusion,19,UNRECONCILED,,
shiny-percolating-sky.md,TC-OIS-006,1014,### TC-OIS-006: Remove G2 Test-Suite Fallback,13,UNRECONCILED,,
shiny-percolating-sky.md,TC-OIS-005,920,### TC-OIS-005: Implement Generic Invalid Case Executor,19,UNRECONCILED,,
shiny-percolating-sky.md,TC-OIS-009,1242,### TC-OIS-009: Full Oracle Execution and Gate Verification,16,UNRECONCILED,,
shiny-percolating-sky.md,TC-OIS-007,1085,### TC-OIS-007: Add Source Hash to Oracle Summaries,8,UNRECONCILED,,
shiny-percolating-sky.md,TC-OIS-010,1324,### TC-OIS-010: Update Documentation and Idempotency Verification,9,UNRECONCILED,,
shiny-percolating-sky.md,TC-OIS-011,1370,### TC-OIS-011: Evidence Traceability (NEW),7,UNRECONCILED,,
silly-popping-tower.md,TC-OCRD-A4,272,### TC-OCRD-A4 (Parent): Schema Migration Framework,22,UNRECONCILED,,
silly-popping-tower.md,TC-OCRD-A1,392,### TC-OCRD-A1 (Parent): Gap Attempt Registry,20,UNRECONCILED,,
silly-popping-tower.md,TC-OCRD-A2,691,### TC-OCRD-A2 (Parent): Per-Ingestor Transactions,14,UNRECONCILED,,
silly-popping-tower.md,TC-OCRD-A3,798,### TC-OCRD-A3 (Parent): Staleness Detection + SyncReport Persistence,16,UNRECONCILED,,
silly-popping-tower.md,TC-OCRD-A5,979,### TC-OCRD-A5 (Parent): Evidence Spot-Check,8,UNRECONCILED,,
silly-popping-tower.md,TC-OCRD-B1,1109,### TC-OCRD-B1 (Parent): Contradiction Signal in Continuation Loop,8,UNRECONCILED,,
silly-popping-tower.md,TC-OCRD-B2,1203,### TC-OCRD-B2 (Parent): Gap Selection Integration,10,UNRECONCILED,,
silly-popping-tower.md,TC-OCRD-C1,1341,### TC-OCRD-C1 (Parent): Control Layer Inventory Files,9,UNRECONCILED,,
silly-popping-tower.md,TC-OCRD-C2,1432,### TC-OCRD-C2 (Parent): Feature-Parity Register + ADR-001,4,UNRECONCILED,,
silly-popping-tower.md,TC-OCRD-C3,1469,### TC-OCRD-C3 (Parent): Schema Extension — New Tables,8,UNRECONCILED,,
silly-popping-tower.md,TC-OCRD-C4,1564,### TC-OCRD-C4 (Parent): New Ingestors,7,UNRECONCILED,,
silly-popping-tower.md,TC-OCRD-C5,1688,### TC-OCRD-C5 (Parent): New Query Commands + Views,6,UNRECONCILED,,
silly-popping-tower.md,TC-OCRD-C6,1744,### TC-OCRD-C6 (Parent): Control Layer Governance Validators,7,UNRECONCILED,,
silly-popping-tower.md,TC-OCRD-C7,1793,### TC-OCRD-C7 (Parent): Skill Registration (10 Skills),7,UNRECONCILED,,
silly-popping-tower.md,TC-OCRD-C8,1843,### TC-OCRD-C8 (Parent): Pilot Test Suite (22 Pilots),7,UNRECONCILED,,
silly-popping-tower.md,TC-OCRD-C9,1913,### TC-OCRD-C9 (Parent): Permanent Layer Plan + Index Update,6,UNRECONCILED,,
silly-popping-tower.md,TC-OCRD-A4-01,290,#### TC-OCRD-A4-01 (Child): Add Migration Framework to db.py,3,UNRECONCILED,,
silly-popping-tower.md,TC-OCRD-A4-02,358,#### TC-OCRD-A4-02 (Child): Regression Tests,1,UNRECONCILED,,
silly-popping-tower.md,TC-OCRD-A1-01,412,#### TC-OCRD-A1-01 (Child): gap_attempts Table via Migration,2,UNRECONCILED,,
silly-popping-tower.md,TC-OCRD-A1-02,477,#### TC-OCRD-A1-02 (Child): evidence_ingestor.py — Write gap_attempts Rows,2,UNRECONCILED,,
silly-popping-tower.md,TC-OCRD-A1-03,549,#### TC-OCRD-A1-03 (Child): gap_selection.py — New Module,1,UNRECONCILED,,
silly-popping-tower.md,TC-OCRD-A1-04,612,#### TC-OCRD-A1-04 (Child): CLI query — gap-attempts subcommand,2,UNRECONCILED,,
silly-popping-tower.md,TC-OCRD-A1-05,647,#### TC-OCRD-A1-05 (Child): Regression Tests,1,UNRECONCILED,,
silly-popping-tower.md,TC-OCRD-A2-01,707,#### TC-OCRD-A2-01 (Child): Audit Existing Ingestors for Self-Commits,1,UNRECONCILED,,
silly-popping-tower.md,TC-OCRD-A2-02,724,#### TC-OCRD-A2-02 (Child): Replace Sync Loop with SAVEPOINT Pattern,3,UNRECONCILED,,
silly-popping-tower.md,TC-OCRD-A2-03,774,#### TC-OCRD-A2-03 (Child): Regression Tests,1,UNRECONCILED,,
silly-popping-tower.md,TC-OCRD-A3-01,818,#### TC-OCRD-A3-01 (Child): SyncReport Dataclass Enhancement,2,UNRECONCILED,,
silly-popping-tower.md,TC-OCRD-A3-02,836,#### TC-OCRD-A3-02 (Child): Call check_staleness() in sync_all(),1,UNRECONCILED,,
silly-popping-tower.md,TC-OCRD-A3-03,864,#### TC-OCRD-A3-03 (Child): Write last-sync-report.json,2,UNRECONCILED,,
silly-popping-tower.md,TC-OCRD-A3-04,897,#### TC-OCRD-A3-04 (Child): Add control_index_warnings to check_continuation.py,3,UNRECONCILED,,
silly-popping-tower.md,TC-OCRD-A3-05,952,#### TC-OCRD-A3-05 (Child): Regression Tests,1,UNRECONCILED,,
silly-popping-tower.md,TC-OCRD-A5-01,994,#### TC-OCRD-A5-01 (Child): Create evidence_verifier.py,2,UNRECONCILED,,
silly-popping-tower.md,TC-OCRD-A5-02,1083,#### TC-OCRD-A5-02 (Child): Regression Tests,1,UNRECONCILED,,
silly-popping-tower.md,TC-OCRD-B1-01,1123,#### TC-OCRD-B1-01 (Child): Add Contradiction Fields to Signal,2,UNRECONCILED,,
silly-popping-tower.md,TC-OCRD-B1-02,1160,#### TC-OCRD-B1-02 (Child): Surface Contradiction Warnings in check_continuation.py,2,UNRECONCILED,,
silly-popping-tower.md,TC-OCRD-B1-03,1179,#### TC-OCRD-B1-03 (Child): Regression Tests,1,UNRECONCILED,,
silly-popping-tower.md,TC-OCRD-B2-01,1225,#### TC-OCRD-B2-01 (Child): Read and Understand load_foss_gaps(),1,UNRECONCILED,,
silly-popping-tower.md,TC-OCRD-B2-02,1234,#### TC-OCRD-B2-02 (Child): Inject Exhausted Gap Filter,4,UNRECONCILED,,
silly-popping-tower.md,TC-OCRD-B2-03,1287,#### TC-OCRD-B2-03 (Child): Write exhausted-gaps.json,2,UNRECONCILED,,
silly-popping-tower.md,TC-OCRD-A1-03-01,1290,"- **Action:** Verify `write_exhausted_gaps_json()` exists from TC-OCRD-A1-03-01. If yes, SKIPPED_NA.",1,UNRECONCILED,,
silly-popping-tower.md,TC-OCRD-B2-04,1315,#### TC-OCRD-B2-04 (Child): Regression Tests,1,UNRECONCILED,,
silly-popping-tower.md,TC-OCRD-C1-01,1353,#### TC-OCRD-C1-01 (Child): Baseline YAML,1,UNRECONCILED,,
silly-popping-tower.md,TC-OCRD-C1-02,1370,#### TC-OCRD-C1-02 (Child): existing-control-layers.yaml,1,UNRECONCILED,,
silly-popping-tower.md,TC-OCRD-C1-03,1390,#### TC-OCRD-C1-03 (Child): existing-control-features.yaml,1,UNRECONCILED,,
silly-popping-tower.md,TC-OCRD-C1-04,1401,#### TC-OCRD-C1-04 (Child): control-feature-consumers.yaml,1,UNRECONCILED,,
silly-popping-tower.md,TC-OCRD-C1-05,1410,#### TC-OCRD-C1-05 (Child): Validation,1,UNRECONCILED,,
silly-popping-tower.md,TC-OCRD-C2-01,1442,#### TC-OCRD-C2-01 (Child): feature-parity-register.yaml,1,UNRECONCILED,,
silly-popping-tower.md,TC-OCRD-C2-02,1452,#### TC-OCRD-C2-02 (Child): ADR-001,1,UNRECONCILED,,
silly-popping-tower.md,TC-OCRD-C3-01,1483,#### TC-OCRD-C3-01 (Child): Add Tables to schema.sql,1,UNRECONCILED,,
silly-popping-tower.md,TC-OCRD-C3-02,1533,#### TC-OCRD-C3-02 (Child): Register Migration Function,1,UNRECONCILED,,
silly-popping-tower.md,TC-OCRD-C4-01,1580,#### TC-OCRD-C4-01 (Child): upstream_validator.py,1,UNRECONCILED,,
silly-popping-tower.md,TC-OCRD-C4-02,1625,#### TC-OCRD-C4-02 (Child): control_layer_ingestor.py,1,UNRECONCILED,,
silly-popping-tower.md,TC-OCRD-C4-03,1642,#### TC-OCRD-C4-03 (Child): contradiction_ingestor.py,1,UNRECONCILED,,
silly-popping-tower.md,TC-OCRD-C4-04,1659,#### TC-OCRD-C4-04 (Child): plan_ingestor.py,1,UNRECONCILED,,
silly-popping-tower.md,TC-OCRD-C5-01,1698,#### TC-OCRD-C5-01 (Child): New Subcommands in query.py,1,UNRECONCILED,,
silly-popping-tower.md,TC-OCRD-C5-02,1714,#### TC-OCRD-C5-02 (Child): views.py,1,UNRECONCILED,,
silly-popping-tower.md,TC-OCRD-C5-03,1729,#### TC-OCRD-C5-03 (Child): Validation,1,UNRECONCILED,,
silly-popping-tower.md,TC-OCRD-C6-01,1754,#### TC-OCRD-C6-01 (Child): Create governance_validators_control_layer.py,1,UNRECONCILED,,
silly-popping-tower.md,TC-OCRD-C6-02,1777,#### TC-OCRD-C6-02 (Child): Register in governance_validator_runner.py,1,UNRECONCILED,,
silly-popping-tower.md,TC-OCRD-C7-01,1803,#### TC-OCRD-C7-01 (Child): Register 10 Skills in skill-registry.yaml,1,UNRECONCILED,,
silly-popping-tower.md,TC-OCRD-C7-02,1829,#### TC-OCRD-C7-02 (Child): Update command-registry.yaml and capabilities/registry.yaml,1,UNRECONCILED,,
silly-popping-tower.md,TC-OCRD-C8-01,1864,#### TC-OCRD-C8-01 (Child): test_pilots_group_ab.py (Pilots 1-6),1,UNRECONCILED,,
silly-popping-tower.md,TC-OCRD-C8-02,1873,#### TC-OCRD-C8-02 (Child): test_pilots_group_cd.py (Pilots 7-11),1,UNRECONCILED,,
silly-popping-tower.md,TC-OCRD-C8-03,1881,#### TC-OCRD-C8-03 (Child): test_pilots_group_ef.py (Pilots 12-16),1,UNRECONCILED,,
silly-popping-tower.md,TC-OCRD-C8-04,1889,#### TC-OCRD-C8-04 (Child): test_pilots_group_gh.py (Pilots 17-22),1,UNRECONCILED,,
silly-popping-tower.md,TC-OCRD-C8-05,1898,#### TC-OCRD-C8-05 (Child): Run All Pilots,1,UNRECONCILED,,
silly-popping-tower.md,TC-OCRD-C9-01,1923,#### TC-OCRD-C9-01 (Child): Create Layer Plan,1,UNRECONCILED,,
silly-popping-tower.md,TC-ID,2071,| TC-ID | Deliverable Type | Minimum Evidence |,3,UNRECONCILED,,
silly-popping-tower.md,TC-OCRD,1953,##### MS-C9-02-02 — Add TC-OCRD-* to plans/layers/task-register.yaml,3,UNRECONCILED,,
silly-popping-tower.md,TC-OCRD-C9-02,1948,#### TC-OCRD-C9-02 (Child): Update Index Files,1,UNRECONCILED,,
silly-popping-tower.md,TC-OCRD-C9-03,1965,#### TC-OCRD-C9-03 (Child): Update operational-control-index.md,1,UNRECONCILED,,
silly-popping-tower.md,TC-OCRD-C9-04,1973,#### TC-OCRD-C9-04 (Child): Validation,1,UNRECONCILED,,
silly-popping-tower.md,TC-level,2234,verify the TC-level validation commands (listed per TC above) before marking parent CLOSED.,1,UNRECONCILED,,
spicy-sparking-gosling.md,TC-INT-001,327,| TC-INT-001 | `git log --oneline -1` | Commit hash for HEAD | No (records baseline) |,33,UNRECONCILED,,
spicy-sparking-gosling.md,TC-INT-002,481,| TC-INT-002 | 3 | 4 | 4 | 5 | 4 |,34,UNRECONCILED,,
spicy-sparking-gosling.md,TC-INT-003,482,| TC-INT-003 | 4 | 4 | 4 | 5 | 4 |,34,UNRECONCILED,,
spicy-sparking-gosling.md,TC-INT-004,483,| TC-INT-004 | 3 | N/A | 3 | 4 | 3 |,22,UNRECONCILED,,
spicy-sparking-gosling.md,TC-INT-005,484,| TC-INT-005 | 3 | 4 | 4 | 5 | 4 |,18,UNRECONCILED,,
spicy-sparking-gosling.md,TC-INT-006,485,| TC-INT-006 | 5 | 5 | 5 | 5 | 4 |,23,UNRECONCILED,,
spicy-sparking-gosling.md,TC-INT-007,486,| TC-INT-007 | 3 | N/A | 3 | 4 | 3 |,22,UNRECONCILED,,
spicy-sparking-gosling.md,TC-INT-008,487,| TC-INT-008 | 4 | 4 | 5 | 5 | N/A |,21,UNRECONCILED,,
spicy-sparking-gosling.md,TC-INT-001-A,328,"| TC-INT-001-A | `grep -n ""FeatureFactory\|generate_and_write"" .claude/commands/add-python-api.md` | Zero matches | Yes — confirms RC-1 |",13,UNRECONCILED,,
spicy-sparking-gosling.md,TC-INT-001-B,329,"| TC-INT-001-B | `grep -rn ""write_promotion_task"" tools/ src/ .claude/ --include=""*.py""` | Zero matches outside test files | Yes — confirms RC-3 |",9,UNRECONCILED,,
spicy-sparking-gosling.md,TC-INT-001-C,330,| TC-INT-001-C | Read 5 weak test files; confirm `assert result is not None` present | Positive match in each | Yes — confirms RC-2 |,9,UNRECONCILED,,
spicy-sparking-gosling.md,TC-INT-001-D,331,| TC-INT-001-D | `test -f reports/drivers/rc-diagnostic.md && echo PASS` | PASS | Yes — closes TC-INT-001 |,8,UNRECONCILED,,
spicy-sparking-gosling.md,TC-INT-002-B,332,"| TC-INT-002-B | `grep -n ""def generate_and_write_scaffold"" tools/supervisor/product_feature_factory.py` | Line number match | Yes — confirms function exists |",10,UNRECONCILED,,
spicy-sparking-gosling.md,TC-INT-002-D,333,| TC-INT-002-D | `.venv/Scripts/pytest tests/supervisor/test_feature_factory_scaffold.py -v` | 5 PASSED | Yes — closes TC-INT-002 |,4,UNRECONCILED,,
spicy-sparking-gosling.md,TC-INT-003-A,334,"| TC-INT-003-A | `grep -n ""validate_weak_test_assertions\|V_VALIDATE_WEAK"" tools/supervisor/governance_validators.py` | Line number match | Yes — confirms validator exists |",7,UNRECONCILED,,
spicy-sparking-gosling.md,TC-INT-003-B,335,"| TC-INT-003-B | `.venv/Scripts/python -c ""from tools.supervisor.governance_validator_runner import EXPECTED_VALIDATOR_COUNT; assert EXPECTED_VALIDATOR_COUNT == 166""` | No AssertionError | Yes — confirms count updated |",6,UNRECONCILED,,
spicy-sparking-gosling.md,TC-INT-003-C,336,| TC-INT-003-C | `.venv/Scripts/pytest tests/supervisor/test_weak_assertion_validator.py -v` | 4 PASSED | Yes — closes TC-INT-003 |,4,UNRECONCILED,,
spicy-sparking-gosling.md,TC-INT-004-A,337,"| TC-INT-004-A | `grep -n ""7a\|generate-scaffold\|7b\|Promote the scaffold"" .claude/commands/add-python-api.md` | Positive matches | Yes — confirms Steps 7a/7b/7c |",6,UNRECONCILED,,
spicy-sparking-gosling.md,TC-INT-004-B,338,"| TC-INT-004-B | `grep -n ""V_VALIDATE_WEAK_TEST_ASSERTIONS"" .claude/commands/add-python-api.md` | Positive match | Yes — confirms V-WEAK in table |",5,UNRECONCILED,,
spicy-sparking-gosling.md,TC-INT-004-C,339,"| TC-INT-004-C | `grep -n ""^version:"" .claude/commands/add-python-api.md` | version: ""1.6"" | Yes — confirms version bump |",4,UNRECONCILED,,
spicy-sparking-gosling.md,TC-INT-005-B,340,"| TC-INT-005-B | `grep -n ""_scan_pending_promotions"" tools/supervisor/check_continuation.py` | Line number match | Yes — confirms function exists |",6,UNRECONCILED,,
spicy-sparking-gosling.md,TC-INT-005-C,341,| TC-INT-005-C | `.venv/Scripts/pytest tests/supervisor/test_check_continuation_promotions.py -v` | 4 PASSED | Yes — closes TC-INT-005 |,4,UNRECONCILED,,
spicy-sparking-gosling.md,TC-INT-006-A,342,| TC-INT-006-A | `.venv/Scripts/pytest tests/python/ndjson/test_ndjson_probe_driven.py -v` | 1+ PASSED | Yes — confirms Pilot A |,7,UNRECONCILED,,
spicy-sparking-gosling.md,TC-INT-006-B,343,| TC-INT-006-B | `.venv/Scripts/pytest tests/python/zst/test_zst_probe_driven.py -v` | 1+ PASSED | Yes — confirms Pilot B |,5,UNRECONCILED,,
spicy-sparking-gosling.md,TC-INT-006-C,344,| TC-INT-006-C | `.venv/Scripts/pytest tests/supervisor/test_renderer_drift_negative.py -v` | All PASSED | Yes — confirms Pilots C/D |,6,UNRECONCILED,,
spicy-sparking-gosling.md,TC-INT-007-D,345,"| TC-INT-007-D | `.venv/Scripts/python -c ""import yaml; d=yaml.safe_load(open('reports/drivers/backfill-gaps.yaml')); print(len(d['backfill_gaps']))""` | 46 | Yes — closes TC-INT-007 |",1,UNRECONCILED,,
spicy-sparking-gosling.md,TC-INT-008-D,346,"| TC-INT-008-D | `.venv/Scripts/pytest tests/supervisor/ tests/python/ndjson/test_ndjson_probe_driven.py tests/python/zst/test_zst_probe_driven.py -q` | All pass, 0 failed | Yes — final gate |",5,UNRECONCILED,,
spicy-sparking-gosling.md,TC-INT-002-A,854,#### TC-INT-002-A — Read and Understand product_feature_factory.py,4,UNRECONCILED,,
spicy-sparking-gosling.md,TC-INT-002-C,954,#### TC-INT-002-C — Add CLI --generate-scaffold Argument,6,UNRECONCILED,,
spicy-sparking-gosling.md,TC-INT-005-A,1444,#### TC-INT-005-A — Read check_continuation.py Integration Points,5,UNRECONCILED,,
spicy-sparking-gosling.md,TC-INT-006-D,1778,#### TC-INT-006-D — Pilot D: Language Policy Proof,5,UNRECONCILED,,
spicy-sparking-gosling.md,TC-INT-006-E,1813,#### TC-INT-006-E — Pilot E: Render Checksum Idempotency,4,UNRECONCILED,,
spicy-sparking-gosling.md,TC-INT-007-A,1881,#### TC-INT-007-A — Read Audit and Group by Format,5,UNRECONCILED,,
spicy-sparking-gosling.md,TC-INT-007-B,1902,#### TC-INT-007-B — Write backfill-gaps.yaml,7,UNRECONCILED,,
spicy-sparking-gosling.md,TC-INT-007-C,1938,#### TC-INT-007-C — Write Top-3 Repair Stubs and Update V-WEAK Grace Loading,4,UNRECONCILED,,
spicy-sparking-gosling.md,TC-BACKFILL,1928,repair_taskcard: TC-BACKFILL-<FORMAT>-001,7,UNRECONCILED,,
spicy-sparking-gosling.md,TC-INT-008-A,2040,#### TC-INT-008-A — Update Healing Report Phase 2,5,UNRECONCILED,,
spicy-sparking-gosling.md,TC-INT-008-B,2105,#### TC-INT-008-B — Create Evidence Bundle,5,UNRECONCILED,,
spicy-sparking-gosling.md,TC-INT-008-C,2138,#### TC-INT-008-C — Write Terminal Closeout YAML,5,UNRECONCILED,,
splendid-prancing-wind.md,TC-SPW-001,362,### Parent Taskcard ID: TC-SPW-001,66,UNRECONCILED,,
splendid-prancing-wind.md,TC-SPW-007,2540,### Parent Taskcard ID: TC-SPW-007,19,UNRECONCILED,,
splendid-prancing-wind.md,TC-SPW-003,42,- TC-SPW-003 contains two distinct sub-tasks (split required),4,UNRECONCILED,,
splendid-prancing-wind.md,TC-SPW-006,2118,### Parent Taskcard ID: TC-SPW-006,48,UNRECONCILED,,
splendid-prancing-wind.md,TC-SPW-002,1028,### Parent Taskcard ID: TC-SPW-002,31,UNRECONCILED,,
splendid-prancing-wind.md,TC-SPW-003B,1384,### Parent Taskcard ID: TC-SPW-003B,36,UNRECONCILED,,
splendid-prancing-wind.md,TC-SPW-003A,1226,### Parent Taskcard ID: TC-SPW-003A,33,UNRECONCILED,,
splendid-prancing-wind.md,TC-SPW-004,1650,### Parent Taskcard ID: TC-SPW-004,40,UNRECONCILED,,
splendid-prancing-wind.md,TC-SPW-005,1915,### Parent Taskcard ID: TC-SPW-005,29,UNRECONCILED,,
splendid-prancing-wind.md,TC-SPW-001-01,458,#### Child Taskcard ID: TC-SPW-001-01,10,UNRECONCILED,,
splendid-prancing-wind.md,TC-SPW-001-02,538,#### Child Taskcard ID: TC-SPW-001-02,7,UNRECONCILED,,
splendid-prancing-wind.md,TC-SPW-001-03,606,#### Child Taskcard ID: TC-SPW-001-03,8,UNRECONCILED,,
splendid-prancing-wind.md,TC-SPW-001-04,674,#### Child Taskcard ID: TC-SPW-001-04,8,UNRECONCILED,,
splendid-prancing-wind.md,TC-SPW-001-05,739,#### Child Taskcard ID: TC-SPW-001-05,7,UNRECONCILED,,
splendid-prancing-wind.md,TC-SPW-001-06,799,#### Child Taskcard ID: TC-SPW-001-06,4,UNRECONCILED,,
splendid-prancing-wind.md,TC-SPW-001-07,874,#### Child Taskcard ID: TC-SPW-001-07,6,UNRECONCILED,,
splendid-prancing-wind.md,TC-SPW-001-08,932,#### Child Taskcard ID: TC-SPW-001-08,5,UNRECONCILED,,
splendid-prancing-wind.md,TC-SPW-001-09,987,#### Child Taskcard ID: TC-SPW-001-09,4,UNRECONCILED,,
splendid-prancing-wind.md,TC-SPW-002-01,1077,#### Child Taskcard ID: TC-SPW-002-01,4,UNRECONCILED,,
splendid-prancing-wind.md,TC-SPW-002-02,1108,#### Child Taskcard ID: TC-SPW-002-02,4,UNRECONCILED,,
splendid-prancing-wind.md,TC-SPW-002-03,1142,#### Child Taskcard ID: TC-SPW-002-03,4,UNRECONCILED,,
splendid-prancing-wind.md,TC-SPW-002-04,1173,#### Child Taskcard ID: TC-SPW-002-04,3,UNRECONCILED,,
splendid-prancing-wind.md,TC-SPW-002-05,1200,#### Child Taskcard ID: TC-SPW-002-05,3,UNRECONCILED,,
splendid-prancing-wind.md,TC-SPW-002-06,1061,- TC-SPW-002-06: Integration verification,1,UNRECONCILED,,
splendid-prancing-wind.md,TC-SPW-003A-01,1270,#### Child Taskcard ID: TC-SPW-003A-01,4,UNRECONCILED,,
splendid-prancing-wind.md,TC-SPW-003A-02,1293,#### Child Taskcard ID: TC-SPW-003A-02,3,UNRECONCILED,,
splendid-prancing-wind.md,TC-SPW-003A-03,1328,#### Child Taskcard ID: TC-SPW-003A-03,3,UNRECONCILED,,
splendid-prancing-wind.md,TC-SPW-003A-04,1351,#### Child Taskcard ID: TC-SPW-003A-04,2,UNRECONCILED,,
splendid-prancing-wind.md,TC-SPW-003B-01,1432,#### Child Taskcard ID: TC-SPW-003B-01,5,UNRECONCILED,,
splendid-prancing-wind.md,TC-SPW-003B-02,1458,#### Child Taskcard ID: TC-SPW-003B-02,3,UNRECONCILED,,
splendid-prancing-wind.md,TC-SPW-003B-03,1506,#### Child Taskcard ID: TC-SPW-003B-03,2,UNRECONCILED,,
splendid-prancing-wind.md,TC-SPW-003B-04,1531,#### Child Taskcard ID: TC-SPW-003B-04,4,UNRECONCILED,,
splendid-prancing-wind.md,TC-SPW-003B-05,1556,#### Child Taskcard ID: TC-SPW-003B-05,3,UNRECONCILED,,
splendid-prancing-wind.md,TC-SPW-003B-06,1598,#### Child Taskcard ID: TC-SPW-003B-06,2,UNRECONCILED,,
splendid-prancing-wind.md,TC-SPW-003B-07,1627,#### Child Taskcard ID: TC-SPW-003B-07,2,UNRECONCILED,,
splendid-prancing-wind.md,TC-SPW-004-01,1697,#### Child Taskcard ID: TC-SPW-004-01,5,UNRECONCILED,,
splendid-prancing-wind.md,TC-SPW-004-02,1722,#### Child Taskcard ID: TC-SPW-004-02,3,UNRECONCILED,,
splendid-prancing-wind.md,TC-SPW-004-03,1764,#### Child Taskcard ID: TC-SPW-004-03,3,UNRECONCILED,,
splendid-prancing-wind.md,TC-SPW-004-04,1806,#### Child Taskcard ID: TC-SPW-004-04,2,UNRECONCILED,,
splendid-prancing-wind.md,TC-SPW-004-05,1836,#### Child Taskcard ID: TC-SPW-004-05,2,UNRECONCILED,,
splendid-prancing-wind.md,TC-SPW-004-06,1866,#### Child Taskcard ID: TC-SPW-004-06,2,UNRECONCILED,,
splendid-prancing-wind.md,TC-SPW-004-07,1891,#### Child Taskcard ID: TC-SPW-004-07,2,UNRECONCILED,,
splendid-prancing-wind.md,TC-SPW-005-01,1958,#### Child Taskcard ID: TC-SPW-005-01,5,UNRECONCILED,,
splendid-prancing-wind.md,TC-SPW-005-02,1983,#### Child Taskcard ID: TC-SPW-005-02,3,UNRECONCILED,,
splendid-prancing-wind.md,TC-SPW-005-03,2038,#### Child Taskcard ID: TC-SPW-005-03,2,UNRECONCILED,,
splendid-prancing-wind.md,TC-SPW-005-04,2066,#### Child Taskcard ID: TC-SPW-005-04,2,UNRECONCILED,,
splendid-prancing-wind.md,TC-SPW-005-05,2091,#### Child Taskcard ID: TC-SPW-005-05,2,UNRECONCILED,,
splendid-prancing-wind.md,TC-SPW-006-FORMULA,2145,- .local/design-artifacts/TC-SPW-006-FORMULA.yaml  (CREATE NEW),7,UNRECONCILED,,
splendid-prancing-wind.md,TC-SPW-006-01,2188,#### Child Taskcard ID: TC-SPW-006-01,5,UNRECONCILED,,
splendid-prancing-wind.md,TC-SPW-006-02,2214,#### Child Taskcard ID: TC-SPW-006-02,5,UNRECONCILED,,
splendid-prancing-wind.md,TC-SPW-006-03,2242,#### Child Taskcard ID: TC-SPW-006-03,3,UNRECONCILED,,
splendid-prancing-wind.md,TC-SPW-006-04,2293,#### Child Taskcard ID: TC-SPW-006-04,3,UNRECONCILED,,
splendid-prancing-wind.md,TC-SPW-006-05,2353,#### Child Taskcard ID: TC-SPW-006-05,2,UNRECONCILED,,
splendid-prancing-wind.md,TC-SPW-006-06,2381,#### Child Taskcard ID: TC-SPW-006-06,2,UNRECONCILED,,
splendid-prancing-wind.md,TC-SPW-006-07,2410,#### Child Taskcard ID: TC-SPW-006-07,4,UNRECONCILED,,
splendid-prancing-wind.md,TC-SPW-006-08,2460,#### Child Taskcard ID: TC-SPW-006-08,4,UNRECONCILED,,
splendid-prancing-wind.md,TC-SPW-006-09,2494,#### Child Taskcard ID: TC-SPW-006-09,2,UNRECONCILED,,
splendid-prancing-wind.md,TC-SPW-006-pilot,2506,sprint_id: TC-SPW-006-pilot,1,UNRECONCILED,,
splendid-prancing-wind.md,TC-SPW-006-pilot-fods,2524,"Completion check: Audit runs, output written to reports/product-quality/audit-TC-SPW-006-pilot-fods.yaml",1,UNRECONCILED,,
splendid-prancing-wind.md,TC-SPW-007-01,2562,#### Child Taskcard ID: TC-SPW-007-01,3,UNRECONCILED,,
splendid-prancing-wind.md,TC-SPW-007-02,2588,#### Child Taskcard ID: TC-SPW-007-02,4,UNRECONCILED,,
splendid-prancing-wind.md,TC-SPW-007-03,2612,#### Child Taskcard ID: TC-SPW-007-03,3,UNRECONCILED,,
splendid-prancing-wind.md,TC-SPW-006-09-02,2579,Action: Same command as TC-SPW-006-09-02,1,UNRECONCILED,,
splendid-prancing-wind.md,TC-ID,3162,5. Capture evidence immediately (write to .local/evidences/{TC-ID}/).,1,UNRECONCILED,,
splendid-prancing-wind.md,TC-SPW,3238,- All TC-SPW-* taskcards expanded into parent + child + micro-step format,2,UNRECONCILED,,
splendid-roaming-beaver.md,TC-SRB-000,416,| TC-SRB-000 | Copy plan and write plan lock | PARENT | PROPOSED | — |,16,UNRECONCILED,,
splendid-roaming-beaver.md,TC-SRB-090,463,| TC-SRB-090 | Production readiness audit | PARENT | PROPOSED | — |,9,UNRECONCILED,,
splendid-roaming-beaver.md,TC-SRB-RW1,407,| TC-SRB-RW1 | Resolve PQ-029-ADDRECORD | PARENT | PROPOSED | — |,19,UNRECONCILED,,
splendid-roaming-beaver.md,TC-SRB-RW2,411,| TC-SRB-RW2 | Resolve PQ-019-020-CLI-STUBS | PARENT | PROPOSED | — |,16,UNRECONCILED,,
splendid-roaming-beaver.md,TC-SRB-001,419,| TC-SRB-001 | Run check_continuation baseline | PARENT | PROPOSED | — |,13,UNRECONCILED,,
splendid-roaming-beaver.md,TC-SRB-002,422,| TC-SRB-002 | Capture state baseline | PARENT | PROPOSED | — |,11,UNRECONCILED,,
splendid-roaming-beaver.md,TC-SRB-010,423,| TC-SRB-010 | Build sprint inventory | PARENT | PROPOSED | — |,15,UNRECONCILED,,
splendid-roaming-beaver.md,TC-SRB-013,429,| TC-SRB-013 | Establish sprint identity contract | PARENT | PROPOSED | — |,11,UNRECONCILED,,
splendid-roaming-beaver.md,TC-SRB-RW1-01,408,| TC-SRB-RW1-01 | Verify AddRecord in NdjsonDocument.cs | CHILD | TODO | TC-SRB-RW1 |,7,UNRECONCILED,,
splendid-roaming-beaver.md,TC-SRB-RW1-02,409,| TC-SRB-RW1-02 | Implement AddRecord if missing | CHILD | TODO | TC-SRB-RW1 |,6,UNRECONCILED,,
splendid-roaming-beaver.md,TC-SRB-RW1-03,410,| TC-SRB-RW1-03 | Write test and declare evidence | CHILD | TODO | TC-SRB-RW1 |,5,UNRECONCILED,,
splendid-roaming-beaver.md,TC-SRB-RW2-01,412,| TC-SRB-RW2-01 | Audit 18 missing packages | CHILD | TODO | TC-SRB-RW2 |,6,UNRECONCILED,,
splendid-roaming-beaver.md,TC-SRB-RW2-02,413,| TC-SRB-RW2-02 | Implement CLI entry points for 18 packages | CHILD | TODO | TC-SRB-RW2 |,5,UNRECONCILED,,
splendid-roaming-beaver.md,TC-SRB-RW2-03,414,| TC-SRB-RW2-03 | Implement type stubs for 18 packages | CHILD | TODO | TC-SRB-RW2 |,5,UNRECONCILED,,
splendid-roaming-beaver.md,TC-SRB-RW2-04,415,| TC-SRB-RW2-04 | Test and declare evidence | CHILD | TODO | TC-SRB-RW2 |,4,UNRECONCILED,,
splendid-roaming-beaver.md,TC-SRB-000-01,417,| TC-SRB-000-01 | Copy plan file to repo | CHILD | TODO | TC-SRB-000 |,5,UNRECONCILED,,
splendid-roaming-beaver.md,TC-SRB-000-02,418,| TC-SRB-000-02 | Write plan lock | CHILD | TODO | TC-SRB-000 |,7,UNRECONCILED,,
splendid-roaming-beaver.md,TC-SRB-001-01,420,| TC-SRB-001-01 | Run check_continuation.py | CHILD | TODO | TC-SRB-001 |,5,UNRECONCILED,,
splendid-roaming-beaver.md,TC-SRB-001-02,421,| TC-SRB-001-02 | Fix any STOP condition | CHILD | TODO | TC-SRB-001 |,6,UNRECONCILED,,
splendid-roaming-beaver.md,TC-SRB-010-01,424,| TC-SRB-010-01 | Enumerate plan-locks | CHILD | TODO | TC-SRB-010 |,4,UNRECONCILED,,
splendid-roaming-beaver.md,TC-SRB-010-02,425,| TC-SRB-010-02 | Enumerate evidence bundles | CHILD | TODO | TC-SRB-010 |,4,UNRECONCILED,,
splendid-roaming-beaver.md,TC-SRB-010-03,426,| TC-SRB-010-03 | Write sprint-inventory.json | CHILD | TODO | TC-SRB-010 |,3,UNRECONCILED,,
splendid-roaming-beaver.md,TC-SRB-011,427,| TC-SRB-011 | Detect sprint anomalies | PARENT | PROPOSED | — |,6,UNRECONCILED,,
splendid-roaming-beaver.md,TC-SRB-012,428,| TC-SRB-012 | Fix stale/orphan locks | PARENT | PROPOSED | — |,6,UNRECONCILED,,
splendid-roaming-beaver.md,TC-SRB-020,430,| TC-SRB-020 | Implement sprint_number_allocator.py | PARENT | PROPOSED | — |,15,UNRECONCILED,,
splendid-roaming-beaver.md,TC-SRB-020-01,431,| TC-SRB-020-01 | Create ledger schema + empty ledger | CHILD | TODO | TC-SRB-020 |,3,UNRECONCILED,,
splendid-roaming-beaver.md,TC-SRB-020-02,432,| TC-SRB-020-02 | Implement load_ledger + find_highest | CHILD | TODO | TC-SRB-020 |,4,UNRECONCILED,,
splendid-roaming-beaver.md,TC-SRB-020-03,433,| TC-SRB-020-03 | Implement allocate subcommand | CHILD | TODO | TC-SRB-020 |,6,UNRECONCILED,,
splendid-roaming-beaver.md,TC-SRB-020-04,434,| TC-SRB-020-04 | Implement recover subcommand | CHILD | TODO | TC-SRB-020 |,3,UNRECONCILED,,
splendid-roaming-beaver.md,TC-SRB-020-05,435,| TC-SRB-020-05 | Implement status + list subcommands | CHILD | TODO | TC-SRB-020 |,3,UNRECONCILED,,
splendid-roaming-beaver.md,TC-SRB-021,436,| TC-SRB-021 | Register allocator as skill | PARENT | PROPOSED | — |,8,UNRECONCILED,,
splendid-roaming-beaver.md,TC-SRB-022,437,| TC-SRB-022 | Test allocator idempotency | PARENT | PROPOSED | — |,12,UNRECONCILED,,
splendid-roaming-beaver.md,TC-SRB-022-01,438,| TC-SRB-022-01 | Test same alias → same number | CHILD | TODO | TC-SRB-022 |,4,UNRECONCILED,,
splendid-roaming-beaver.md,TC-SRB-022-02,439,| TC-SRB-022-02 | Test different alias → next number | CHILD | TODO | TC-SRB-022 |,4,UNRECONCILED,,
splendid-roaming-beaver.md,TC-SRB-022-03,440,| TC-SRB-022-03 | Verify ledger entry count | CHILD | TODO | TC-SRB-022 |,3,UNRECONCILED,,
splendid-roaming-beaver.md,TC-SRB-022-04,441,| TC-SRB-022-04 | Verify no stale lock file remains | CHILD | TODO | TC-SRB-022 |,3,UNRECONCILED,,
splendid-roaming-beaver.md,TC-SRB-023,442,| TC-SRB-023 | Concurrent allocation safety pilot | PARENT | PROPOSED | — |,8,UNRECONCILED,,
splendid-roaming-beaver.md,TC-SRB-024,443,| TC-SRB-024 | Interrupted allocation recovery | PARENT | PROPOSED | — |,6,UNRECONCILED,,
splendid-roaming-beaver.md,TC-SRB-030,444,| TC-SRB-030 | Reproduce AUTONOMOUS_CONTINUE:NO | PARENT | PROPOSED | — |,7,UNRECONCILED,,
splendid-roaming-beaver.md,TC-SRB-031,445,| TC-SRB-031 | Add continuation_reason_codes field | PARENT | PROPOSED | — |,12,UNRECONCILED,,
splendid-roaming-beaver.md,TC-SRB-031-01,446,| TC-SRB-031-01 | Read autonomous_cycle.py signal writer | CHILD | TODO | TC-SRB-031 |,5,UNRECONCILED,,
splendid-roaming-beaver.md,TC-SRB-031-02,447,| TC-SRB-031-02 | Add continuation_reason_codes field | CHILD | TODO | TC-SRB-031 |,4,UNRECONCILED,,
splendid-roaming-beaver.md,TC-SRB-031-03,448,| TC-SRB-031-03 | Test field appears after autonomous-cycle | CHILD | TODO | TC-SRB-031 |,3,UNRECONCILED,,
splendid-roaming-beaver.md,TC-SRB-032,449,| TC-SRB-032 | Governance recovery pilot | PARENT | PROPOSED | — |,6,UNRECONCILED,,
splendid-roaming-beaver.md,TC-SRB-040,450,| TC-SRB-040 | Add production section to master-plan.md | PARENT | PROPOSED | — |,9,UNRECONCILED,,
splendid-roaming-beaver.md,TC-SRB-P01,451,| TC-SRB-P01 | Pilot 1: Sprint monotonicity | PARENT | PROPOSED | — |,6,UNRECONCILED,,
splendid-roaming-beaver.md,TC-SRB-P02,452,| TC-SRB-P02 | Pilot 2: Concurrent allocation | PARENT | PROPOSED | — |,5,UNRECONCILED,,
splendid-roaming-beaver.md,TC-SRB-P03,453,| TC-SRB-P03 | Pilot 3: Interrupted recovery | PARENT | PROPOSED | — |,4,UNRECONCILED,,
splendid-roaming-beaver.md,TC-SRB-P04,454,| TC-SRB-P04 | Pilot 4: Governance repair | PARENT | PROPOSED | — |,5,UNRECONCILED,,
splendid-roaming-beaver.md,TC-SRB-P05,455,| TC-SRB-P05 | Pilot 5: Missing skill handling | PARENT | PROPOSED | — |,5,UNRECONCILED,,
splendid-roaming-beaver.md,TC-SRB-P06,456,| TC-SRB-P06 | Pilot 6: Product deepening | PARENT | PROPOSED | — |,8,UNRECONCILED,,
splendid-roaming-beaver.md,TC-SRB-P07,457,| TC-SRB-P07 | Pilot 7: Shared machinery regression | PARENT | PROPOSED | — |,7,UNRECONCILED,,
splendid-roaming-beaver.md,TC-SRB-P08,458,| TC-SRB-P08 | Pilot 8: 3 consecutive autonomous sprints | PARENT | PROPOSED | — |,9,UNRECONCILED,,
splendid-roaming-beaver.md,TC-SRB-P09,459,| TC-SRB-P09 | Pilot 9: Gate 11 simulated stop | PARENT | PROPOSED | — |,6,UNRECONCILED,,
splendid-roaming-beaver.md,TC-SRB-P10,460,| TC-SRB-P10 | Pilot 10: No-change idempotency | PARENT | PROPOSED | — |,7,UNRECONCILED,,
splendid-roaming-beaver.md,TC-SRB-070,461,| TC-SRB-070 | Product deepening sprint 1 | PARENT | PROPOSED | — |,7,UNRECONCILED,,
splendid-roaming-beaver.md,TC-SRB-071,462,| TC-SRB-071 | Product deepening sprint 2 | PARENT | PROPOSED | — |,6,UNRECONCILED,,
splendid-roaming-beaver.md,TC-SRB-040-01,1999,#### TC-SRB-040-01 — Locate insertion point in master-plan.md,3,UNRECONCILED,,
splendid-roaming-beaver.md,TC-SRB-040-02,2027,#### TC-SRB-040-02 — Append production design section,2,UNRECONCILED,,
splendid-roaming-beaver.md,TC-SRB-NNN,2676,- taskcard_id: TC-SRB-NNN,1,UNRECONCILED,,
splendid-roaming-beaver.md,TC-SRB,2775,stable_id_prefix: TC-SRB-,1,UNRECONCILED,,
splendid-squishing-orbit.md,TC-001,2633,| TC-001 | fods-missing-methods-origin.yaml exists | Check file at path | file present; YAML parses | YES | evidence |,15,UNRECONCILED,,
splendid-squishing-orbit.md,TC-002,2635,| TC-002 | All OPEN gaps have existent files | Grep listed paths | All paths exist | YES | integration |,9,UNRECONCILED,,
splendid-squishing-orbit.md,TC-003,2637,| TC-003 | V88 fires on SetRowHeight (FodsDocumentEditOps.cs) | Run V88 on file | Finding reported | YES | unit |,20,UNRECONCILED,,
splendid-squishing-orbit.md,TC-004,2641,| TC-004 | New `return false;` in PRODUCT_SOURCE → blocks sprint | Synthetic test | V87 FAIL | YES | unit |,14,UNRECONCILED,,
splendid-squishing-orbit.md,TC-005,2643,| TC-005 | New dict-only setter → V90 blocks sprint | Synthetic test | V90 FAIL | YES | unit |,6,UNRECONCILED,,
splendid-squishing-orbit.md,TC-006,2644,| TC-006 | Expired whitelist entry → blocks sprint | Synthetic test (past review_due) | V_WHITELIST_EXPIRY FAIL | YES | unit |,8,UNRECONCILED,,
splendid-squishing-orbit.md,TC-007,2645,| TC-007 | data_source=unsupported property → oracle D0 | Oracle unit test | depth_level=D0 | YES | unit |,10,UNRECONCILED,,
splendid-squishing-orbit.md,TC-008,2646,| TC-008 | PERSISTENT_PROPERTY without roundtrip → WARN | Synthetic declaration | Phase 13 WARN | YES | unit |,11,UNRECONCILED,,
splendid-squishing-orbit.md,TC-009,2647,| TC-009 | New COLLECTION_STUB comment → blocks sprint | Synthetic .cs file | Validator FAIL | YES | unit |,11,UNRECONCILED,,
splendid-squishing-orbit.md,TC-010,2648,| TC-010 | Goal without spec_fact_id → UNSUPPORTED task | Unit test on generator | Task type=UNSUPPORTED | YES | unit |,12,UNRECONCILED,,
splendid-squishing-orbit.md,TC-011,2649,| TC-011 | OPEN gap with absent file → drift report | Run cycle mock | gap-ledger-drift.json shows gap | YES | integration |,7,UNRECONCILED,,
splendid-squishing-orbit.md,TC-012,2650,"| TC-012 | No COLLECTION_STUB dict fields in SheetFeatures | Grep _filters,_pageBreaks,_groups,_sheetProtection | 0 occurrences | YES | source |",29,UNRECONCILED,,
splendid-squishing-orbit.md,TC-013,1787,#### TC-FGSQ-014-04 — Create gaps for failures; extend TC-013 if needed,28,UNRECONCILED,,
splendid-squishing-orbit.md,TC-014,2655,| TC-014 | CATEGORY_B_FULLY_VERIFIED or new gaps created | category-b-verification.yaml | Explicit status | YES | evidence |,17,UNRECONCILED,,
splendid-squishing-orbit.md,TC-015,2656,| TC-015 | GetSheetRightToLeft throws NSE | dotnet test focused test | Test passes | YES | unit |,13,UNRECONCILED,,
splendid-squishing-orbit.md,TC-016,2657,| TC-016 | FodsDocumentExtendedApis.cs absent | ls src/net/fods/ | Not in listing | YES | source |,10,UNRECONCILED,,
splendid-squishing-orbit.md,TC-017,2660,| TC-017 | FodsDocument.cs ≤800 LOC | wc -l or python count | ≤800 | YES | source |,7,UNRECONCILED,,
splendid-squishing-orbit.md,TC-018,2662,| TC-018 | V65/V77 PASS for Python FODS | governance_validator_runner.py | V65/V77 PASS | YES | integration |,14,UNRECONCILED,,
splendid-squishing-orbit.md,TC-019,2664,| TC-019 | Zero DICT_DEFAULT tests remain | Re-run classification | 0 in DICT_DEFAULT category | YES | validation |,5,UNRECONCILED,,
splendid-squishing-orbit.md,TC-020,2665,| TC-020 | All 8 roundtrip tests pass | dotnet test focused | 8/8 pass | YES | integration |,4,UNRECONCILED,,
splendid-squishing-orbit.md,TC-021,2666,| TC-021 | PRODUCT_LIBRARIES_NOT_SCANNED = 0 (.NET) | Read inventory YAML | 0 | YES | evidence |,11,UNRECONCILED,,
splendid-squishing-orbit.md,TC-022,2667,| TC-022 | PRODUCT_LIBRARIES_NOT_SCANNED = 0 (Python) | Read inventory YAML | 0 | YES | evidence |,7,UNRECONCILED,,
splendid-squishing-orbit.md,TC-023,2668,| TC-023 | No Gate 11 criterion counts UNSUPPORTED as PASS | Read format-registry.yaml | All affected = REOPENED | YES | evidence |,6,UNRECONCILED,,
splendid-squishing-orbit.md,TC-024,2669,| TC-024 | All 10 pilots recorded | Read fods-pilot-results.yaml | 10 entries | YES | evidence |,7,UNRECONCILED,,
splendid-squishing-orbit.md,TC-025,2670,| TC-025 | All required counters = 0 (Run 1) | Read fods-final-verification.yaml | All = 0 | YES | validation |,6,UNRECONCILED,,
splendid-squishing-orbit.md,TC-FGSQ-001,258,### TC-FGSQ-001 — Build Method Ledger for FodsDocumentExtendedApis.cs,12,UNRECONCILED,,
splendid-squishing-orbit.md,TC-FGSQ-012,1429,### TC-FGSQ-012 — Resolve COLLECTION_STUB Methods in SheetFeatures.cs,13,UNRECONCILED,,
splendid-squishing-orbit.md,TC-FGSQ-013,1556,### TC-FGSQ-013 — Resolve All TODO(GI-FODS-NET-*) Stubs,19,UNRECONCILED,,
splendid-squishing-orbit.md,TC-FGSQ-014,1728,### TC-FGSQ-014 — Verify Category B XML Grounding Is Real,7,UNRECONCILED,,
splendid-squishing-orbit.md,TC-FGSQ-001-01,288,#### TC-FGSQ-001-01 — Read and inventory all public methods in ExtendedApis.cs,4,UNRECONCILED,,
splendid-squishing-orbit.md,TC-FGSQ-001-02,306,#### TC-FGSQ-001-02 — Trace each getter to dict vs XElement,4,UNRECONCILED,,
splendid-squishing-orbit.md,TC-FGSQ-001-03,324,#### TC-FGSQ-001-03 — Trace each setter to dict vs SetAttributeValue,4,UNRECONCILED,,
splendid-squishing-orbit.md,TC-FGSQ-001-04,342,#### TC-FGSQ-001-04 — Assign disposition to each method,4,UNRECONCILED,,
splendid-squishing-orbit.md,TC-FGSQ-001-05,367,#### TC-FGSQ-001-05 — Write fods-missing-methods-origin.yaml,3,UNRECONCILED,,
splendid-squishing-orbit.md,TC-FGSQ-002,386,### TC-FGSQ-002 — Reconcile Gap Ledger to Current Code Topology,9,UNRECONCILED,,
splendid-squishing-orbit.md,TC-FGSQ-002-01,414,#### TC-FGSQ-002-01 — Read complete gap ledger,5,UNRECONCILED,,
splendid-squishing-orbit.md,TC-FGSQ-011,1343,### TC-FGSQ-011 — Add Gap Ledger File-System Reconciliation to Autonomous Cycle,7,UNRECONCILED,,
splendid-squishing-orbit.md,TC-FGSQ-002-02,430,#### TC-FGSQ-002-02 — Verify file existence for each OPEN gap,4,UNRECONCILED,,
splendid-squishing-orbit.md,TC-FGSQ-002-03,446,#### TC-FGSQ-002-03 — Update PCG-006/007 files: lists,4,UNRECONCILED,,
splendid-squishing-orbit.md,TC-FGSQ-002-04,463,#### TC-FGSQ-002-04 — Map GI-FODS-NET-* comments to current file and line,4,UNRECONCILED,,
splendid-squishing-orbit.md,TC-FGSQ-002-05,478,#### TC-FGSQ-002-05 — Add reconciled_at timestamps,3,UNRECONCILED,,
splendid-squishing-orbit.md,TC-FGSQ-003,504,### TC-FGSQ-003 — Rewrite V88 with Per-Method Setter Analysis,12,UNRECONCILED,,
splendid-squishing-orbit.md,TC-FGSQ-005,815,### TC-FGSQ-005 — Change V90/V91 from Warn to Block,8,UNRECONCILED,,
splendid-squishing-orbit.md,TC-FGSQ-004,694,### TC-FGSQ-004 — Remove PRODUCT_SOURCE Exemption from V87,10,UNRECONCILED,,
splendid-squishing-orbit.md,TC-FGSQ-006,909,### TC-FGSQ-006 — Add Governance to the V87 Whitelist,9,UNRECONCILED,,
splendid-squishing-orbit.md,TC-FGSQ-003-01,556,#### TC-FGSQ-003-01 — Read current V88 implementation,3,UNRECONCILED,,
splendid-squishing-orbit.md,TC-FGSQ-003-02,573,#### TC-FGSQ-003-02 — Implement extract_method_bodies() helper,6,UNRECONCILED,,
splendid-squishing-orbit.md,TC-FGSQ-003-03,590,#### TC-FGSQ-003-03 — Implement check_setter_without_xml_write(),3,UNRECONCILED,,
splendid-squishing-orbit.md,TC-FGSQ-003-04,608,#### TC-FGSQ-003-04 — Implement check_getter_without_xml_read(),3,UNRECONCILED,,
splendid-squishing-orbit.md,TC-FGSQ-003-05,625,#### TC-FGSQ-003-05 — Replace old proximity logic; set blocks_sprint=True,5,UNRECONCILED,,
splendid-squishing-orbit.md,TC-FGSQ-003-06,643,#### TC-FGSQ-003-06 — Create synthetic test fixture .cs files,4,UNRECONCILED,,
splendid-squishing-orbit.md,TC-FGSQ-003-07,659,#### TC-FGSQ-003-07 — Write unit tests for V88,3,UNRECONCILED,,
splendid-squishing-orbit.md,TC-FGSQ-003-08,677,#### TC-FGSQ-003-08 — Update expected_count in governance runner,3,UNRECONCILED,,
splendid-squishing-orbit.md,TC-FGSQ-007,991,### TC-FGSQ-007 — Add Data Provenance to Oracle Depth Scoring,8,UNRECONCILED,,
splendid-squishing-orbit.md,TC-FGSQ-004-01,720,#### TC-FGSQ-004-01 — Read current V87 logic,3,UNRECONCILED,,
splendid-squishing-orbit.md,TC-FGSQ-004-02,734,#### TC-FGSQ-004-02 — Enumerate existing constant-return public methods,4,UNRECONCILED,,
splendid-squishing-orbit.md,TC-FGSQ-004-03,749,#### TC-FGSQ-004-03 — Add existing violations to whitelist with grandfathering,5,UNRECONCILED,,
splendid-squishing-orbit.md,TC-FGSQ-004-04,768,#### TC-FGSQ-004-04 — Change V87 to block PRODUCT_SOURCE,4,UNRECONCILED,,
splendid-squishing-orbit.md,TC-FGSQ-004-05,784,#### TC-FGSQ-004-05 — Write V87 unit tests,4,UNRECONCILED,,
splendid-squishing-orbit.md,TC-FGSQ-004-06,799,#### TC-FGSQ-004-06 — Integration run,3,UNRECONCILED,,
splendid-squishing-orbit.md,TC-FGSQ-005-01,837,#### TC-FGSQ-005-01 — Read current V90/V91,3,UNRECONCILED,,
splendid-squishing-orbit.md,TC-FGSQ-005-02,851,#### TC-FGSQ-005-02 — Enumerate current V90/V91 violations,4,UNRECONCILED,,
splendid-squishing-orbit.md,TC-FGSQ-005-03,865,#### TC-FGSQ-005-03 — Add V90/V91 violations to whitelist,4,UNRECONCILED,,
splendid-squishing-orbit.md,TC-FGSQ-005-04,880,#### TC-FGSQ-005-04 — Set blocks_sprint=True for V90/V91,3,UNRECONCILED,,
splendid-squishing-orbit.md,TC-FGSQ-005-05,894,#### TC-FGSQ-005-05 — Write unit tests and integration run,3,UNRECONCILED,,
splendid-squishing-orbit.md,TC-004-03,871,- MS-005-03-01: For each method in existing-v90-v91-violations.yaml: add whitelist entry (same grandfathering fields as TC-004-03),3,UNRECONCILED,,
splendid-squishing-orbit.md,TC-FGSQ-008,1091,### TC-FGSQ-008 — Add Persistent-Property Roundtrip Requirement to Sprint Validator,7,UNRECONCILED,,
splendid-squishing-orbit.md,TC-FGSQ-006-01,930,#### TC-FGSQ-006-01 — Verify governance fields in whitelist,2,UNRECONCILED,,
splendid-squishing-orbit.md,TC-FGSQ-006-02,944,#### TC-FGSQ-006-02 — Implement V_WHITELIST_EXPIRY validator,3,UNRECONCILED,,
splendid-squishing-orbit.md,TC-FGSQ-006-03,963,#### TC-FGSQ-006-03 — Register validator; update expected_count,3,UNRECONCILED,,
splendid-squishing-orbit.md,TC-FGSQ-006-04,977,#### TC-FGSQ-006-04 — Write unit tests for V_WHITELIST_EXPIRY,3,UNRECONCILED,,
splendid-squishing-orbit.md,TC-FGSQ-007-01,1018,#### TC-FGSQ-007-01 — Read current make_verdict() and depth logic,2,UNRECONCILED,,
splendid-squishing-orbit.md,TC-FGSQ-007-02,1032,#### TC-FGSQ-007-02 — Add data_source field to oracle package schema,3,UNRECONCILED,,
splendid-squishing-orbit.md,TC-FGSQ-007-03,1047,#### TC-FGSQ-007-03 — Update make_verdict() to use data_source for depth downgrade,3,UNRECONCILED,,
splendid-squishing-orbit.md,TC-FGSQ-007-04,1061,#### TC-FGSQ-007-04 — Update FODS oracle package YAMLs with data_source,3,UNRECONCILED,,
splendid-squishing-orbit.md,TC-FGSQ-007-05,1077,#### TC-FGSQ-007-05 — Unit tests and oracle run,3,UNRECONCILED,,
splendid-squishing-orbit.md,TC-FGSQ-008-01,1106,#### TC-FGSQ-008-01 — Read current sprint validator phases,3,UNRECONCILED,,
splendid-squishing-orbit.md,TC-FGSQ-008-02,1120,#### TC-FGSQ-008-02 — Define work_type taxonomy,4,UNRECONCILED,,
splendid-squishing-orbit.md,TC-FGSQ-008-03,1143,#### TC-FGSQ-008-03 — Implement Phase 13 check,4,UNRECONCILED,,
splendid-squishing-orbit.md,TC-FGSQ-008-04,1162,#### TC-FGSQ-008-04 — Write test fixtures and unit tests,3,UNRECONCILED,,
splendid-squishing-orbit.md,TC-FGSQ-009,1179,### TC-FGSQ-009 — Abolish COLLECTION_STUB Comment Marker,6,UNRECONCILED,,
splendid-squishing-orbit.md,TC-FGSQ-009-01,1194,#### TC-FGSQ-009-01 — Find and record all current COLLECTION_STUB occurrences,3,UNRECONCILED,,
splendid-squishing-orbit.md,TC-FGSQ-009-02,1208,#### TC-FGSQ-009-02 — Implement validate_collection_stub_comment() validator,3,UNRECONCILED,,
splendid-squishing-orbit.md,TC-FGSQ-009-03,1223,#### TC-FGSQ-009-03 — Register; update expected_count; write unit tests,3,UNRECONCILED,,
splendid-squishing-orbit.md,TC-FGSQ-009-04,1237,#### TC-FGSQ-009-04 — Add collection_stub_count to declaration self-assessment,3,UNRECONCILED,,
splendid-squishing-orbit.md,TC-FGSQ-010,1251,### TC-FGSQ-010 — Add Spec-Grounding Pre-Condition to Task Generation,7,UNRECONCILED,,
splendid-squishing-orbit.md,TC-FGSQ-010-01,1267,#### TC-FGSQ-010-01 — Read generator and EXPANSION_GOALS structure,3,UNRECONCILED,,
splendid-squishing-orbit.md,TC-FGSQ-010-02,1281,#### TC-FGSQ-010-02 — Locate SAL index and QName registry,4,UNRECONCILED,,
splendid-squishing-orbit.md,TC-FGSQ-010-03,1296,#### TC-FGSQ-010-03 — Implement validate_expansion_goal_authority(),4,UNRECONCILED,,
splendid-squishing-orbit.md,TC-FGSQ-010-04,1314,#### TC-FGSQ-010-04 — Wire into task generation loop,3,UNRECONCILED,,
splendid-squishing-orbit.md,TC-FGSQ-010-05,1329,#### TC-FGSQ-010-05 — Write unit tests,3,UNRECONCILED,,
splendid-squishing-orbit.md,TC-FGSQ-011-01,1359,#### TC-FGSQ-011-01 — Find insertion point in autonomous_cycle.py,3,UNRECONCILED,,
splendid-squishing-orbit.md,TC-FGSQ-011-02,1372,#### TC-FGSQ-011-02 — Implement reconcile_gap_ledger_files(),4,UNRECONCILED,,
splendid-squishing-orbit.md,TC-FGSQ-011-03,1389,#### TC-FGSQ-011-03 — Write gap-ledger-drift.json output format,4,UNRECONCILED,,
splendid-squishing-orbit.md,TC-FGSQ-011-04,1405,#### TC-FGSQ-011-04 — Wire into cycle; unit tests,3,UNRECONCILED,,
splendid-squishing-orbit.md,TC-FGSQ-016,1860,### TC-FGSQ-016 — Remove FodsDocumentExtendedApis.cs,8,UNRECONCILED,,
splendid-squishing-orbit.md,TC-FGSQ-012-01,1462,#### TC-FGSQ-012-01 — Read current COLLECTION_STUB implementations,3,UNRECONCILED,,
splendid-squishing-orbit.md,TC-FGSQ-012-02,1476,#### TC-FGSQ-012-02 — Implement filters: XML read + write + remove dict,4,UNRECONCILED,,
splendid-squishing-orbit.md,TC-FGSQ-012-03,1493,#### TC-FGSQ-012-03 — Implement page breaks: XML read + write + remove dict,3,UNRECONCILED,,
splendid-squishing-orbit.md,TC-FGSQ-012-04,1509,#### TC-FGSQ-012-04 — Implement row groups: XML read + write + remove dict,3,UNRECONCILED,,
splendid-squishing-orbit.md,TC-FGSQ-012-05,1525,#### TC-FGSQ-012-05 — Sheet protection: IMPLEMENT (no-password) + UNSUPPORTED (password),3,UNRECONCILED,,
splendid-squishing-orbit.md,TC-FGSQ-012-06,1542,#### TC-FGSQ-012-06 — Run full test suite,3,UNRECONCILED,,
splendid-squishing-orbit.md,TC-012-0N,1548,- MS-012-06-02: If failures: triage each failure; fix in the appropriate TC-012-0N (do not bundle fixes),1,UNRECONCILED,,
splendid-squishing-orbit.md,TC-FGSQ-020,2157,### TC-FGSQ-020 — Add Roundtrip Tests for All Newly-Implemented Methods,4,UNRECONCILED,,
splendid-squishing-orbit.md,TC-FGSQ-013-01,1593,#### TC-FGSQ-013-01 — UNSUPPORTED: charts (remove _charts; NotSupportedException),3,UNRECONCILED,,
splendid-squishing-orbit.md,TC-FGSQ-013-02,1610,#### TC-FGSQ-013-02 — UNSUPPORTED: conditional formats (remove _conditionalFormats),3,UNRECONCILED,,
splendid-squishing-orbit.md,TC-FGSQ-013-03,1626,#### TC-FGSQ-013-03 — UNSUPPORTED: pivot tables and sparklines (remove 4 dicts),3,UNRECONCILED,,
splendid-squishing-orbit.md,TC-FGSQ-013-04,1641,#### TC-FGSQ-013-04 — IMPLEMENT: data validation (GI-008),3,UNRECONCILED,,
splendid-squishing-orbit.md,TC-FGSQ-013-05,1659,#### TC-FGSQ-013-05 — IMPLEMENT: hyperlinks (GI-009) — add preservation test FIRST,3,UNRECONCILED,,
splendid-squishing-orbit.md,TC-FGSQ-013-06,1678,#### TC-FGSQ-013-06 — IMPLEMENT: row heights (GI-010),3,UNRECONCILED,,
splendid-squishing-orbit.md,TC-FGSQ-013-07,1695,#### TC-FGSQ-013-07 — IMPLEMENT: named ranges (GI-011),4,UNRECONCILED,,
splendid-squishing-orbit.md,TC-FGSQ-013-08,1713,#### TC-FGSQ-013-08 — Run full test suite,3,UNRECONCILED,,
splendid-squishing-orbit.md,TC-FGSQ-014-01,1744,#### TC-FGSQ-014-01 — List all _cell* dict fields,4,UNRECONCILED,,
splendid-squishing-orbit.md,TC-FGSQ-014-02,1757,#### TC-FGSQ-014-02 — Trace each getter,4,UNRECONCILED,,
splendid-squishing-orbit.md,TC-FGSQ-014-03,1772,#### TC-FGSQ-014-03 — Trace each setter,4,UNRECONCILED,,
splendid-squishing-orbit.md,TC-FGSQ-014-04,1787,#### TC-FGSQ-014-04 — Create gaps for failures; extend TC-013 if needed,3,UNRECONCILED,,
splendid-squishing-orbit.md,TC-FGSQ-013-09,1794,"- MS-014-04-03: For each new gap: add corresponding implementation taskcard to TC-FGSQ-013 (extend with child TC-FGSQ-013-09, -10, etc.)",1,UNRECONCILED,,
splendid-squishing-orbit.md,TC-FGSQ-015,1802,### TC-FGSQ-015 — Resolve GetSheetRightToLeft() Hardcoded False,6,UNRECONCILED,,
splendid-squishing-orbit.md,TC-FGSQ-015-01,1817,#### TC-FGSQ-015-01 — Read and confirm current implementation,2,UNRECONCILED,,
splendid-squishing-orbit.md,TC-FGSQ-015-02,1831,#### TC-FGSQ-015-02 — Replace with NotSupportedException,4,UNRECONCILED,,
splendid-squishing-orbit.md,TC-FGSQ-015-03,1846,#### TC-FGSQ-015-03 — Update tests,3,UNRECONCILED,,
splendid-squishing-orbit.md,TC-FGSQ-016-01,1876,#### TC-FGSQ-016-01 — Verify all methods disposed,4,UNRECONCILED,,
splendid-squishing-orbit.md,TC-FGSQ-016-02,1892,#### TC-FGSQ-016-02 — Full test suite pre-deletion check,4,UNRECONCILED,,
splendid-squishing-orbit.md,TC-FGSQ-016-03,1905,#### TC-FGSQ-016-03 — Delete file; verify build and tests,5,UNRECONCILED,,
splendid-squishing-orbit.md,TC-FGSQ-016-04,1920,#### TC-FGSQ-016-04 — Update gap ledger and baseline,3,UNRECONCILED,,
splendid-squishing-orbit.md,TC-FGSQ-017,1934,### TC-FGSQ-017 — Reduce LOC Violations in FodsDocument.cs and FodsDocumentReadOps.cs,5,UNRECONCILED,,
splendid-squishing-orbit.md,TC-FGSQ-017-01,1947,#### TC-FGSQ-017-01 — Re-measure LOC,3,UNRECONCILED,,
splendid-squishing-orbit.md,TC-FGSQ-017-02,1962,#### TC-FGSQ-017-02 — Move excess methods to appropriate partial files,4,UNRECONCILED,,
splendid-squishing-orbit.md,TC-FGSQ-017-03,1978,#### TC-FGSQ-017-03 — Update baseline_loc_cap downward only,4,UNRECONCILED,,
splendid-squishing-orbit.md,TC-017-02,1955,- MS-017-01-04: If FodsDocument.cs ≤800 AND FodsDocumentReadOps.cs ≤800: skip TC-017-02; proceed to TC-017-03,1,UNRECONCILED,,
splendid-squishing-orbit.md,TC-017-03,1955,- MS-017-01-04: If FodsDocument.cs ≤800 AND FodsDocumentReadOps.cs ≤800: skip TC-017-02; proceed to TC-017-03,1,UNRECONCILED,,
splendid-squishing-orbit.md,TC-017-01,1963,**Status:** TODO | **Parent:** TC-FGSQ-017 | **CONDITION:** Only if TC-017-01 shows either file > 800 LOC,1,UNRECONCILED,,
splendid-squishing-orbit.md,TC-FGSQ-018,2000,### TC-FGSQ-018 — Fix Python FODS PCG-003/004/005,7,UNRECONCILED,,
splendid-squishing-orbit.md,TC-FGSQ-019,2081,### TC-FGSQ-019 — Classify and Repair Tests for Changed Methods,7,UNRECONCILED,,
splendid-squishing-orbit.md,TC-FGSQ-018-01,2015,#### TC-FGSQ-018-01 — Rename spreadsheet_document.py; remove spec_qname,3,UNRECONCILED,,
splendid-squishing-orbit.md,TC-FGSQ-018-02,2032,#### TC-FGSQ-018-02 — Rename spreadsheet_model_document.py,3,UNRECONCILED,,
splendid-squishing-orbit.md,TC-FGSQ-018-03,2045,#### TC-FGSQ-018-03 — Rename neutral_model.py; replace wildcards; add __all__,3,UNRECONCILED,,
splendid-squishing-orbit.md,TC-FGSQ-018-04,2059,#### TC-FGSQ-018-04 — Update test imports; sync site-packages; run tests,3,UNRECONCILED,,
splendid-squishing-orbit.md,TC-FGSQ-019-01,2096,#### TC-FGSQ-019-01 — Classify all existing tests,3,UNRECONCILED,,
splendid-squishing-orbit.md,TC-FGSQ-019-02,2114,#### TC-FGSQ-019-02 — Remove DICT_DEFAULT/COMPILATION_ONLY tests; add NSE assertions,4,UNRECONCILED,,
splendid-squishing-orbit.md,TC-FGSQ-019-03,2130,#### TC-FGSQ-019-03 — Verify remaining tests are real,3,UNRECONCILED,,
splendid-squishing-orbit.md,TC-FGSQ-019-04,2144,#### TC-FGSQ-019-04 — Run full test suite,3,UNRECONCILED,,
splendid-squishing-orbit.md,TC-019-01,2135,- MS-019-03-01: Re-classify all remaining tests using same rules as TC-019-01,2,UNRECONCILED,,
splendid-squishing-orbit.md,TC-FGSQ-020-01,2165,- TC-FGSQ-020-01: Filters roundtrip test (TC-012),1,UNRECONCILED,,
splendid-squishing-orbit.md,TC-FGSQ-020-02,2166,- TC-FGSQ-020-02: Page breaks roundtrip test (TC-012),1,UNRECONCILED,,
splendid-squishing-orbit.md,TC-FGSQ-020-03,2167,- TC-FGSQ-020-03: Row groups roundtrip test (TC-012),1,UNRECONCILED,,
splendid-squishing-orbit.md,TC-FGSQ-020-04,2168,- TC-FGSQ-020-04: Sheet protection roundtrip test (TC-012),1,UNRECONCILED,,
splendid-squishing-orbit.md,TC-FGSQ-020-05,2169,- TC-FGSQ-020-05: Data validation roundtrip test (TC-013-04),1,UNRECONCILED,,
splendid-squishing-orbit.md,TC-013-04,2169,- TC-FGSQ-020-05: Data validation roundtrip test (TC-013-04),2,UNRECONCILED,,
splendid-squishing-orbit.md,TC-FGSQ-020-06,2170,- TC-FGSQ-020-06: Hyperlinks roundtrip test (TC-013-05),1,UNRECONCILED,,
splendid-squishing-orbit.md,TC-013-05,2170,- TC-FGSQ-020-06: Hyperlinks roundtrip test (TC-013-05),2,UNRECONCILED,,
splendid-squishing-orbit.md,TC-FGSQ-020-07,2171,- TC-FGSQ-020-07: Row heights roundtrip test (TC-013-06),1,UNRECONCILED,,
splendid-squishing-orbit.md,TC-013-06,2171,- TC-FGSQ-020-07: Row heights roundtrip test (TC-013-06),2,UNRECONCILED,,
splendid-squishing-orbit.md,TC-FGSQ-020-08,2172,- TC-FGSQ-020-08: Named ranges roundtrip test (TC-013-07),1,UNRECONCILED,,
splendid-squishing-orbit.md,TC-013-07,2172,- TC-FGSQ-020-08: Named ranges roundtrip test (TC-013-07),2,UNRECONCILED,,
splendid-squishing-orbit.md,TC-FGSQ-020-09,2173,- TC-FGSQ-020-09: Run all new roundtrip tests,1,UNRECONCILED,,
splendid-squishing-orbit.md,TC-020-07,2175,Each child micro-step pattern (example for TC-020-07 row heights):,1,UNRECONCILED,,
splendid-squishing-orbit.md,TC-FGSQ-021,2194,### TC-FGSQ-021 — Scan All .NET Products for Semantic-Stub Patterns,4,UNRECONCILED,,
splendid-squishing-orbit.md,TC-FGSQ-021-01,2210,#### TC-FGSQ-021-01 — Scan each .NET product,3,UNRECONCILED,,
splendid-squishing-orbit.md,TC-FGSQ-021-02,2227,#### TC-FGSQ-021-02 — Add CONFIRMED findings to gap ledger,3,UNRECONCILED,,
splendid-squishing-orbit.md,TC-FGSQ-021-03,2241,#### TC-FGSQ-021-03 — Write semantic-stub-inventory.yaml,3,UNRECONCILED,,
splendid-squishing-orbit.md,TC-FGSQ-022,2253,### TC-FGSQ-022 — Scan All Python Products for Semantic-Stub Patterns,3,UNRECONCILED,,
splendid-squishing-orbit.md,TC-FGSQ-022-01,2266,#### TC-FGSQ-022-01 — Scan Python products,2,UNRECONCILED,,
splendid-squishing-orbit.md,TC-FGSQ-022-02,2280,#### TC-FGSQ-022-02 — Add CONFIRMED findings to gap ledger; write inventory,3,UNRECONCILED,,
splendid-squishing-orbit.md,TC-FGSQ-023,2296,### TC-FGSQ-023 — Reopen Gate 11 Sub-Criteria Relying on Stub Behavior,4,UNRECONCILED,,
splendid-squishing-orbit.md,TC-FGSQ-023-01,2310,#### TC-FGSQ-023-01 — Read Gate 11 criteria,2,UNRECONCILED,,
splendid-squishing-orbit.md,TC-FGSQ-023-02,2323,#### TC-FGSQ-023-02 — Mark affected criteria REOPENED,3,UNRECONCILED,,
splendid-squishing-orbit.md,TC-FGSQ-023-03,2337,#### TC-FGSQ-023-03 — Update coverage denominator,3,UNRECONCILED,,
splendid-squishing-orbit.md,TC-FGSQ-024,2356,### TC-FGSQ-024 — Run All 10 Required Pilots,3,UNRECONCILED,,
splendid-squishing-orbit.md,TC-FGSQ-024-01,2362,"- TC-FGSQ-024-01: Pilot 1 — Existing document inspection (load real FODS, verify values from XML)",1,UNRECONCILED,,
splendid-squishing-orbit.md,TC-FGSQ-024-02,2363,- TC-FGSQ-024-02: Pilot 2 — Edit and roundtrip (cell value edit → Save → Load → verify),1,UNRECONCILED,,
splendid-squishing-orbit.md,TC-FGSQ-024-03,2364,- TC-FGSQ-024-03: Pilot 3 — Preservation (edit one property; verify others unchanged),1,UNRECONCILED,,
splendid-squishing-orbit.md,TC-FGSQ-024-04,2365,- TC-FGSQ-024-04: Pilot 4 — Unsupported feature (GetChartTitle() → verify NotSupportedException),1,UNRECONCILED,,
splendid-squishing-orbit.md,TC-FGSQ-024-05,2366,- TC-FGSQ-024-05: Pilot 5 — Invalid domain value (null sheetName → verify ArgumentException),1,UNRECONCILED,,
splendid-squishing-orbit.md,TC-FGSQ-024-06,2367,- TC-FGSQ-024-06: Pilot 6 — Consumer API (use FodsDocument from external consumer test),1,UNRECONCILED,,
splendid-squishing-orbit.md,TC-FGSQ-024-07,2368,- TC-FGSQ-024-07: Pilot 7 — Semantic stub detection (introduce synthetic dict field → V88 fires),1,UNRECONCILED,,
splendid-squishing-orbit.md,TC-FGSQ-024-08,2369,- TC-FGSQ-024-08: Pilot 8 — Suspicious file detection (create temp MissingMethods.cs → V89 fires),1,UNRECONCILED,,
splendid-squishing-orbit.md,TC-FGSQ-024-09,2370,- TC-FGSQ-024-09: Pilot 9 — Certification (run FODS cert suite; verify counts match TC-023),1,UNRECONCILED,,
splendid-squishing-orbit.md,TC-FGSQ-024-10,2371,- TC-FGSQ-024-10: Pilot 10 — Idempotency (re-run validators + tests; verify no changes),1,UNRECONCILED,,
splendid-squishing-orbit.md,TC-FGSQ-025,2383,### TC-FGSQ-025 — Final Verification and Idempotency,5,UNRECONCILED,,
splendid-squishing-orbit.md,TC-FGSQ-025-01,2398,#### TC-FGSQ-025-01 — Check all required counters,2,UNRECONCILED,,
splendid-squishing-orbit.md,TC-FGSQ-025-02,2417,#### TC-FGSQ-025-02 — Run all test suites and validators (Run 1),2,UNRECONCILED,,
splendid-squishing-orbit.md,TC-FGSQ-025-03,2429,#### TC-FGSQ-025-03 — Re-run (Run 2); verify idempotent,2,UNRECONCILED,,
splendid-squishing-orbit.md,TC-FGSQ-025-04,2442,#### TC-FGSQ-025-04 — Record final verdict,2,UNRECONCILED,,
splendid-squishing-orbit.md,TC-013-01,2506,"FodsDocumentDataAnnotations.cs: [TC-013-01, TC-013-02, TC-013-03, TC-013-04, TC-013-05]",1,UNRECONCILED,,
splendid-squishing-orbit.md,TC-013-02,2506,"FodsDocumentDataAnnotations.cs: [TC-013-01, TC-013-02, TC-013-03, TC-013-04, TC-013-05]",1,UNRECONCILED,,
splendid-squishing-orbit.md,TC-013-03,2506,"FodsDocumentDataAnnotations.cs: [TC-013-01, TC-013-02, TC-013-03, TC-013-04, TC-013-05]",1,UNRECONCILED,,
splendid-squishing-orbit.md,TC-005-03,2511,"dotnet-semantic-stub-whitelist.yaml: [TC-004-03, TC-005-03, TC-006-01]  # Serial only",1,UNRECONCILED,,
splendid-squishing-orbit.md,TC-006-01,2511,"dotnet-semantic-stub-whitelist.yaml: [TC-004-03, TC-005-03, TC-006-01]  # Serial only",1,UNRECONCILED,,
splendid-squishing-orbit.md,TC-009-04,2513,"sprint_executor_validate.py: [TC-008, TC-009-04]  # Serial only",1,UNRECONCILED,,
splendid-squishing-orbit.md,TC-025-04,2692,run-record.yaml               — generated by TC-025-04,1,UNRECONCILED,,
splendid-squishing-orbit.md,TC-001-01,2694,method-inventory-raw.yaml   — TC-001-01,1,UNRECONCILED,,
splendid-squishing-orbit.md,TC-001-02,2695,getter-trace-results.yaml   — TC-001-02,1,UNRECONCILED,,
splendid-squishing-orbit.md,TC-001-03,2696,setter-trace-results.yaml   — TC-001-03,1,UNRECONCILED,,
splendid-squishing-orbit.md,TC-001-04,2697,disposition-assignment.yaml — TC-001-04,2,UNRECONCILED,,
splendid-squishing-orbit.md,TC-002-02,2698,file-absence-findings.yaml  — TC-002-02,1,UNRECONCILED,,
splendid-squishing-orbit.md,TC-004-02,2699,existing-constant-return-methods.yaml — TC-004-02,1,UNRECONCILED,,
splendid-squishing-orbit.md,TC-005-02,2700,existing-v90-v91-violations.yaml      — TC-005-02,1,UNRECONCILED,,
splendid-squishing-orbit.md,TC-009-01,2701,existing-collection-stubs.yaml        — TC-009-01,1,UNRECONCILED,,
splendid-squishing-orbit.md,TC-021-01,2704,semantic-stub-scan-raw.yaml           — TC-021-01,1,UNRECONCILED,,
splendid-squishing-orbit.md,TC-022-01,2705,python-stub-scan-raw.yaml             — TC-022-01,1,UNRECONCILED,,
splendid-squishing-orbit.md,TC-001-05,2710,fods-missing-methods-origin.yaml  — TC-001-05,2,UNRECONCILED,,
splendid-squishing-orbit.md,TC-FGSQ-NNN,2725,relevant_taskcard_id: TC-FGSQ-NNN,1,UNRECONCILED,,
splendid-squishing-orbit.md,TC-FGSQ-NNN-RR-01,2745,Any dimension < 4/5: mark child REROUTED; document weak dimension; create child TC-FGSQ-NNN-RR-01 for rework.,1,UNRECONCILED,,
splendid-squishing-orbit.md,TC-025-01,2801,- STOP if any required counter in TC-025-01 is non-zero (find and fix root cause; re-verify).,1,UNRECONCILED,,
splendid-squishing-orbit.md,TC-016-01,2810,- Treat FodsDocumentExtendedApis.cs deletion as complete before TC-016-01 verifies all methods disposed,1,UNRECONCILED,,
splendid-squishing-orbit.md,TC-001-TC-002,2825,Phase 2 (TC-001-TC-002 creates these):,1,UNRECONCILED,,
splendid-squishing-orbit.md,TC-001-TC-013,2829,Phase 3 (TC-001-TC-013 creates these):,1,UNRECONCILED,,
splendid-squishing-orbit.md,TC-003-TC-011,2833,Phase 4 (TC-003-TC-011 create these):,1,UNRECONCILED,,
stateful-booping-mountain.md,TC-ID,36,A plan has 9 taskcards. 7 are in the 2-column `| TC-ID | STATUS |` table format. 2 were added post-import in block heading format (`### TC-X-008` + `Status: OPEN`).,3,UNRECONCILED,,
stateful-booping-mountain.md,TC-X-008,36,A plan has 9 taskcards. 7 are in the 2-column `| TC-ID | STATUS |` table format. 2 were added post-import in block heading format (`### TC-X-008` + `Status: OPEN`).,1,UNRECONCILED,,
stateful-booping-mountain.md,TC-PIS-001,208,| TC-PIS-001 | plan-identity-v2 schema | OPEN |,2,UNRECONCILED,,
stateful-booping-mountain.md,TC-PIS-002,209,"| TC-PIS-002 | plan_importer.py (single module, all logic) | OPEN |",2,UNRECONCILED,,
stateful-booping-mountain.md,TC-PIS-003,210,| TC-PIS-003 | lifecycle_audit.py patch (expected_taskcard_count check) | OPEN |,2,UNRECONCILED,,
stateful-booping-mountain.md,TC-PIS-004,211,| TC-PIS-004 | Pilot tests and legacy migrator | OPEN |,2,UNRECONCILED,,
stateful-booping-mountain.md,TC-PIS-005,212,| TC-PIS-005 | V144 governance validator and CLAUDE.md update | OPEN |,2,UNRECONCILED,,
stateful-booping-mountain.md,TC-IDs,308,"8. **Validate structure.** Call `_validate_structure(target_path_or_staging, tc_count, registry)` which checks: (a) plan_identity block present with plan_id and mission_id, (b) no duplicate TC-IDs, (c) no mission_id conflict in registry unless `--supersede`, (d) TC statuses are recognized values. Returns list of blocking error strings.",1,UNRECONCILED,,
stateful-booping-mountain.md,TC-X-001,338,| TC-X-001 | OPEN |,1,UNRECONCILED,,
twinkly-nibbling-platypus.md,TC-SC-003,28,"2. TC-SC-003 introduced `re.compile(r""raise\s+NotImplementedError\("")` — an unconditional allowlist pattern that suppresses any line matching `raise NotImplementedError(...)` anywhere in `src/python/`.",6,UNRECONCILED,,
twinkly-nibbling-platypus.md,TC-SC-001,74,"| TC-SC-001 patterns (NamedTemporaryFile, ruff:noqa) | Genuine false positives, not governance exceptions |",1,UNRECONCILED,,
twinkly-nibbling-platypus.md,TC-SC-002,75,| TC-SC-002 nested-package exclusion | Correct; editable-install artifacts should be excluded |,1,UNRECONCILED,,
twinkly-nibbling-platypus.md,TC-SC-004,76,| TC-SC-004 governed-TODO pattern | Correct; explicitly tracked TODOs are not stubs |,1,UNRECONCILED,,
twinkly-nibbling-platypus.md,TC-TNP-001,149,"| TC-TNP-001 | BIND: copy plan, write lock, confirm current clean baseline (0 violations) | OPEN |",3,UNRECONCILED,,
twinkly-nibbling-platypus.md,TC-TNP-002,150,| TC-TNP-002 | PROVE the structural defect with a live reproduction | OPEN |,3,UNRECONCILED,,
twinkly-nibbling-platypus.md,TC-TNP-003,151,| TC-TNP-003 | CREATE `registry/stub-violations-baseline.json` with FODP entry | OPEN |,2,UNRECONCILED,,
twinkly-nibbling-platypus.md,TC-TNP-004,152,| TC-TNP-004 | ADD `_load_stub_baseline` + baseline-aware classification to V149 | OPEN |,4,UNRECONCILED,,
twinkly-nibbling-platypus.md,TC-TNP-005,153,| TC-TNP-005 | REMOVE `raise\s+NotImplementedError\(` from allowlist; verify FODP still passes | OPEN |,4,UNRECONCILED,,
twinkly-nibbling-platypus.md,TC-TNP-006,154,| TC-TNP-006 | FIX V105/V106: replace character windows with method-boundary extraction | OPEN |,5,UNRECONCILED,,
twinkly-nibbling-platypus.md,TC-TNP-007,155,| TC-TNP-007 | VERIFY: expected_count assertion in tests; correct MEMORY.md | OPEN |,3,UNRECONCILED,,
twinkly-nibbling-platypus.md,TC-TNP-008,156,| TC-TNP-008 | CLEAN UP: .runner_system_id → .gitignore; document stale continuation signal | OPEN |,2,UNRECONCILED,,
twinkly-nibbling-platypus.md,TC-TNP-009,157,"| TC-TNP-009 | VERIFY: full governance suite (≥167), test suite (≥1169), idempotency | OPEN |",5,UNRECONCILED,,
twinkly-nibbling-platypus.md,TC-TNP-010,158,| TC-TNP-010 | COMMIT + LIFECYCLE AUDIT + TERMINAL CLOSE | OPEN |,4,UNRECONCILED,,
twinkly-nibbling-platypus.md,TC-PFF-R1,456,"4. Confirm the runner's `""expected_count"": 167` comment (`# V149 added (TC-PFF-R1, 2026-07-09)`)",1,UNRECONCILED,,
vast-splashing-allen.md,TC-0015-spec-retrieval-strategy-evaluation,33,"**Symptom:** TASK-004/005/006 in next-sprint.md reference TC-0015-spec-retrieval-strategy-evaluation,",1,UNRECONCILED,,
vast-splashing-allen.md,TC-0016-fods-vector-index-pilot,34,"TC-0016-fods-vector-index-pilot, TC-0020-spec-workbench-core.",1,UNRECONCILED,,
vast-splashing-allen.md,TC-0020-spec-workbench-core,34,"TC-0016-fods-vector-index-pilot, TC-0020-spec-workbench-core.",1,UNRECONCILED,,
vast-splashing-allen.md,TC-0015,262,### TC-PHANTOM-001: Resolve phantom taskcard references TC-0015/TC-0016/TC-0020,11,UNRECONCILED,,
vast-splashing-allen.md,TC-0016,262,### TC-PHANTOM-001: Resolve phantom taskcard references TC-0015/TC-0016/TC-0020,5,UNRECONCILED,,
vast-splashing-allen.md,TC-0020,262,### TC-PHANTOM-001: Resolve phantom taskcard references TC-0015/TC-0016/TC-0020,5,UNRECONCILED,,
vast-splashing-allen.md,TC-GAP-CHAIN-ABW-SAL-MRH-001,372,### TC-SAL-001: Execute TC-GAP-CHAIN-ABW-SAL-MRH-001 (P1 — ABW SAL healing),3,UNRECONCILED,,
vast-splashing-allen.md,TC-GAP-CHAIN-CSV-SAL-MRH-001,414,### TC-SAL-002: Execute TC-GAP-CHAIN-CSV-SAL-MRH-001 (P2 — CSV SAL healing),3,UNRECONCILED,,
vast-splashing-allen.md,TC-GAP-CHAIN-DIF-SAL-MRH-001,443,### TC-SAL-003: Execute TC-GAP-CHAIN-DIF-SAL-MRH-001 (P3 — DIF SAL healing),3,UNRECONCILED,,
vast-splashing-allen.md,TC-HEAL-001,228,### TC-HEAL-001: Recover and document limitations of csv_to_ndjson dogfood export,4,UNRECONCILED,,
vast-splashing-allen.md,TC-BASELINE-001,306,### TC-BASELINE-001: Establish full-suite test count baseline,9,UNRECONCILED,,
vast-splashing-allen.md,TC-SCM-001,544,### TC-SCM-001: Commit accumulated working tree changes,5,UNRECONCILED,,
vast-splashing-allen.md,TC-QUEUE-001,342,### TC-QUEUE-001: Drain stale post-closeout action queue entries,4,UNRECONCILED,,
vast-splashing-allen.md,TC-CLOSE-001,589,### TC-CLOSE-001: Sprint closeout — evidence declaration + autonomous-cycle,6,UNRECONCILED,,
vast-splashing-allen.md,TC-SAL-001,372,### TC-SAL-001: Execute TC-GAP-CHAIN-ABW-SAL-MRH-001 (P1 — ABW SAL healing),9,UNRECONCILED,,
vast-splashing-allen.md,TC-PHANTOM-001,262,### TC-PHANTOM-001: Resolve phantom taskcard references TC-0015/TC-0016/TC-0020,6,UNRECONCILED,,
vast-splashing-allen.md,TC-DOGFOOD-FIX-001,244,6. For any quality_debt limitations: create a new taskcard TC-DOGFOOD-FIX-001 and,3,UNRECONCILED,,
vast-splashing-allen.md,TC-REGRESSION-FIX-001,325,missing and add TC-REGRESSION-FIX-001 as a BLOCKING taskcard before TC-SAL-001.,3,UNRECONCILED,,
vast-splashing-allen.md,TC-SAL-002,414,### TC-SAL-002: Execute TC-GAP-CHAIN-CSV-SAL-MRH-001 (P2 — CSV SAL healing),3,UNRECONCILED,,
vast-splashing-allen.md,TC-SAL-003,443,### TC-SAL-003: Execute TC-GAP-CHAIN-DIF-SAL-MRH-001 (P3 — DIF SAL healing),3,UNRECONCILED,,
vast-splashing-allen.md,TC-PRODUCT-001,472,### TC-PRODUCT-001: Advance one FOSS Python product item (P7+ from next-work-items.json),4,UNRECONCILED,,
vast-splashing-allen.md,TC-DOGFOOD-001,509,### TC-DOGFOOD-001: Advance next dogfood export path,4,UNRECONCILED,,
vast-splashing-allen.md,TC-SAL,568,"exit 0, clean diff, validators pass — these conditions are met after TC-SAL/PRODUCT/DOGFOOD)",1,UNRECONCILED,,
vast-splashing-allen.md,TC-CLOSE-002,641,### TC-CLOSE-002: Write plan lock terminal (final step),4,UNRECONCILED,,
vast-wibbling-moon.md,TC-VWM-001,269,| TC-VWM-001 | taskcard | DONE | 5 children | TC-VWM-001-01 through -05 | None | DECOMPOSED |,22,UNRECONCILED,,
vast-wibbling-moon.md,TC-VWM-002,270,| TC-VWM-002 | taskcard | DONE | 6 children | TC-VWM-002-01 through -06 | None | DECOMPOSED |,34,UNRECONCILED,,
vast-wibbling-moon.md,TC-VWM-003,271,| TC-VWM-003 | taskcard | DONE | 4 children (standard) | TC-VWM-003-01 through -04 | None | DECOMPOSED |,13,UNRECONCILED,,
vast-wibbling-moon.md,TC-VWM-004,272,| TC-VWM-004 | taskcard | DONE | 4 children (standard) | TC-VWM-004-01 through -04 | None | DECOMPOSED |,7,UNRECONCILED,,
vast-wibbling-moon.md,TC-VWM-005,273,| TC-VWM-005 | taskcard | DONE | 5 children | TC-VWM-005-01 through -05 | Count drift I-005 | DECOMPOSED |,11,UNRECONCILED,,
vast-wibbling-moon.md,TC-VWM-006,274,| TC-VWM-006 | taskcard | DONE | 4 children (standard) | TC-VWM-006-01 through -04 | None | DECOMPOSED |,7,UNRECONCILED,,
vast-wibbling-moon.md,TC-VWM-007,275,| TC-VWM-007 | taskcard | DONE | 4 children (standard) | TC-VWM-007-01 through -04 | None | DECOMPOSED |,7,UNRECONCILED,,
vast-wibbling-moon.md,TC-VWM-008,276,| TC-VWM-008 | taskcard | DONE | 5 children | TC-VWM-008-01 through -05 | I-001 I-002 | DECOMPOSED |,11,UNRECONCILED,,
vast-wibbling-moon.md,TC-VWM-009,277,| TC-VWM-009 | taskcard | DONE | 4 children (standard) | TC-VWM-009-01 through -04 | None | DECOMPOSED |,8,UNRECONCILED,,
vast-wibbling-moon.md,TC-VWM-010,278,| TC-VWM-010 | taskcard | DONE | 4 children (standard) | TC-VWM-010-01 through -04 | None | DECOMPOSED |,8,UNRECONCILED,,
vast-wibbling-moon.md,TC-VWM-011,279,| TC-VWM-011 | taskcard | DONE | 4 children (standard) | TC-VWM-011-01 through -04 | I-004 | DECOMPOSED |,7,UNRECONCILED,,
vast-wibbling-moon.md,TC-VWM-012,280,| TC-VWM-012 | taskcard | DONE | 4 children (standard) | TC-VWM-012-01 through -04 | None | DECOMPOSED |,7,UNRECONCILED,,
vast-wibbling-moon.md,TC-VWM-013,281,| TC-VWM-013 | taskcard | DONE | 4 children (standard) | TC-VWM-013-01 through -04 | None | DECOMPOSED |,7,UNRECONCILED,,
vast-wibbling-moon.md,TC-VWM-014,282,| TC-VWM-014 | taskcard | DONE | 4 children (standard) | TC-VWM-014-01 through -04 | None | DECOMPOSED |,7,UNRECONCILED,,
vast-wibbling-moon.md,TC-VWM-015,283,| TC-VWM-015 | taskcard | DONE | 4 children (standard) | TC-VWM-015-01 through -04 | None | DECOMPOSED |,7,UNRECONCILED,,
vast-wibbling-moon.md,TC-VWM-016,284,| TC-VWM-016 | taskcard | DONE | 4 children (standard) | TC-VWM-016-01 through -04 | None | DECOMPOSED |,8,UNRECONCILED,,
vast-wibbling-moon.md,TC-VWM-017,285,| TC-VWM-017 | taskcard | DONE | 4 children (standard) | TC-VWM-017-01 through -04 | None | DECOMPOSED |,13,UNRECONCILED,,
vast-wibbling-moon.md,TC-VWM-018,286,| TC-VWM-018 | taskcard | DONE | 5 children | TC-VWM-018-01 through -05 | None | DECOMPOSED |,10,UNRECONCILED,,
vast-wibbling-moon.md,TC-VWM-019,287,| TC-VWM-019 | taskcard | DONE | 3 children | TC-VWM-019-01 through -03 | None | DECOMPOSED |,10,UNRECONCILED,,
vast-wibbling-moon.md,TC-VWM-020,288,| TC-VWM-020 | taskcard | DONE | 3 children | TC-VWM-020-01 through -03 | None | DECOMPOSED |,10,UNRECONCILED,,
vast-wibbling-moon.md,TC-VWM-021,289,| TC-VWM-021 | taskcard | DONE | 4 children | TC-VWM-021-01 through -04 | None | DECOMPOSED |,16,UNRECONCILED,,
vast-wibbling-moon.md,TC-VWM-022,290,| TC-VWM-022 | taskcard | DONE | 3 children | TC-VWM-022-01 through -03 | None | DECOMPOSED |,29,UNRECONCILED,,
vast-wibbling-moon.md,TC-VWM-023,291,| TC-VWM-023 | taskcard | DONE | 4 children | TC-VWM-023-01 through -04 | Gaps TBD | DECOMPOSED |,14,UNRECONCILED,,
vast-wibbling-moon.md,TC-VWM-024,292,| TC-VWM-024 | taskcard | DONE | 4 children | TC-VWM-024-01 through -04 | None | DECOMPOSED |,12,UNRECONCILED,,
vast-wibbling-moon.md,TC-VWM-025,293,| TC-VWM-025 | taskcard | DONE | 3 children | TC-VWM-025-01 through -03 | None | DECOMPOSED |,11,UNRECONCILED,,
vast-wibbling-moon.md,TC-VWM-026,294,| TC-VWM-026 | taskcard | DONE | 3 children | TC-VWM-026-01 through -03 | None | DECOMPOSED |,8,UNRECONCILED,,
vast-wibbling-moon.md,TC-VWM-027,295,| TC-VWM-027 | taskcard | DONE | 5 children (pilots 1-10) | TC-VWM-027-01 through -05 | None | DECOMPOSED |,9,UNRECONCILED,,
vast-wibbling-moon.md,TC-VWM-028,296,| TC-VWM-028 | taskcard | DONE | 3 children | TC-VWM-028-01 through -03 | None | DECOMPOSED |,8,UNRECONCILED,,
vast-wibbling-moon.md,TC-VWM-029,297,| TC-VWM-029 | taskcard | DONE | 5 children | TC-VWM-029-01 through -05 | None | DECOMPOSED |,26,UNRECONCILED,,
vast-wibbling-moon.md,TC-VWM-001-01,436,### TC-VWM-001-01 [CHILD — TODO],6,UNRECONCILED,,
vast-wibbling-moon.md,TC-VWM-002-01,554,### TC-VWM-002-01 [CHILD — TODO],8,UNRECONCILED,,
vast-wibbling-moon.md,TC-VWM-003-01,2226,| TC-VWM-003-01 | OPEN |,3,UNRECONCILED,,
vast-wibbling-moon.md,TC-VWM-004-01,2231,| TC-VWM-004-01 | OPEN |,3,UNRECONCILED,,
vast-wibbling-moon.md,TC-VWM-005-01,2236,| TC-VWM-005-01 | OPEN |,4,UNRECONCILED,,
vast-wibbling-moon.md,TC-VWM-006-01,2242,| TC-VWM-006-01 | OPEN |,3,UNRECONCILED,,
vast-wibbling-moon.md,TC-VWM-007-01,2247,| TC-VWM-007-01 | OPEN |,3,UNRECONCILED,,
vast-wibbling-moon.md,TC-VWM-008-01,2252,| TC-VWM-008-01 | OPEN |,3,UNRECONCILED,,
vast-wibbling-moon.md,TC-VWM-009-01,2258,| TC-VWM-009-01 | OPEN |,3,UNRECONCILED,,
vast-wibbling-moon.md,TC-VWM-010-01,2263,| TC-VWM-010-01 | OPEN |,3,UNRECONCILED,,
vast-wibbling-moon.md,TC-VWM-011-01,2268,| TC-VWM-011-01 | OPEN |,3,UNRECONCILED,,
vast-wibbling-moon.md,TC-VWM-012-01,2273,| TC-VWM-012-01 | OPEN |,3,UNRECONCILED,,
vast-wibbling-moon.md,TC-VWM-013-01,2278,| TC-VWM-013-01 | OPEN |,3,UNRECONCILED,,
vast-wibbling-moon.md,TC-VWM-014-01,2283,| TC-VWM-014-01 | OPEN |,3,UNRECONCILED,,
vast-wibbling-moon.md,TC-VWM-015-01,2288,| TC-VWM-015-01 | OPEN |,3,UNRECONCILED,,
vast-wibbling-moon.md,TC-VWM-016-01,2293,| TC-VWM-016-01 | OPEN |,3,UNRECONCILED,,
vast-wibbling-moon.md,TC-VWM-017-01,2298,| TC-VWM-017-01 | OPEN |,3,UNRECONCILED,,
vast-wibbling-moon.md,TC-VWM-018-01,1241,### TC-VWM-018-01 [CHILD — TODO],6,UNRECONCILED,,
vast-wibbling-moon.md,TC-VWM-019-01,1335,### TC-VWM-019-01 [CHILD — TODO],4,UNRECONCILED,,
vast-wibbling-moon.md,TC-VWM-020-01,1395,### TC-VWM-020-01 [CHILD — TODO],5,UNRECONCILED,,
vast-wibbling-moon.md,TC-VWM-021-01,1465,### TC-VWM-021-01 [CHILD — TODO],4,UNRECONCILED,,
vast-wibbling-moon.md,TC-VWM-022-01,1534,### TC-VWM-022-01 [CHILD — TODO],4,UNRECONCILED,,
vast-wibbling-moon.md,TC-VWM-023-01,1595,### TC-VWM-023-01 [CHILD — TODO],4,UNRECONCILED,,
vast-wibbling-moon.md,TC-VWM-024-01,1664,### TC-VWM-024-01 [CHILD — TODO],4,UNRECONCILED,,
vast-wibbling-moon.md,TC-VWM-025-01,1735,### TC-VWM-025-01 [CHILD — TODO],4,UNRECONCILED,,
vast-wibbling-moon.md,TC-VWM-026-01,1791,### TC-VWM-026-01 [CHILD — TODO],4,UNRECONCILED,,
vast-wibbling-moon.md,TC-VWM-027-01,1845,### TC-VWM-027-01 [CHILD — TODO],4,UNRECONCILED,,
vast-wibbling-moon.md,TC-VWM-028-01,1923,### TC-VWM-028-01 [CHILD — TODO],4,UNRECONCILED,,
vast-wibbling-moon.md,TC-VWM-029-01,1979,### TC-VWM-029-01 [CHILD — TODO],5,UNRECONCILED,,
vast-wibbling-moon.md,TC-VWM-001-05,509,### TC-VWM-001-05 [CHILD — TODO],6,UNRECONCILED,,
vast-wibbling-moon.md,TC-VWM-002-06,643,### TC-VWM-002-06 [CHILD — TODO],11,UNRECONCILED,,
vast-wibbling-moon.md,TC-VWM-030,2056,## TC-VWM-030 [PARENT — PROPOSED] (Created by TC-VWM-022),17,UNRECONCILED,,
vast-wibbling-moon.md,TC-VWM-001-02,454,### TC-VWM-001-02 [CHILD — TODO],8,UNRECONCILED,,
vast-wibbling-moon.md,TC-VWM-001-03,475,### TC-VWM-001-03 [CHILD — TODO],4,UNRECONCILED,,
vast-wibbling-moon.md,TC-VWM-001-04,493,### TC-VWM-001-04 [CHILD — TODO],6,UNRECONCILED,,
vast-wibbling-moon.md,TC-VWM-002-02,573,### TC-VWM-002-02 [CHILD — TODO],4,UNRECONCILED,,
vast-wibbling-moon.md,TC-VWM-002-03,590,### TC-VWM-002-03 [CHILD — TODO],4,UNRECONCILED,,
vast-wibbling-moon.md,TC-VWM-002-04,607,### TC-VWM-002-04 [CHILD — TODO],5,UNRECONCILED,,
vast-wibbling-moon.md,TC-VWM-002-05,626,### TC-VWM-002-05 [CHILD — TODO],4,UNRECONCILED,,
vast-wibbling-moon.md,TC-LA-005,721,- [ ] Is WARN(TC-LA-005) for missing provenance_chain actually emitted or is it suppressed?,1,UNRECONCILED,,
vast-wibbling-moon.md,TC-VWM-003-02,2227,| TC-VWM-003-02 | OPEN |,2,UNRECONCILED,,
vast-wibbling-moon.md,TC-VWM-003-03,2228,| TC-VWM-003-03 | OPEN |,2,UNRECONCILED,,
vast-wibbling-moon.md,TC-VWM-003-04,2229,| TC-VWM-003-04 | OPEN |,2,UNRECONCILED,,
vast-wibbling-moon.md,TC-VWM-004-02,2232,| TC-VWM-004-02 | OPEN |,2,UNRECONCILED,,
vast-wibbling-moon.md,TC-VWM-004-03,2233,| TC-VWM-004-03 | OPEN |,2,UNRECONCILED,,
vast-wibbling-moon.md,TC-VWM-004-04,2234,| TC-VWM-004-04 | OPEN |,2,UNRECONCILED,,
vast-wibbling-moon.md,TC-CQGA-FIX-001,783,- [ ] V119/V120/V125/V126 API mismatch fix (TC-CQGA-FIX-001): search code for the fix — verify it's present,1,UNRECONCILED,,
vast-wibbling-moon.md,TC-VWM-005-05,801,### TC-VWM-005-05 [CHILD — TODO] (unique to TC-VWM-005),9,UNRECONCILED,,
vast-wibbling-moon.md,TC-VWM-005-02,2237,| TC-VWM-005-02 | OPEN |,3,UNRECONCILED,,
vast-wibbling-moon.md,TC-VWM-005-03,2238,| TC-VWM-005-03 | OPEN |,2,UNRECONCILED,,
vast-wibbling-moon.md,TC-VWM-005-04,2239,| TC-VWM-005-04 | OPEN |,2,UNRECONCILED,,
vast-wibbling-moon.md,TC-VWM-006-02,2243,| TC-VWM-006-02 | OPEN |,2,UNRECONCILED,,
vast-wibbling-moon.md,TC-VWM-006-03,2244,| TC-VWM-006-03 | OPEN |,2,UNRECONCILED,,
vast-wibbling-moon.md,TC-VWM-006-04,2245,| TC-VWM-006-04 | OPEN |,2,UNRECONCILED,,
vast-wibbling-moon.md,TC-VWM-007-02,2248,| TC-VWM-007-02 | OPEN |,2,UNRECONCILED,,
vast-wibbling-moon.md,TC-VWM-007-03,2249,| TC-VWM-007-03 | OPEN |,2,UNRECONCILED,,
vast-wibbling-moon.md,TC-VWM-007-04,2250,| TC-VWM-007-04 | OPEN |,2,UNRECONCILED,,
vast-wibbling-moon.md,TC-VWM-008-05,921,### TC-VWM-008-05 [CHILD — TODO] (unique to TC-VWM-008),6,UNRECONCILED,,
vast-wibbling-moon.md,TC-VWM-008-02,2253,| TC-VWM-008-02 | OPEN |,4,UNRECONCILED,,
vast-wibbling-moon.md,TC-VWM-008-03,2254,| TC-VWM-008-03 | OPEN |,2,UNRECONCILED,,
vast-wibbling-moon.md,TC-VWM-008-04,2255,| TC-VWM-008-04 | OPEN |,2,UNRECONCILED,,
vast-wibbling-moon.md,TC-VWM-009-02,2259,| TC-VWM-009-02 | OPEN |,2,UNRECONCILED,,
vast-wibbling-moon.md,TC-VWM-009-03,2260,| TC-VWM-009-03 | OPEN |,2,UNRECONCILED,,
vast-wibbling-moon.md,TC-VWM-009-04,2261,| TC-VWM-009-04 | OPEN |,2,UNRECONCILED,,
vast-wibbling-moon.md,TC-VWM-010-02,2264,| TC-VWM-010-02 | OPEN |,2,UNRECONCILED,,
vast-wibbling-moon.md,TC-VWM-010-03,2265,| TC-VWM-010-03 | OPEN |,2,UNRECONCILED,,
vast-wibbling-moon.md,TC-VWM-010-04,2266,| TC-VWM-010-04 | OPEN |,2,UNRECONCILED,,
vast-wibbling-moon.md,TC-VWM-011-02,2269,| TC-VWM-011-02 | OPEN |,2,UNRECONCILED,,
vast-wibbling-moon.md,TC-VWM-011-03,2270,| TC-VWM-011-03 | OPEN |,2,UNRECONCILED,,
vast-wibbling-moon.md,TC-VWM-011-04,2271,| TC-VWM-011-04 | OPEN |,2,UNRECONCILED,,
vast-wibbling-moon.md,TC-VWM-012-02,2274,| TC-VWM-012-02 | OPEN |,2,UNRECONCILED,,
vast-wibbling-moon.md,TC-VWM-012-03,2275,| TC-VWM-012-03 | OPEN |,2,UNRECONCILED,,
vast-wibbling-moon.md,TC-VWM-012-04,2276,| TC-VWM-012-04 | OPEN |,2,UNRECONCILED,,
vast-wibbling-moon.md,TC-VWM-013-02,2279,| TC-VWM-013-02 | OPEN |,2,UNRECONCILED,,
vast-wibbling-moon.md,TC-VWM-013-03,2280,| TC-VWM-013-03 | OPEN |,2,UNRECONCILED,,
vast-wibbling-moon.md,TC-VWM-013-04,2281,| TC-VWM-013-04 | OPEN |,2,UNRECONCILED,,
vast-wibbling-moon.md,TC-VWM-014-02,2284,| TC-VWM-014-02 | OPEN |,2,UNRECONCILED,,
vast-wibbling-moon.md,TC-VWM-014-03,2285,| TC-VWM-014-03 | OPEN |,2,UNRECONCILED,,
vast-wibbling-moon.md,TC-VWM-014-04,2286,| TC-VWM-014-04 | OPEN |,2,UNRECONCILED,,
vast-wibbling-moon.md,TC-VWM-015-02,2289,| TC-VWM-015-02 | OPEN |,2,UNRECONCILED,,
vast-wibbling-moon.md,TC-VWM-015-03,2290,| TC-VWM-015-03 | OPEN |,2,UNRECONCILED,,
vast-wibbling-moon.md,TC-VWM-015-04,2291,| TC-VWM-015-04 | OPEN |,2,UNRECONCILED,,
vast-wibbling-moon.md,TC-VWM-016-02,2294,| TC-VWM-016-02 | OPEN |,2,UNRECONCILED,,
vast-wibbling-moon.md,TC-VWM-016-03,2295,| TC-VWM-016-03 | OPEN |,2,UNRECONCILED,,
vast-wibbling-moon.md,TC-VWM-016-04,2296,| TC-VWM-016-04 | OPEN |,2,UNRECONCILED,,
vast-wibbling-moon.md,TC-ID,2210,| TC-ID | Status |,4,UNRECONCILED,,
vast-wibbling-moon.md,TC-VWM-017-02,2299,| TC-VWM-017-02 | OPEN |,3,UNRECONCILED,,
vast-wibbling-moon.md,TC-VWM-017-03,2300,| TC-VWM-017-03 | OPEN |,2,UNRECONCILED,,
vast-wibbling-moon.md,TC-VWM-017-04,2301,| TC-VWM-017-04 | OPEN |,2,UNRECONCILED,,
vast-wibbling-moon.md,TC-VWM-018-02,1260,### TC-VWM-018-02 [CHILD — TODO],3,UNRECONCILED,,
vast-wibbling-moon.md,TC-VWM-018-03,1277,### TC-VWM-018-03 [CHILD — TODO],3,UNRECONCILED,,
vast-wibbling-moon.md,TC-VWM-018-04,1294,### TC-VWM-018-04 [CHILD — TODO],3,UNRECONCILED,,
vast-wibbling-moon.md,TC-VWM-018-05,1309,### TC-VWM-018-05 [CHILD — TODO],3,UNRECONCILED,,
vast-wibbling-moon.md,TC-VWM-019-02,1358,### TC-VWM-019-02 [CHILD — TODO],3,UNRECONCILED,,
vast-wibbling-moon.md,TC-VWM-019-03,1371,### TC-VWM-019-03 [CHILD — TODO],3,UNRECONCILED,,
vast-wibbling-moon.md,TC-VWM-020-02,1419,### TC-VWM-020-02 [CHILD — TODO],3,UNRECONCILED,,
vast-wibbling-moon.md,TC-VWM-020-03,1441,### TC-VWM-020-03 [CHILD — TODO],3,UNRECONCILED,,
vast-wibbling-moon.md,TC-PQLM-026,1410,- MS-VWM-020-01-06 [PENDING]: CL-006 (PQLM taskcards CLOSED): Read `plans/.claude/vast-weaving-lampson.md` and find TC-PQLM-026 through TC-PQLM-029 statuses. Disposition: VERIFIED if all 4 show CLOSED in the plan file.,1,UNRECONCILED,,
vast-wibbling-moon.md,TC-PQLM-029,1410,- MS-VWM-020-01-06 [PENDING]: CL-006 (PQLM taskcards CLOSED): Read `plans/.claude/vast-weaving-lampson.md` and find TC-PQLM-026 through TC-PQLM-029 statuses. Disposition: VERIFIED if all 4 show CLOSED in the plan file.,1,UNRECONCILED,,
vast-wibbling-moon.md,TC-VWM-021-02,1478,### TC-VWM-021-02 [CHILD — TODO],7,UNRECONCILED,,
vast-wibbling-moon.md,TC-VWM-021-03,1493,### TC-VWM-021-03 [CHILD — TODO],6,UNRECONCILED,,
vast-wibbling-moon.md,TC-VWM-021-04,1506,### TC-VWM-021-04 [CHILD — TODO],3,UNRECONCILED,,
vast-wibbling-moon.md,TC-VWM-022-02,1547,### TC-VWM-022-02 [CHILD — TODO],3,UNRECONCILED,,
vast-wibbling-moon.md,TC-VWM-022-03,1564,### TC-VWM-022-03 [CHILD — TODO],3,UNRECONCILED,,
vast-wibbling-moon.md,TC-VWM-031,2091,## TC-VWM-031 [PARENT — PROPOSED] (Created by TC-VWM-022),8,UNRECONCILED,,
vast-wibbling-moon.md,TC-VWM-032,2125,## TC-VWM-032 [PARENT — PROPOSED] (Created by TC-VWM-022),4,UNRECONCILED,,
vast-wibbling-moon.md,TC-VWM-029-05,2041,### TC-VWM-029-05 [CHILD — TODO],4,UNRECONCILED,,
vast-wibbling-moon.md,TC-IDs,1571,- MS-VWM-022-03-02 [PENDING]: Action: Edit this plan file's Taskcard Status Summary Table to add all children and new taskcards. Keep 2-column format required by lifecycle_audit.py. Expected: Table has all TC-IDs. Check: lifecycle_audit.py will parse all entries when run. Evidence: Updated plan file section.,1,UNRECONCILED,,
vast-wibbling-moon.md,TC-VWM-023-02,1610,### TC-VWM-023-02 [CHILD — TODO],3,UNRECONCILED,,
vast-wibbling-moon.md,TC-VWM-023-03,1625,### TC-VWM-023-03 [CHILD — TODO],3,UNRECONCILED,,
vast-wibbling-moon.md,TC-VWM-023-04,1638,### TC-VWM-023-04 [CHILD — TODO],3,UNRECONCILED,,
vast-wibbling-moon.md,TC-VWM-033,1643,"- MS-VWM-023-04-01 [PENDING]: Action: List all TC-VWM-033+ taskcards created during hardening. For each, verify it has: gap_ids, objective, allowed_paths, acceptance_criteria. Expected: All TC-VWM-033+ are properly specified. Check: No taskcard is underspecified. Evidence: Inline list.",3,UNRECONCILED,,
vast-wibbling-moon.md,TC-VWM-024-02,1679,### TC-VWM-024-02 [CHILD — TODO],3,UNRECONCILED,,
vast-wibbling-moon.md,TC-VWM-024-03,1692,### TC-VWM-024-03 [CHILD — TODO],3,UNRECONCILED,,
vast-wibbling-moon.md,TC-VWM-024-04,1709,### TC-VWM-024-04 [CHILD — TODO],3,UNRECONCILED,,
vast-wibbling-moon.md,TC-VWM-025-02,1748,### TC-VWM-025-02 [CHILD — TODO],3,UNRECONCILED,,
vast-wibbling-moon.md,TC-VWM-025-03,1765,### TC-VWM-025-03 [CHILD — TODO],3,UNRECONCILED,,
vast-wibbling-moon.md,TC-VWM-026-02,1806,### TC-VWM-026-02 [CHILD — TODO],3,UNRECONCILED,,
vast-wibbling-moon.md,TC-VWM-026-03,1819,### TC-VWM-026-03 [CHILD — TODO],3,UNRECONCILED,,
vast-wibbling-moon.md,TC-VWM-027-05,1897,### TC-VWM-027-05 [CHILD — TODO],3,UNRECONCILED,,
vast-wibbling-moon.md,TC-VWM-027-02,1858,### TC-VWM-027-02 [CHILD — TODO],2,UNRECONCILED,,
vast-wibbling-moon.md,TC-VWM-027-03,1871,### TC-VWM-027-03 [CHILD — TODO],2,UNRECONCILED,,
vast-wibbling-moon.md,TC-VWM-027-04,1884,### TC-VWM-027-04 [CHILD — TODO],2,UNRECONCILED,,
vast-wibbling-moon.md,TC-VWM-028-02,1938,### TC-VWM-028-02 [CHILD — TODO],3,UNRECONCILED,,
vast-wibbling-moon.md,TC-VWM-028-03,1953,### TC-VWM-028-03 [CHILD — TODO],3,UNRECONCILED,,
vast-wibbling-moon.md,TC-VWM-029-02,2004,### TC-VWM-029-02 [CHILD — TODO],3,UNRECONCILED,,
vast-wibbling-moon.md,TC-VWM-029-03,2017,### TC-VWM-029-03 [CHILD — TODO],3,UNRECONCILED,,
vast-wibbling-moon.md,TC-VWM-029-04,2030,### TC-VWM-029-04 [CHILD — TODO],3,UNRECONCILED,,
vast-wibbling-moon.md,TC-VWM-028-02-01,1996,| STALE_OUTPUTS | 0 | TC-VWM-028-02-01 |,1,UNRECONCILED,,
vast-wibbling-moon.md,TC-VWM-030-01,2069,### TC-VWM-030-01 [CHILD — TODO],3,UNRECONCILED,,
vast-wibbling-moon.md,TC-VWM-030-02,2078,### TC-VWM-030-02 [CHILD — TODO],3,UNRECONCILED,,
vast-wibbling-moon.md,TC-VWM-031-01,2103,### TC-VWM-031-01 [CHILD — TODO],3,UNRECONCILED,,
vast-wibbling-moon.md,TC-VWM-031-02,2112,### TC-VWM-031-02 [CHILD — TODO],3,UNRECONCILED,,
vast-wibbling-moon.md,TC-VWM-032-01,2136,### TC-VWM-032-01 [CHILD — TODO],3,UNRECONCILED,,
velvet-swinging-wreath.md,TC-VWL-001,135,action: Executed TC-VWL-001 through TC-VWL-CLOSE (5 taskcards — fix V105/V106 detection windows),1,UNRECONCILED,,
velvet-swinging-wreath.md,TC-VWL-CLOSE,135,action: Executed TC-VWL-001 through TC-VWL-CLOSE (5 taskcards — fix V105/V106 detection windows),1,UNRECONCILED,,
velvet-swinging-wreath.md,TC-VWR-001,399,| TC-VWR-001 | OPEN |,18,UNRECONCILED,,
velvet-swinging-wreath.md,TC-VWR-002,405,| TC-VWR-002 | OPEN |,8,UNRECONCILED,,
velvet-swinging-wreath.md,TC-VWR-003,408,| TC-VWR-003 | OPEN |,21,UNRECONCILED,,
velvet-swinging-wreath.md,TC-VWR-004,413,| TC-VWR-004 | OPEN |,13,UNRECONCILED,,
velvet-swinging-wreath.md,TC-VWR-005,417,| TC-VWR-005 | OPEN |,13,UNRECONCILED,,
velvet-swinging-wreath.md,TC-VWR-006,421,| TC-VWR-006 | OPEN |,14,UNRECONCILED,,
velvet-swinging-wreath.md,TC-VWR-007,425,| TC-VWR-007 | OPEN |,18,UNRECONCILED,,
velvet-swinging-wreath.md,TC-VWR-008,431,| TC-VWR-008 | OPEN |,14,UNRECONCILED,,
velvet-swinging-wreath.md,TC-VWR-009,435,| TC-VWR-009 | OPEN |,14,UNRECONCILED,,
velvet-swinging-wreath.md,TC-VWR-010,440,| TC-VWR-010 | OPEN |,12,UNRECONCILED,,
velvet-swinging-wreath.md,TC-VWR-011,443,| TC-VWR-011 | OPEN |,13,UNRECONCILED,,
velvet-swinging-wreath.md,TC-VWR-CLOSE,447,| TC-VWR-CLOSE | OPEN |,10,UNRECONCILED,,
velvet-swinging-wreath.md,TC-VWR-001-01,400,| TC-VWR-001-01 | OPEN |,5,UNRECONCILED,,
velvet-swinging-wreath.md,TC-VWR-001-02,401,| TC-VWR-001-02 | OPEN |,4,UNRECONCILED,,
velvet-swinging-wreath.md,TC-VWR-001-03,402,| TC-VWR-001-03 | OPEN |,5,UNRECONCILED,,
velvet-swinging-wreath.md,TC-VWR-001-04,403,| TC-VWR-001-04 | OPEN |,4,UNRECONCILED,,
velvet-swinging-wreath.md,TC-VWR-001-05,404,| TC-VWR-001-05 | OPEN |,1,UNRECONCILED,,
velvet-swinging-wreath.md,TC-VWR-002-01,406,| TC-VWR-002-01 | OPEN |,3,UNRECONCILED,,
velvet-swinging-wreath.md,TC-VWR-002-02,407,| TC-VWR-002-02 | OPEN |,4,UNRECONCILED,,
velvet-swinging-wreath.md,TC-VWR-003-01,409,| TC-VWR-003-01 | OPEN |,4,UNRECONCILED,,
velvet-swinging-wreath.md,TC-VWR-003-02,410,| TC-VWR-003-02 | OPEN |,4,UNRECONCILED,,
velvet-swinging-wreath.md,TC-VWR-003-03,411,| TC-VWR-003-03 | OPEN |,4,UNRECONCILED,,
velvet-swinging-wreath.md,TC-VWR-003-04,412,| TC-VWR-003-04 | OPEN |,3,UNRECONCILED,,
velvet-swinging-wreath.md,TC-VWR-004-01,414,| TC-VWR-004-01 | OPEN |,5,UNRECONCILED,,
velvet-swinging-wreath.md,TC-VWR-004-02,415,| TC-VWR-004-02 | OPEN |,3,UNRECONCILED,,
velvet-swinging-wreath.md,TC-VWR-004-03,416,| TC-VWR-004-03 | OPEN |,3,UNRECONCILED,,
velvet-swinging-wreath.md,TC-VWR-005-01,418,| TC-VWR-005-01 | OPEN |,6,UNRECONCILED,,
velvet-swinging-wreath.md,TC-VWR-005-02,419,| TC-VWR-005-02 | OPEN |,3,UNRECONCILED,,
velvet-swinging-wreath.md,TC-VWR-005-03,420,| TC-VWR-005-03 | OPEN |,3,UNRECONCILED,,
velvet-swinging-wreath.md,TC-VWR-006-01,422,| TC-VWR-006-01 | OPEN |,5,UNRECONCILED,,
velvet-swinging-wreath.md,TC-VWR-006-02,423,| TC-VWR-006-02 | OPEN |,3,UNRECONCILED,,
velvet-swinging-wreath.md,TC-VWR-006-03,424,| TC-VWR-006-03 | OPEN |,3,UNRECONCILED,,
velvet-swinging-wreath.md,TC-VWR-007-01,426,| TC-VWR-007-01 | OPEN |,6,UNRECONCILED,,
velvet-swinging-wreath.md,TC-VWR-007-02,427,| TC-VWR-007-02 | OPEN |,4,UNRECONCILED,,
velvet-swinging-wreath.md,TC-VWR-007-03,428,| TC-VWR-007-03 | OPEN |,4,UNRECONCILED,,
velvet-swinging-wreath.md,TC-VWR-007-04,429,| TC-VWR-007-04 | OPEN |,4,UNRECONCILED,,
velvet-swinging-wreath.md,TC-VWR-007-05,430,| TC-VWR-007-05 | OPEN |,3,UNRECONCILED,,
velvet-swinging-wreath.md,TC-VWR-008-01,432,| TC-VWR-008-01 | OPEN |,4,UNRECONCILED,,
velvet-swinging-wreath.md,TC-VWR-008-02,433,| TC-VWR-008-02 | OPEN |,4,UNRECONCILED,,
velvet-swinging-wreath.md,TC-VWR-008-03,434,| TC-VWR-008-03 | OPEN |,3,UNRECONCILED,,
velvet-swinging-wreath.md,TC-VWR-009-01,436,| TC-VWR-009-01 | OPEN |,4,UNRECONCILED,,
velvet-swinging-wreath.md,TC-VWR-009-02,437,| TC-VWR-009-02 | OPEN |,5,UNRECONCILED,,
velvet-swinging-wreath.md,TC-VWR-009-03,438,| TC-VWR-009-03 | OPEN |,4,UNRECONCILED,,
velvet-swinging-wreath.md,TC-VWR-009-04,439,| TC-VWR-009-04 | OPEN |,4,UNRECONCILED,,
velvet-swinging-wreath.md,TC-VWR-010-01,441,| TC-VWR-010-01 | OPEN |,4,UNRECONCILED,,
velvet-swinging-wreath.md,TC-VWR-010-02,442,| TC-VWR-010-02 | OPEN |,3,UNRECONCILED,,
velvet-swinging-wreath.md,TC-VWR-011-01,444,| TC-VWR-011-01 | OPEN |,3,UNRECONCILED,,
velvet-swinging-wreath.md,TC-VWR-011-02,445,| TC-VWR-011-02 | OPEN |,3,UNRECONCILED,,
velvet-swinging-wreath.md,TC-VWR-011-03,446,| TC-VWR-011-03 | OPEN |,3,UNRECONCILED,,
velvet-swinging-wreath.md,TC-TEST-001,1309,| TC-TEST-001 | CLOSED |,1,UNRECONCILED,,
velvet-swinging-wreath.md,TC-TEST-BEH-001,1326,"assert ""TC-TEST-BEH-001"" in created[0]",2,UNRECONCILED,,
velvet-swinging-wreath.md,TC-PILOT-A-001,1786,| TC-PILOT-A-001 | OPEN |,6,UNRECONCILED,,
velvet-swinging-wreath.md,TC-PILOT-A-CLOSE,1787,| TC-PILOT-A-CLOSE | OPEN |,5,UNRECONCILED,,
velvet-swinging-wreath.md,TC-PILOT-H-001,1973,| TC-PILOT-H-001 | OPEN |,3,UNRECONCILED,,
velvet-swinging-wreath.md,TC-PILOT-H-CLOSE,1974,| TC-PILOT-H-CLOSE | OPEN |,2,UNRECONCILED,,
velvet-swinging-wreath.md,TC-VWR,2125,3. Check which TC-VWR-* IDs are CLOSED in the Taskcard Status Table,2,UNRECONCILED,,
velvet-swinging-wreath.md,TC-ID,2425,"sprint_audit_entry_point: ""python tools/supervisor/lifecycle_audit.py --mission-id VELVET-SWINGING-WREATH-001 --sprint-id <TC-ID> --plan-path plans/.claude/velvet-swinging-wreath.md""",1,UNRECONCILED,,
warm-enchanting-grove.md,TC-LGT-001,26,"existing_taskcard_sections: 7 (TC-LGT-001 through TC-LGT-007, prose-only, no hierarchy)",40,UNRECONCILED,,
warm-enchanting-grove.md,TC-LGT-007,26,"existing_taskcard_sections: 7 (TC-LGT-001 through TC-LGT-007, prose-only, no hierarchy)",20,UNRECONCILED,,
warm-enchanting-grove.md,TC-LGT-NNN,34,existing_normalization_conventions: TC-LGT-NNN,2,UNRECONCILED,,
warm-enchanting-grove.md,TC-LGT-002,401,- **WS-2** (TC-LGT-002 + TC-LGT-003): Retry coverage — gateway paths,31,UNRECONCILED,,
warm-enchanting-grove.md,TC-LGT-003,401,- **WS-2** (TC-LGT-002 + TC-LGT-003): Retry coverage — gateway paths,12,UNRECONCILED,,
warm-enchanting-grove.md,TC-LGT-004,402,- **WS-3** (TC-LGT-004): Reliability — circuit breaker,29,UNRECONCILED,,
warm-enchanting-grove.md,TC-LGT-005,403,- **WS-4** (TC-LGT-005): Consistency — failure cache,19,UNRECONCILED,,
warm-enchanting-grove.md,TC-LGT-006,404,- **WS-5** (TC-LGT-006): Test coverage — REL-021 to REL-026,25,UNRECONCILED,,
warm-enchanting-grove.md,TC-LGT-001-01,463,- TC-LGT-001-01  (add GRADER_LOG_DIR to grader_reliability.py),22,UNRECONCILED,,
warm-enchanting-grove.md,TC-LGT-001-02,464,- TC-LGT-001-02  (update all tests to use tmp_path observers),15,UNRECONCILED,,
warm-enchanting-grove.md,TC-LGT-001-03,465,- TC-LGT-001-03  (verify production log unchanged),10,UNRECONCILED,,
warm-enchanting-grove.md,TC-LGT-002-01,851,- TC-LGT-002-01  (add lazy reliability import block to _sv_llm_call),4,UNRECONCILED,,
warm-enchanting-grove.md,TC-LGT-002-02,852,- TC-LGT-002-02  (define _do_gateway closure),7,UNRECONCILED,,
warm-enchanting-grove.md,TC-LGT-002-03,853,- TC-LGT-002-03  (wrap _do_gateway in call_with_retry or bare try),6,UNRECONCILED,,
warm-enchanting-grove.md,TC-LGT-002-04,854,- TC-LGT-002-04  (restructure return path — unconditional SDK fallback),6,UNRECONCILED,,
warm-enchanting-grove.md,TC-LGT-002-05,855,- TC-LGT-002-05  (add integration test: gateway transient → retry → SDK fallback),6,UNRECONCILED,,
warm-enchanting-grove.md,TC-LGT-003-01,1140,"- TC-LGT-003-01  (read adversarial_check.py gw() call, add lazy import + call_with_retry)",6,UNRECONCILED,,
warm-enchanting-grove.md,TC-LGT-003-02,1141,- TC-LGT-003-02  (verify non-blocking contract preserved),5,UNRECONCILED,,
warm-enchanting-grove.md,TC-LGT-004-01,1252,- TC-LGT-004-01  (add CIRCUIT_OPEN to GraderErrorClass + _NON_RETRYABLE set),6,UNRECONCILED,,
warm-enchanting-grove.md,TC-LGT-004-02,1253,- TC-LGT-004-02  (implement CircuitState enum + GraderCircuitBreaker class),7,UNRECONCILED,,
warm-enchanting-grove.md,TC-LGT-004-03,1254,- TC-LGT-004-03  (add circuit_breaker param to call_with_retry),7,UNRECONCILED,,
warm-enchanting-grove.md,TC-LGT-004-04,1255,- TC-LGT-004-04  (add module-level default breaker + get_default_circuit_breaker()),5,UNRECONCILED,,
warm-enchanting-grove.md,TC-LGT-004-05,1256,- TC-LGT-004-05  (verify call_with_retry backward-compat — circuit_breaker=None default),6,UNRECONCILED,,
warm-enchanting-grove.md,TC-LGT-005-01,1517,- TC-LGT-005-01  (add max_age_minutes param to _get_cached_grade),6,UNRECONCILED,,
warm-enchanting-grove.md,TC-LGT-005-02,1518,- TC-LGT-005-02  (add failure sentinel write at terminal fallback),5,UNRECONCILED,,
warm-enchanting-grove.md,TC-LGT-005-03,1519,- TC-LGT-005-03  (add failure sentinel read check at top of semantic_verify_item),5,UNRECONCILED,,
warm-enchanting-grove.md,TC-LGT-005-04,1520,"- TC-LGT-005-04  (test: failure cached, rerun returns cache, TTL expiry re-attempts)",5,UNRECONCILED,,
warm-enchanting-grove.md,TC-LGT-006-01,1716,- TC-LGT-006-01  (REL-021: RemoteProtocolError → CONNECTION_RESET),4,UNRECONCILED,,
warm-enchanting-grove.md,TC-LGT-006-02,1717,"- TC-LGT-006-02  (REL-022: PoolTimeout → POOL_TIMEOUT, retried, exhausted)",4,UNRECONCILED,,
warm-enchanting-grove.md,TC-LGT-006-03,1718,- TC-LGT-006-03  (REL-023: MALFORMED_RESPONSE → non-retryable),4,UNRECONCILED,,
warm-enchanting-grove.md,TC-LGT-006-04,1719,- TC-LGT-006-04  (REL-024: KeyboardInterrupt → CANCELLED + GraderPermanentFailure),4,UNRECONCILED,,
warm-enchanting-grove.md,TC-LGT-006-05,1720,- TC-LGT-006-05  (REL-025: GraderCircuitBreaker opens after 5 failures),4,UNRECONCILED,,
warm-enchanting-grove.md,TC-LGT-006-06,1721,- TC-LGT-006-06  (REL-026: Circuit HALF_OPEN → probe success → CLOSED),4,UNRECONCILED,,
warm-enchanting-grove.md,TC-LGT-006-07,1722,"- TC-LGT-006-07  (run all REL-001 to REL-026, confirm all pass)",6,UNRECONCILED,,
warm-enchanting-grove.md,TC-LGT-007-01,2001,- TC-LGT-007-01  (create tools/supervisor/pilots/ dir and pilot_grader.py),4,UNRECONCILED,,
warm-enchanting-grove.md,TC-LGT-007-02,2002,- TC-LGT-007-02  (pilot 1: normal grading),3,UNRECONCILED,,
warm-enchanting-grove.md,TC-LGT-007-03,2003,- TC-LGT-007-03  (pilot 2: SSL read timeout → retry → success),1,UNRECONCILED,,
warm-enchanting-grove.md,TC-LGT-007-04,2004,- TC-LGT-007-04  (pilot 3: 5xx + reset → retry),1,UNRECONCILED,,
warm-enchanting-grove.md,TC-LGT-007-05,2005,- TC-LGT-007-05  (pilot 4: auth failure → no retry),1,UNRECONCILED,,
warm-enchanting-grove.md,TC-LGT-007-06,2006,- TC-LGT-007-06  (pilot 5: circuit breaker opens → fast-fail),1,UNRECONCILED,,
warm-enchanting-grove.md,TC-LGT-007-07,2007,- TC-LGT-007-07  (pilot 6: restart → cache resume idempotency),1,UNRECONCILED,,
warm-enchanting-grove.md,TC-LGT-007-08,2008,"- TC-LGT-007-08  (pilot 7: concurrent calls, shared breaker)",1,UNRECONCILED,,
warm-enchanting-grove.md,TC-LGT-007-09,2009,"- TC-LGT-007-09  (pilot 8: same input rerun → cache hit, 0 LLM calls)",2,UNRECONCILED,,
warm-enchanting-grove.md,TC-LGT-007-10,2010,"- TC-LGT-007-10  (run all pilots, verify all pass)",3,UNRECONCILED,,
warm-enchanting-grove.md,TC-LGT-NNN-NN,2462,child_ids: TC-LGT-NNN-NN (two-digit child suffix),1,UNRECONCILED,,
wild-napping-cherny.md,TC-SFE3-000,45,| TC-SFE3-000 | OPEN |,5,UNRECONCILED,,
wild-napping-cherny.md,TC-ID,43,| TC-ID | Status |,1,UNRECONCILED,,
wild-napping-cherny.md,TC-SFE3-001,46,| TC-SFE3-001 | OPEN |,4,UNRECONCILED,,
wild-napping-cherny.md,TC-SFE3-002,47,| TC-SFE3-002 | OPEN |,6,UNRECONCILED,,
wild-napping-cherny.md,TC-SFE3-003,48,| TC-SFE3-003 | OPEN |,3,UNRECONCILED,,
wild-napping-cherny.md,TC-SFE3-004,49,| TC-SFE3-004 | OPEN |,3,UNRECONCILED,,
wild-napping-cherny.md,TC-SFE3-005,50,| TC-SFE3-005 | OPEN |,4,UNRECONCILED,,
wild-napping-cherny.md,TC-SFE3-006,51,| TC-SFE3-006 | OPEN |,3,UNRECONCILED,,
wild-napping-cherny.md,TC-SFE3-007,52,| TC-SFE3-007 | OPEN |,4,UNRECONCILED,,
wild-napping-cherny.md,TC-SFE3-008,53,| TC-SFE3-008 | OPEN |,4,UNRECONCILED,,
